CRN,TRAILER_PARTIAL_VIN,TRL_SEQ_NUM,TRL_VEH_REG_STATE,TRL_VEH_TAG_NUM,TRL_VEH_TAG_YR,TRL_VEH_TYPE_CD,UNIT_NUM
2005003034,,0,IA,RY9941,2005,7.0,1
2005009365,,0,,,,1.0,1
2005037450,,0,NY,903Q36,,7.0,1
2005037450,,0,NY,75O4B5,,7.0,2
2005038479,,0,,,,7.0,1
2005042122,,0,,QW1E,,7.0,2
2005042159,,0,,,,,2
2005043981,,0,,W,,,1
2005046114,,0,NJ,T95T8Z,2000,3.0,2
2005055058,,0,,MW,,,2
2005055667,,0,,,,,1
2005057537,,0,,A28650,,7.0,1
2005057538,,0,ME,0789393,,7.0,1
2005059993,,0,PU,T6S7PH,,6.0,1
2005060737,,0,,,,,1
2005060772,,0,,,,,1
2005060823,,0,,,,,1
2005061110,,0,,,,1.0,1
2005061115,,0,,,,,1
2005061457,,0,,,,,1
2005061466,,0,,,,,1
2005061466,,0,,,,,2
2005061486,,0,,B,,,1
2005061586,,0,,,,,1
2005061608,,0,,,,,1
2005061608,,0,,,,,2
2005061609,,0,,,,,2
2005061615,,0,,JPUU,,9.0,2
2005061631,,0,,,,,1
2005061854,,0,,J,,,1
2005061870,,0,E,,,,1
2005061888,,0,,,,,1
2005061888,,0,,,,,2
2005061906,,0,,,,,2
2005062052,,0,,,,,2
2005062064,,0,,,,,1
2005062079,,0,,,,,1
2005062172,,0,,I,,,2
2005062439,,0,,,,,2
2005062514,,0,,,,,2
2005062566,,0,,,,,1
2005062584,,0,,,,,2
2005062712,,0,,,,,2
2005062715,,0,,HB,,,2
2005063334,,0,,,,,1
2005063510,,0,,,,,2
2005063762,,0,,,,,1
2005064056,,0,,,,,2
2005064119,,0,,,,,1
2005064287,,0,,,,,4
2005064287,,0,,,,,6
2005064532,,0,X,T11G9,,6.0,1
2005064547,,0,,ZB62,,6.0,2
2005064628,,0,,,,,2
2005064629,,0,,,,,2
2005064632,,0,,,,,2
2005064648,,0,,,,,1
2005064659,,0,,,,,2
2005064663,,0,,,,,2
2005064665,,0,,,,,2
2005064668,,0,FL,,2001,7.0,2
2005064726,,0,A,,,,2
2005064806,,0,,J,,,1
2005064806,,0,,I,,,2
2005064874,,0,,,,,2
2005064902,,0,,,,,1
2005064909,,0,,XS726I,,3.0,1
2005064937,,0,,,,,1
2005064937,,0,,,,,2
2005064948,,0,,,,,1
2005064949,,0,,,,,2
2005065218,,0,,,,,1
2005065218,,0,AL,Q6K04,2006,6.0,2
2005065220,,0,,,,,1
2005065221,,0,,,,,2
2005065254,,0,O,6,,,2
2005065531,,0,TX,884372,2005,7.0,2
2005065543,,0,,,,,2
2005065571,,0,,I68,,6.0,2
2005065612,,0,,1,,,2
2005065616,,0,,,,,1
2005065616,,0,,,,,2
2005065616,,0,,,,,4
2005065629,,0,,,,,1
2005065629,,0,,,,,2
2005065747,,0,,,,,1
2005065748,,0,,,,,1
2005065748,,0,,,,,2
2005065793,,0,PA,FET7235A,,7.0,5
2005065819,,0,,1J,,,1
2005065819,,0,,1,,,2
2005065890,,0,,I,,,1
2005065902,,0,,I,,,1
2005065903,,0,B,,,,2
2005066051,,0,,,,,1
2005066053,,0,,,,,1
2005066155,,0,,,,,1
2005066155,,0,,,,,2
2005066155,,0,,,,,3
2005066241,,0,I,I,,,2
2005066243,,0,,,,,1
2005066243,,0,,,,,2
2005066244,,0,,,,,1
2005066254,,0,I,,,,2
2005066447,,0,,Y,,,1
2005066515,,0,,,,,1
2005066515,,0,,,,,2
2005066543,,0,,,,,1
2005066706,,0,,1,,,2
2005066713,,0,,U,,,2
2005066734,,0,,,,,1
2005066744,,0,BB,4I,,,1
2005066744,,0,Z,,,,2
2005067010,,0,B,,,,1
2005067011,,0,,1,,,2
2005067382,,0,,T,,,1
2005067582,,0,,,,,1
2005067583,,0,,,,,1
2005067654,,0,PA,XR931Y,2005,6.0,2
2005067675,,0,,,,,2
2005067733,,0,,I,,,1
2005067733,,0,,UI,,,2
2005067749,,0,ME,0866351,2005,6.0,2
2005067785,,0,,,,,1
2005067866,,0,,,,,1
2005068025,,0,,,,,2
2005069637,,0,,,,,1
2005069751,,0,PA,PT1677G,1999,7.0,1
2005070742,,0,,,,,1
2005070969,,0,ME,09Z3872,,7.0,1
2005071139,,0,,J,,,2
2005071488,,0,,,,8.0,2
2005071565,,0,H,,,,1
2005071625,,0,VA,491405,2005,7.0,2
2005071889,,0,MB,,,,2
2005071912,,0,RB,,,,1
2005072699,,0,ZZ,000INV,,7.0,2
2005072757,,0,PA,XKBROI,,7.0,2
2005072788,,0,ME,1712077,2005,7.0,2
2005073805,,0,IL,135338,9999,7.0,1
2005073985,,0,NE,89169,9999,7.0,1
2005074016,,0,NJ,T20P65,,7.0,2
2005074021,,0,AB,Y866M,,6.0,2
2005074083,,0,CA,TEMPORARY,2005,7.0,1
2005074109,,0,ZZ,87186MG,9999,6.0,2
2005076013,,0,ME,0U3A,,6.0,1
2005076019,,0,,,,7.0,1
2005077602,,0,,1,,,2
2005077817,,0,I,,,,2
2005077821,,0,,1,,,1
2005078098,,0,,,,,1
2005078606,,0,W,,,,1
2005078857,,0,,T,,,1
2005078858,,0,,1G1,,,2
2005079023,,0,,610062P002N2,,,2
2005079196,,0,,,,,1
2005079336,,0,,,,1.0,1
2005079341,,0,ZZ,UNKNOWN,9999,7.0,1
2005079536,,0,IU,PSO423,,6.0,2
2005079579,,0,,XE23H,,7.0,2
2005079886,,0,,1,,,2
2005081129,,0,,,,,2
2005081199,,0,,I,,,1
2005081679,,0,NJ,TAF9771,2005,,2
2005083619,,0,,5ILRG,,7.0,2
2005083735,,0,,,,,1
2005083735,,0,,M,,,2
2005085026,,0,,,,,1
2005085038,,0,J,,,,1
2005085411,,0,,,,,1
2005085411,,0,BG,T00,759,,3
2005087540,,0,,,,,1
2005087540,,0,,,,,2
2005087542,,0,,,,,2
2005087769,,0,,,,7.0,1
2005087817,,0,PA,XZH4S8,,6.0,2
2005087925,,0,OH,RM5367,,7.0,1
2005087937,,0,NJ,71V7L,,7.0,2
2005088062,,0,MN,90Z8OS,,7.0,1
2005088063,,0,,,,7.0,1
2005088133,,0,ON,A57I5C,2005,7.0,1
2005088187,,0,KY,6187IT,2005,7.0,2
2005088399,,0,PA,XA28Q,,3.0,2
2005088400,,0,FL,65IT04,,7.0,1
2005088408,,0,PA,18I3859,,7.0,2
2005088955,,0,I,11I1,,1.0,1
2005088963,,0,I,111,,,1
2005089543,,0,PA,XL3Z59,,3.0,1
2005089852,,0,,,,7.0,1
2005089874,,0,,TA4773,,6.0,1
2005089876,,0,PA,XM42848,2005,7.0,1
2005090177,,0,,1,,,1
2005090177,,0,,1,,,2
2005090178,,0,M,W,,,2
2005091189,,0,,,,,2
2005091204,,0,,,,,2
2005092124,,0,Y,111,,1.0,1
2005092124,,0,X,111,,1.0,2
2005092201,,0,NJ,0792G,,9.0,2
2005092936,,0,,,,,1
2005092936,,0,,,,,2
2005093343,,0,ME,43G1BB,,7.0,1
2005093916,,0,,,,,1
2005093917,,0,,,,,1
2005093921,,0,,,,,1
2005094068,,0,,2,,,1
2005094070,,0,,,,,1
2005094072,,0,,J,,,1
2005094075,,0,U,1,,,1
2005094125,,0,PA,XY26IB7,,3.0,2
2005094128,,0,,,,,1
2005094130,,0,A,NIAI,,,1
2005094130,,0,M,1NA,,,2
2005095419,,0,,,,6.0,1
2005096266,,0,,,,,1
2005096271,,0,,1,,,1
2005096275,,0,I,ZJ,,,1
2005096275,,0,I,,,,2
2005096303,,0,,,,,1
2005096304,,0,,,,,1
2005096304,,0,,,,,2
2005096308,,0,,,,,2
2005096308,,0,,,,,3
2005096317,,0,,J,,,1
2005096321,,0,,,,,1
2005096321,,0,,,,,2
2005096321,,0,,52,,,4
2005096329,,0,,590555,,7.0,1
2005096341,,0,QB,U,,,2
2005096348,,0,,,,,1
2005096348,,0,,,,,2
2005096357,,0,IJ,,,,1
2005096357,,0,J,,,,2
2005096366,,0,,B,,,1
2005096381,,0,J,,,,1
2005096396,,0,,,,7.0,1
2005096397,,0,,,,,2
2005096398,,0,,,,,1
2005096398,,0,,,,,3
2005096401,,0,,JI,,,2
2005096402,,0,,,,,2
2005096403,,0,,J,,,2
2005096535,,0,I,B,,,1
2005096535,,0,I,Q,,,4
2005096573,,0,,,,,2
2005096575,,0,,,,6.0,1
2005096575,,0,,,,7.0,2
2005096764,,0,JJ,,,,1
2005096846,,0,,11,,,1
2005097012,,0,J,J,,,1
2005097034,,0,,5,,,1
2005097034,,0,,J,,,2
2005097036,,0,,,,,1
2005097176,,0,,UNKWWN,046,7.0,1
2005097223,,0,,,,,2
2005097234,,0,,,,,1
2005097237,,0,,,,,1
2005097255,,0,,,,,1
2005097261,,0,,TQW,,,1
2005097263,,0,,,,,2
2005097268,,0,I,,,,1
2005097311,,0,,I,,,1
2005097328,,0,I,,,,1
2005097494,,0,,1,,,2
2005097813,,0,,,,,1
2005097813,,0,,,,,2
2005097848,,0,,,,,1
2005097848,,0,,,,,2
2005097857,,0,,,,,1
2005097857,,0,,,,,2
2005097859,,0,,,,,1
2005097859,,0,,,,,2
2005097859,,0,,,,,3
2005097892,,0,,TG14ITU,,6.0,1
2005097893,,0,,1R099J,,7.0,1
2005097893,,0,,,,,3
2005097895,,0,,,,,1
2005097896,,0,L,,,,1
2005098021,,0,NJ,T72WV,,7.0,1
2005098248,,0,,,,,2
2005098445,,0,AD,0W04D,,6.0,1
2005098447,,0,,I,,,2
2005098613,,0,TN,769647I,,6.0,1
2005098626,,0,,,,,1
2005098757,,0,,,,8.0,1
2005098794,,0,,M,,,1
2005099321,,0,PA,83786G,,7.0,1
2005099324,,0,R,Q5695,,7.0,2
2005099325,,0,MO,34YF8,,6.0,2
2005099349,,0,,I,,,1
2005099641,,0,,,,,1
2005099645,,0,,1,,,1
2005099645,,0,,E,,,2
2005099761,,0,II,,,,1
2005099773,,0,IL,TN0709,,7.0,2
2005099775,,0,,,,,2
2005099875,,0,,,,,2
2005099901,,0,IL,40694ST,,8.0,1
2005099903,,0,PA,M2183F,,,2
2005099907,,0,,I,,,1
2005099916,,0,,,,8.0,2
2005099924,,0,,,,,2
2005099969,,0,,,,,1
2005099970,,0,OH,TMP68S986,2005,7.0,2
2005100230,,0,,2,,,1
2005100231,,0,,0UWWN,,7.0,1
2005100243,,0,,I,,,2
2005100391,,0,NE,BY,,7.0,1
2005100440,,0,PA,XK84952,2005,8.0,1
2005100730,,0,,,,,1
2005100747,,0,,,,,1
2005100747,,0,,,,,2
2005100749,,0,,,,9.0,2
2005101016,,0,TN,T764632,2205,7.0,2
2005101114,,0,ME,0854619,2000,7.0,1
2005101126,,0,WV,C58071,2005,7.0,3
2005101221,,0,ME,0930046,2001,7.0,2
2005101278,,0,,J,,,1
2005101278,,0,,I,,,2
2005101331,,0,,1J,,,1
2005101332,,0,JY,,,,1
2005101332,,0,JY,,,,2
2005101421,,0,I,,,,1
2005101475,,0,,,,,3
2005101541,,0,,,,3.0,1
2005101677,,0,,,,,2
2005101747,,0,,1,,,1
2005101747,,0,,1,,,2
2005101775,,0,NS,T3YUI2,,7.0,1
2005101941,,0,NJ,T37L7J,008,7.0,3
2005101983,,0,,WW0WN,,7.0,2
2005101998,,0,JY,,,,1
2005101998,,0,JY,,,,2
2005102099,,0,MA,2I20Z16,,2.0,1
2005102118,,0,,,,9.0,2
2005102132,,0,,,,,1
2005102132,,0,,,,,2
2005102136,,0,,C8049S,,6.0,1
2005102157,,0,PA,PT5338D,2005,7.0,1
2005102162,,0,NJ,7S7X7Y,,3.0,1
2005102260,,0,,????????????,,,2
2005102746,,0,,,,,2
2005103139,,0,,,,,2
2005103155,,0,,,,7.0,2
2005103183,,0,IN,PI8B,,6.0,3
2005103200,,0,,03I6Y6,,7.0,1
2005103205,,0,,,,,1
2005103258,,0,P,A,,,1
2005103632,,0,PA,PI4297E,,6.0,1
2005103883,,0,Z,27,,7.0,1
2005103888,,0,PA,XBAWI6,,7.0,2
2005104194,,0,ME,416I78,,7.0,1
2005104194,,0,WV,C1485,,,2
2005104196,,0,,R3Z1F,,7.0,1
2005104196,,0,NJ,TIZW6I,,7.0,2
2005104196,,0,,GOJ1,20,7.0,4
2005104447,,0,,,,,1
2005104447,,0,,,,,2
2005104505,,0,AA,M799U,,7.0,2
2005104595,,0,,,,3.0,1
2005104629,,0,,,,,2
2005104694,,0,,,,,2
2005104759,,0,PA,XY60YU1,,6.0,1
2005104833,,0,ME,2712IVI,,7.0,1
2005104833,,0,NY,A0402B7,,7.0,2
2005104867,,0,,I030B,,7.0,1
2005104874,,0,ME,0T767H,,7.0,2
2005104957,,0,,,,,1
2005104957,,0,,,,,2
2005104996,,0,ME,05Y35A5,,6.0,2
2005105013,,0,M,M4,,,1
2005105014,,0,M,9MQ,,,1
2005105014,,0,,,,,2
2005105206,,0,,B,,,2
2005105648,,0,PA,850YYB,PERM,6.0,1
2005105814,,0,,,,9.0,1
2005105898,,0,O,1,,1.0,1
2005105977,,0,PA,PT7580E,,7.0,2
2005106001,,0,TN,T270M9,,7.0,2
2005106012,,0,PA,PT3052B,2005,7.0,1
2005106029,,0,J,,,,1
2005106029,,0,,IZ,,,2
2005106077,,0,,I,,,1
2005106190,,0,QB,,,,1
2005106211,,0,,I,,,1
2005106216,,0,,I,,,1
2005106230,,0,A,4,,,1
2005106230,,0,,L,,,2
2005106230,,0,,A,,,3
2005106235,,0,,,,,1
2005106249,,0,,Y4889,,1.0,1
2005106253,,0,??,OGM NOO,,,1
2005106278,,0,J,,,,1
2005106336,,0,E,,,,2
2005106337,,0,B,I,,,1
2005106386,,0,PA,JXNBYA,,7.0,1
2005106631,,0,DE,01257,,6.0,1
2005106858,,0,PA,7OUX,,7.0,2
2005107222,,0,,K87A,,4.0,1
2005107226,,0,YW,97AR8,,7.0,2
2005107241,,0,ZA,8P70U6,,6.0,1
2005107250,,0,PA,M68,,6.0,2
2005107384,,0,,,,8.0,1
2005107473,,0,PA,X4027A9,,6.0,1
2005107478,,0,IL,71B3Y7,,7.0,1
2005107524,,0,PA,XBK0783,1999,3.0,1
2005107594,,0,NJ,TMML,,7.0,2
2005107598,,0,ME,IY2Y770,,7.0,2
2005107808,,0,,XRCYSY,,7.0,2
2005107921,,0,PA,PT89B6Q,,7.0,1
2005108017,,0,,I,,,1
2005108018,,0,,1,,,2
2005108022,,0,,J,,,1
2005108022,,0,I,,,,2
2005108451,,0,,I,,,1
2005108546,,0,FL,TCI4376-04,2005,6.0,1
2005108567,,0,,I,,,2
2005108659,,0,BB,,,,2
2005108665,,0,,,,7.0,2
2005108692,,0,TN,T23755,,7.0,2
2005108721,,0,,T746N,,7.0,2
2005108848,,0,,08Q36J,,7.0,2
2005108859,,0,,JI,,,1
2005108871,,0,I,,,,1
2005108871,,0,Y,,,,2
2005108886,,0,,P,,,2
2005108911,,0,J,,,,1
2005108943,,0,,Z,,,1
2005109125,,0,J,,,,1
2005109125,,0,,I,,,2
2005109127,,0,,1,,,1
2005109127,,0,,,,,2
2005109131,,0,I,,,,1
2005109131,,0,IN,S76612,,7.0,2
2005109228,,0,,TQ2,,6.0,2
2005109391,,0,,,,1.0,1
2005109536,,0,SD,758Z3,,7.0,1
2005109706,,0,AZ,0761565,,7.0,2
2005109930,,0,I,1,,,1
2005109930,,0,,1,,,2
2005109930,,0,,1,,,3
2005110084,,0,H,,,,2
2005110084,,0,M,,,,3
2005110135,,0,,I,,,2
2005110138,,0,,Y,,,2
2005110306,,0,,JI,,,1
2005110306,,0,,,,,2
2005110326,,0,PA,XN83884,2006,3.0,1
2005110494,,0,NJ,T53X6R,2006,3.0,4
2005111495,,0,,,,7.0,1
2005111495,,0,,,,7.0,2
2005113322,,0,TN,T292138,1999,7.0,2
2005115853,,0,,,,1.0,1
2005118301,,0,,NONE,,1.0,1
2005118893,,0,,,,,1
2005118896,,0,,,,1.0,1
2005118956,,0,,,,,2
2005118967,,0,,,,,1
2005118967,,0,,,,,2
2005119163,,0,,,,,2
2005119181,,0,,,,,2
2005119186,,0,,,,,3
2005119202,,0,,I,,,1
2005119234,,0,,1,,,1
2005119274,,0,,,,,2
2005119290,,0,,,,,1
2005119290,,0,,,,,2
2005119305,,0,PA,XR11996,2005,3.0,3
2005119543,,0,AR,K754540,2005,6.0,2
2005120011,,0,,U6MUN,,6.0,1
2005120020,,0,PA,XY6AO2,,3.0,3
2005120099,,0,VA,8EM,,7.0,2
2005120180,,0,M,M,,,1
2005120180,,0,M,,,,2
2005120192,,0,,,,,2
2005120208,,0,,,,7.0,2
2005120221,,0,,O956636,,6.0,2
2005120242,,0,PA,MM8,,7.0,2
2005120263,,0,TN,T711O61,,6.0,1
2005120264,,0,NE,10757,,7.0,2
2005120276,,0,PA,FI0593G,,7.0,2
2005120284,,0,JJ,T4803M,,7.0,1
2005120294,,0,IL,775677L2,,7.0,2
2005120312,,0,,,,6.0,3
2005120326,,0,,,,,1
2005120329,,0,M,,,,1
2005120553,,0,,W4M0N,,7.0,1
2005120567,,0,ME,063948G,,7.0,1
2005120583,,0,,UNK1,,7.0,2
2005120602,,0,M,X85S4I3,,7.0,1
2005120609,,0,ME,W536,,7.0,2
2005121099,,0,NJ,TQX9N,,3.0,1
2005121099,,0,,NWE,,1.0,2
2005121148,,0,,PU72S2,,6.0,2
2005121173,,0,WP,A7BIR0,,3.0,2
2005121214,,0,NJ,T99Y2N,2004,7.0,2
2005121652,,0,PA,24545I8,,7.0,2
2005121722,,0,PA,TYO5OI6,,7.0,2
2005121751,,0,PA,4MMG,,7.0,1
2005121752,,0,,UNL,,7.0,1
2005121752,,0,ML,O7I83I,,7.0,2
2005121768,,0,,UN0W2,,7.0,2
2005121780,,0,PA,RG319C,,7.0,2
2005121785,,0,,87ZE,,6.0,3
2005121804,,0,,TI91W,,7.0,1
2005121804,,0,IL,T191402,2005,7.0,2
2005122247,,0,,ZH80G6,,6.0,1
2005122712,,0,PA,PT3729A,05,6.0,2
2005123629,,0,J,1YY5,,,2
2005123651,,0,FL,CI433P,,6.0,2
2005123720,,0,,71V9OY,,3.0,2
2005123814,,0,,CT40970,,7.0,1
2005123818,,0,,453099,,7.0,2
2005123856,,0,RI,I5Y73,,5.0,1
2005123867,,0,??,????????????,,,1
2005123872,,0,,KYM55,,7.0,2
2005123942,,0,NM,T72MS,,7.0,2
2005123959,,0,PA,XR70827,,7.0,1
2005123992,,0,W,8L3G,,7.0,1
2005123994,,0,PA,PTR20,,7.0,2
2005123999,,0,ME,O888M9,,7.0,2
2005124007,,0,,V06,,7.0,1
2005124106,,0,ME,IO4Y6B5Z,,6.0,2
2005124148,,0,,0NW00N,,9.0,1
2005124161,,0,,,,,1
2005124184,,0,,,,6.0,1
2005124189,,0,OK,7I2IEP,,6.0,1
2005124268,,0,PA,XWI2,,7.0,2
2005124460,,0,,PTO1Q2E,,8.0,2
2005124481,,0,PA,FZ788B,,6.0,1
2005124589,,0,HY,M0702,,7.0,1
2005124716,,0,WI,44M,,7.0,2
2005124733,,0,,UNWCW2,,7.0,1
2005124734,,0,PA,P79S96G,,7.0,2
2005124736,,0,,PT989Q,,3.0,1
2005124737,,0,TN,E299B9,,7.0,1
2005124739,,0,,,,7.0,2
2005124799,,0,,????????????,,,1
2005124799,,0,,????????????,,,3
2005125147,,0,,J,,,1
2005125147,,0,I,,,,2
2005125149,,0,,I,,,1
2005125167,,0,,0725Q,,7.0,2
2005125170,,0,,0943G87,,7.0,1
2005125229,,0,TN,10600,,7.0,1
2005125334,,0,,95AS0Z,,6.0,1
2005125335,,0,TL,T0Q362,,7.0,2
2005125366,,0,I,,,,2
2005125371,,0,,PT9978A,,7.0,1
2005125486,,0,,PT30UE,,7.0,1
2005125489,,0,ME,0854D3,,6.0,2
2005125490,,0,,,,,1
2005125491,,0,,J,,,6
2005125491,,0,,B1,,,7
2005125492,,0,,,,,1
2005125492,,0,,,,,2
2005125503,,0,,,,1.0,1
2005125503,,0,,,,1.0,2
2005125507,,0,,,,9.0,1
2005125514,,0,,,,,1
2005125517,,0,ME,683Z3,,6.0,2
2005125530,,0,,,,,2
2005125540,,0,,G,,,2
2005125559,,0,MZ,T05782,,6.0,2
2005125569,,0,,2,,,1
2005125627,,0,,,,,2
2005125705,,0,,BB,,,1
2005125729,,0,I,,,,3
2005125735,,0,,5,,,2
2005125745,,0,OR,HR647S7,,7.0,2
2005125747,,0,PA,WYDB,,6.0,2
2005125751,,0,NB,THT4S9,,7.0,1
2005125767,,0,,,,,2
2005125777,,0,,,,,2
2005125785,,0,,S,,,1
2005125785,,0,G,,,,2
2005125786,,0,,5,,,1
2005125787,,0,,M,,,2
2005125791,,0,,,,,3
2005125794,,0,MI,O5748O,,6.0,2
2005125795,,0,,J,,,1
2005125796,,0,J,,,,1
2005125800,,0,,J,,,1
2005125800,,0,,M,,,2
2005125803,,0,,I,,,2
2005125807,,0,,,,,2
2005125889,,0,PA,P7Z72,,6.0,2
2005125915,,0,,RKY5L35,,7.0,1
2005125965,,0,OK,339Y84,,6.0,1
2005126037,,0,,14Z0Z054Z,,7.0,2
2005126230,,0,PA,XPO845B,,7.0,4
2005126235,,0,VA,73700R,,3.0,1
2005126244,,0,,,,,2
2005126248,,0,,,,,2
2005126518,,0,PA,M079,,7.0,2
2005126520,,0,,I,,,1
2005126521,,0,MO,8HA4JZ,,7.0,1
2005126523,,0,,,,,1
2005126540,,0,TN,T306745,,7.0,3
2005126543,,0,,8YH728,,6.0,1
2005126543,,0,,RT54S,,6.0,2
2005126544,,0,IN,8H17B,,6.0,2
2005126586,,0,,78QI5F,,7.0,2
2005126606,,0,,J,,,1
2005126607,,0,M,,,,1
2005126610,,0,,,,,2
2005126636,,0,I,,,,1
2005126675,,0,,,,,2
2005126676,,0,,,,,2
2005126685,,0,,,,,1
2005126691,,0,,,,,2
2005126692,,0,,,,,2
2005126693,,0,,,,,1
2005126734,,0,,U0R,,7.0,1
2005126801,,0,,,,,1
2005126806,,0,J,,,,1
2005126815,,0,,,,,2
2005126816,,0,NJ,JIW3R,0306,6.0,1
2005126819,,0,MO,832M6,2005,6.0,2
2005126822,,0,,,,,1
2005126823,,0,,,,,2
2005126832,,0,ME,I323501,,7.0,1
2005127280,,0,,,,7.0,2
2005127572,,0,PA,XM-76993,2005,7.0,2
2005127645,,0,PA,XBD7570,2005,6.0,1
2005127687,,0,PA,AI709E,,7.0,2
2005127688,,0,,,,,2
2005127706,,0,PA,FIWU,,7.0,2
2005127711,,0,,,,6.0,2
2005127712,,0,I,,,,1
2005127726,,0,,,,,2
2005127727,,0,MC,2328232,,7.0,1
2005127740,,0,,,,7.0,2
2005127743,,0,OH,TMS286,,7.0,1
2005127746,,0,KI,TG327M,,7.0,2
2005127748,,0,,,,,1
2005127749,,0,OR,7I2B62,,7.0,2
2005127775,,0,,,,,3
2005127776,,0,NJ,T66H6U,,7.0,2
2005127778,,0,PA,N276,,7.0,2
2005127791,,0,G,,,,1
2005127794,,0,NY,AC9HA6,,7.0,1
2005127823,,0,ZZ,999999999999,9999,6.0,2
2005127839,,0,NY,N4974,,7.0,1
2005127846,,0,ME,O5B4912,,7.0,1
2005127846,,0,IL,TIZZB57,,7.0,2
2005127874,,0,NE,60I40,,7.0,1
2005127890,,0,,,,,1
2005127904,,0,,,,,1
2005127905,,0,B,0,,,2
2005127908,,0,,,,,2
2005127910,,0,PA,PT5517G,,6.0,1
2005128420,,0,PA,M9S396,,6.0,2
2005128479,,0,OK,RLR6T,,7.0,2
2005128562,,0,,T4U595,,7.0,1
2005128589,,0,,,,,1
2005128589,,0,,,,,2
2005128635,,0,,,,,1
2005128635,,0,,,,,2
2005128680,,0,,,,7.0,2
2005128685,,0,ME,44I006,,7.0,2
2005128782,,0,,A8294R,,6.0,2
2005128948,,0,IA,TA6SD,,6.0,1
2005128950,,0,PA,T6IM64X,,6.0,1
2005128950,,0,O,XBRJI92,,3.0,2
2005128955,,0,PA,88DD,,7.0,1
2005128960,,0,TN,X52623,,6.0,1
2005128977,,0,,J8SE,,7.0,1
2005128978,,0,,RN7XL3,,7.0,2
2005128979,,0,,PT3498C,,6.0,1
2005128986,,0,,Q,,7.0,1
2005129000,,0,,,,,2
2005129115,,0,A,XL7RA,,7.0,1
2005129145,,0,PA,DT88AB,1999,6.0,2
2005129151,,0,PA,A77YYYY,,6.0,2
2005129158,,0,PA,A8843E,,7.0,1
2005129204,,0,,,,,1
2005129232,,0,PA,PT2Y6F,,6.0,2
2005129346,,0,,,,7.0,3
2005129508,,0,I,1,,,2
2005129522,,0,,,,6.0,1
2005129588,,0,,,,,1
2005129588,,0,,,,,2
2005129596,,0,ME,Z7US9,,7.0,2
2005129611,,0,R,OQ483,,6.0,2
2005129663,,0,,1,,,2
2005129785,,0,ME,087W78,,7.0,1
2005129805,,0,NM,D3640,,3.0,2
2005130094,,0,M,,,,1
2005130097,,0,M,,,,1
2005130100,,0,PA,XL2I34,,7.0,1
2005130129,,0,PA,R0WR,2005,6.0,1
2005130135,,0,,,,7.0,1
2005130350,,0,,I,,,1
2005130350,,0,,0008,,7.0,2
2005130486,,0,,FA064S,,6.0,3
2005130534,,0,,V04L,,3.0,2
2005130710,,0,,72J,0660,,3
2005130717,,0,,,,9.0,1
2005130740,,0,,,,1.0,1
2005130740,,0,,,,1.0,2
2005130750,,0,B,O0,,,3
2005131291,,0,,I,,,1
2005131456,,0,I,I,,,1
2005131730,,0,,,,1.0,1
2005131755,,0,,,,3.0,1
2005131912,,0,??,????????????,,,1
2005131912,,0,??,????????????,,,2
2005132232,,0,PA,XS7U16,2005,3.0,1
2005132232,,0,,,,8.0,3
2005132543,,0,,UN2N0W2,,3.0,1
2005132607,,0,M,0,,,1
2005132608,,0,M,,,,3
2005132619,,0,,,,9.0,1
2005132627,,0,,,,,1
2005132662,,0,P,1,,1.0,1
2005132684,,0,,,,,1
2005133110,,0,,8,,8.0,3
2005133166,,0,PA,8W38,,3.0,1
2005133175,,0,,Y,,,2
2005133234,,0,,,,,1
2005133237,,0,JA,8203456J,,7.0,1
2005133559,,0,,,,7.0,1
2005133559,,0,,,,7.0,2
2005133559,,0,,,,6.0,3
2005133559,,0,,,,6.0,4
2005133559,,0,,,,7.0,6
2005133700,,0,,,,6.0,1
2005133877,,0,PA,XQ0I5,,3.0,2
2005133908,,0,PA,XY70578,,6.0,2
2005134151,,0,PA,XS168B6,,3.0,1
2005134310,,0,I,,,,2
2005134332,,0,EE,0,,,1
2005134412,,0,NI,NIA,012,,3
2005134412,,0,NI,NIA,011,,4
2005134484,,0,,RZ4QI,,7.0,2
2005134488,,0,,,,,2
2005134500,,0,ZZ,UNKNOWN,9999,6.0,1
2005134507,,0,,,,7.0,1
2005134525,,0,,,,,1
2005134563,,0,,I,,,1
2005134565,,0,,,,1.0,1
2005134567,,0,I,,,,2
2005134568,,0,,,,,1
2005134568,,0,I,,,,2
2005134578,,0,,5J,,,1
2005134716,,0,,Y,,,1
2005134726,,0,,,,1.0,2
2005134931,,0,,,,,1
2005134941,,0,,,,,2
2005134945,,0,,,,,2
2005134992,,0,,,,,1
2005135059,,0,,I,,,2
2005135085,,0,MB,5,,,1
2005135091,,0,,,,,1
2005135113,,0,,,,,2
2005135130,,0,,I,,,1
2005135137,,0,,,,,2
2005135157,,0,,I,,,2
2005135164,,0,,TIY05W,,6.0,2
2005135171,,0,TA,85796,,7.0,2
2005135210,,0,OK,I3I0H,,6.0,1
2005135218,,0,PA,PT860ZC,,7.0,3
2005135233,,0,,,,1.0,1
2005135277,,0,,1,,,1
2005135342,,0,,,,,2
2005135371,,0,,J,,,3
2005135416,,0,NJ,7MWS,,7.0,1
2005135416,,0,IN,PG25W,204,7.0,2
2005135417,,0,,I,,,1
2005135451,,0,,,,,1
2005135474,,0,,,,,1
2005136109,,0,,I,,,1
2005136157,,0,,11,,,2
2005136245,,0,PA,XPR417,,3.0,1
2005136246,,0,PA,XM2W,,3.0,1
2005136324,,0,,,,,2
2005136325,,0,,,,,1
2005136325,,0,,,,,2
2005136326,,0,,,,,1
2005136330,,0,,,,,2
2005136357,,0,,,,,1
2005136357,,0,,,,,4
2005136377,,0,,NIA,,,1
2005136398,,0,,,,,1
2005136862,,0,ON,B1344E,,7.0,2
2005136924,,0,,,,,2
2005136929,,0,A,A,,,3
2005136955,,0,,,,1.0,3
2005136955,,0,,,,,6
2005137097,,0,,,,,2
2005137104,,0,,,,7.0,2
2005137117,,0,,,,,1
2005137127,,0,,,,9.0,1
2005137127,,0,,,,9.0,2
2005137136,,0,,,,,1
2005137164,,0,PA,XR53046,2007,3.0,1
2005137420,,0,VA,8270,,6.0,1
2005137494,,0,PA,XUO40,,8.0,2
2005137496,,0,,,,,1
2005137496,,0,,5,,,2
2005137501,,0,,1,,,2
2005137527,,0,,I,,,1
2005137558,,0,,I,,,1
2005137563,,0,??,????????????,,,2
2005137573,,0,,I,,,1
2005137583,,0,I,1,,,2
2005137625,,0,,B,,,1
2005137705,,0,,,,,3
2005137709,,0,,,,,1
2005137712,,0,I,,,,1
2005137714,,0,,I,,,1
2005137715,,0,,I,,,2
2005137719,,0,,1,,,1
2005137721,,0,,I,,,1
2005137721,,0,B,1,,,2
2005137728,,0,,,,,2
2005137733,,0,,B1,,,1
2005137733,,0,,,,,2
2005137774,,0,,J,,,2
2005137797,,0,E,1,,,1
2005137801,,0,PA,89224,,3.0,1
2005137815,,0,I,,,,1
2005137891,,0,,,,,2
2005138018,,0,,,,,2
2005138028,,0,,JJ,,,1
2005138029,,0,,,,,1
2005138029,,0,,,,,3
2005138030,,0,,,,,2
2005138032,,0,,,,,1
2005138033,,0,,,,,1
2005138033,,0,,,,,2
2005138034,,0,,T,,,1
2005138041,,0,,9,,,2
2005138047,,0,,,,9.0,1
2005138049,,0,,J,,,2
2005138050,,0,I,B,,,2
2005138051,,0,,,,,1
2005138053,,0,I,B,,,1
2005138053,,0,I,,,,2
2005138076,,0,,1,,,1
2005138093,,0,??,????????????,,,1
2005138131,,0,,I,,,2
2005138136,,0,,,,,1
2005138137,,0,,,,,1
2005138137,,0,,,,,2
2005138144,,0,,,,,1
2005138144,,0,,II,,,2
2005138145,,0,,1,,,1
2005138148,,0,,P99B,,6.0,2
2005138153,,0,I,5,,,1
2005138159,,0,,,,,1
2005138162,,0,,,,,3
2005138217,,0,,,,,1
2005138217,,0,,II,,,2
2005138233,,0,,,,,1
2005138233,,0,,,,,2
2005138235,,0,,J,,,2
2005138237,,0,,,,,1
2005138237,,0,,,,,2
2005138252,,0,,,,,1
2005138252,,0,,,,,2
2005138255,,0,,,,,1
2005138270,,0,,J,,,2
2005138291,,0,,,,,1
2005138294,,0,II,B,,,2
2005138328,,0,,,,,2
2005138364,,0,,1VNKI,,6.0,1
2005138364,,0,JI,II,,,2
2005138428,,0,,,,,1
2005138428,,0,I,,,,2
2005138436,,0,PA,XEQ6,,3.0,1
2005138608,,0,MO,99J364,,7.0,2
2005138730,,0,,1,,,2
2005138784,,0,J,,,,1
2005138881,,0,??,????????????,,,1
2005138889,,0,,I,,,2
2005138936,,0,,1,,,1
2005138936,,0,,J,,,2
2005138937,,0,,I,,1.0,1
2005138937,,0,I,J,,1.0,2
2005138937,,0,,,,7.0,3
2005138944,,0,,I,,,1
2005138946,,0,NM,D4H1U,,7.0,1
2005138947,,0,,WB6,,7.0,1
2005138977,,0,YX,JHIZ7L,,3.0,1
2005138980,,0,ZZ,LNKMWN,,7.0,2
2005138982,,0,,45M7W,,7.0,1
2005138982,,0,,QQI6,,8.0,2
2005138985,,0,,I,,,1
2005138993,,0,W,T39KIS,,7.0,1
2005139045,,0,M,GMW,,,1
2005139045,,0,W,WMW,,,2
2005139045,,0,M,WAW,,,3
2005139073,,0,,,,9.0,3
2005139074,,0,PA,X003I,,7.0,1
2005139087,,0,,,,,2
2005139091,,0,,,,,1
2005139092,,0,,8WID,,7.0,1
2005139099,,0,,,,,1
2005139099,,0,PA,AEY28Y,,7.0,2
2005139101,,0,RE,0672757,,7.0,2
2005139135,,0,,,,,1
2005139135,,0,,,,,2
2005139188,,0,EB,B,,,2
2005139194,,0,,,,,3
2005139209,,0,,IJ,,,2
2005139210,,0,JP,I,,,1
2005139210,,0,,,,,2
2005139211,,0,J,,,,1
2005139211,,0,J,5,,,2
2005139244,,0,,5,,,1
2005139252,,0,,,,,2
2005139255,,0,,0IA,,,1
2005139255,,0,,,,,2
2005139256,,0,,,,,1
2005139257,,0,,,,,1
2005139257,,0,,,,,2
2005139257,,0,,J,,,3
2005139260,,0,Y,E,,,1
2005139260,,0,I,,,,2
2005139264,,0,,,,,2
2005139265,,0,,,,,2
2005139266,,0,,,,,2
2005139272,,0,,,,,1
2005139272,,0,,,,,2
2005139275,,0,,,,,1
2005139277,,0,,I,,,2
2005139278,,0,,,,,2
2005139281,,0,,,,,2
2005139282,,0,,,,,1
2005139370,,0,,I,,,2
2005139372,,0,,I,,,2
2005139507,,0,,I,,,2
2005139512,,0,,W,,,1
2005139529,,0,B,,,,1
2005139667,,0,I,T,,,2
2005139679,,0,J,,,7.0,1
2005139680,,0,,,,3.0,1
2005139682,,0,,,,,1
2005139682,,0,I,,,,2
2005139718,,0,J,,,,1
2005139721,,0,I,,,,3
2005139721,,0,,11,,,4
2005139725,,0,J,,,,2
2005139725,,0,I,,,,4
2005139733,,0,,,,,2
2005139734,,0,,BB,,,1
2005139735,,0,,RB,,,1
2005139735,,0,,,,,2
2005139737,,0,,,,,2
2005139738,,0,,,,,2
2005139738,,0,,,,,3
2005139739,,0,,IB,,,1
2005139739,,0,II,Y,,,2
2005139794,,0,I,,,,2
2005139798,,0,I,,,,1
2005139801,,0,PA,XBM987I,,3.0,1
2005139811,,0,,1,,,1
2005139821,,0,I,1,,,1
2005139822,,0,,1,,,2
2005139823,,0,I,I,,,1
2005139826,,0,,,,,2
2005139827,,0,,,,,2
2005139832,,0,I,S,,8.0,1
2005139832,,0,I,,,8.0,2
2005139833,,0,,J,,8.0,1
2005139833,,0,,,,,2
2005139835,,0,,,,,2
2005139842,,0,,,,,2
2005139849,,0,,,,,1
2005139849,,0,,,,,2
2005139933,,0,PA,PT4431B,05,6.0,3
2005140023,,0,PA,XS18UX,,3.0,2
2005140026,,0,PA,7A008G,,3.0,2
2005140122,,0,??,????????????,,,2
2005140130,,0,I,8,,,1
2005140271,,0,Y,111,,1.0,1
2005140364,,0,PA,PT0367F,99,7.0,2
2005140495,,0,,5OY9OHL,,3.0,2
2005140507,,0,,,,,2
2005140600,,0,??,????????????,,,1
2005140601,,0,??,????????????,,,1
2005140605,,0,J,II,,,1
2005140605,,0,,I8,,,2
2005140982,,0,I,J,,,1
2005141023,,0,J,I,,,2
2005141025,,0,??,????????????,,,1
2005141026,,0,??,????????????,,,2
2005141027,,0,??,????????????,,,1
2005141029,,0,??,????????????,,,1
2005141030,,0,??,????????????,,,1
2005141031,,0,??,????????????,,,1
2005141031,,0,??,????????????,,,2
2005141032,,0,??,????????????,,,1
2005141039,,0,,II,,,2
2005141047,,0,,I1,,,1
2005141050,,0,,1,,,1
2005141050,,0,,,,,2
2005141060,,0,,,,,3
2005141061,,0,,,,,1
2005141061,,0,,,,,2
2005141075,,0,,U,,,1
2005141078,,0,,,,,1
2005141100,,0,,5,,,2
2005141112,,0,J,,,,1
2005141160,,0,,,,,1
2005141173,,0,PA,XNGIYK,,3.0,3
2005141201,,0,PA,XZ36749,,3.0,1
2005141218,,0,??,????????????,,,1
2005141218,,0,??,????????????,,,2
2005141234,,0,,,,,1
2005141234,,0,I,I,,,2
2005141345,,0,,84S7I76,,3.0,1
2005141349,,0,,XV0GI,,3.0,1
2005141491,,0,??,????????????,,,1
2005141491,,0,??,????????????,,,2
2005141689,,0,J,K8J6,,1.0,1
2005141692,,0,NY,AH46Y9,,7.0,2
2005141783,,0,,,,8.0,1
2005142067,,0,,,,,1
2005142067,,0,,,,,2
2005142078,,0,T,J,,,1
2005142236,,0,,,,,1
2005142237,,0,,,,,1
2005142237,,0,,,,,2
2005142244,,0,,,,,2
2005142248,,0,,,,,2
2005142258,,0,,,,,1
2005142259,,0,,,,,2
2005142263,,0,,,,,2
2005142278,,0,,,,,1
2005142278,,0,,,,,2
2005142285,,0,,,,,1
2005142285,,0,,,,,2
2005142890,,0,,E0539K,,8.0,1
2005142890,,0,,,,,2
2005142892,,0,,,,,2
2005142978,,0,NI,N1A,,,2
2005143005,,0,,Z0041TST,,6.0,2
2005143071,,0,,,,,2
2005143429,,0,,1,,,1
2005143492,,0,??,????????????,,,1
2005143703,,0,,1,,,2
2005143838,,0,W,,,,1
2005143838,,0,W,,,,2
2005144213,,0,,NIA,,1.0,1
2005144584,,0,,I,,,2
2005144585,,0,??,????????????,,,1
2005144588,,0,??,????????????,,,1
2005144886,,0,NJ,75294,,3.0,1
2005144906,,0,,A,,,2
2005144906,,0,,9,,,3
2005144907,,0,P,4,,,1
2005144907,,0,G,A,,,2
2005144968,,0,??,????????????,,,1
2005145072,,0,,,,,2
2005145084,,0,,,,,1
2005145087,,0,,,,9.0,2
2005145113,,0,,,,,2
2005145113,,0,,,,,4
2005145217,,0,B,I,,,1
2005145220,,0,,,,,1
2005145220,,0,,J,,,2
2005145221,,0,I,JE,,,1
2005145221,,0,,GYM54,,3.0,2
2005145327,,0,,XB4309,,3.0,1
2005145331,,0,??,????????????,,,1
2005145331,,0,??,????????????,,,2
2005145345,,0,I,,,,1
2005145446,,0,,1,,,1
2005145579,,0,,,,,2
2005145585,,0,,,,,1
2005145594,,0,,,,,2
2005145681,,0,,,,,2
2005145694,,0,,I,,,1
2005145694,,0,,1,,,2
2005145848,,0,,,,,2
2005145862,,0,,,,,1
2005145985,,0,ME,I64U00B,,6.0,2
2005146031,,0,,,,,1
2005146035,,0,,,,,1
2005146035,,0,,,,,2
2005146068,,0,,,,,2
2005146068,,0,,,,,3
2005146071,,0,,,,1.0,1
2005146072,,0,,,,1.0,1
2005146078,,0,,,,,1
2005146099,,0,,,,,1
2005146099,,0,,,,,3
2005146122,,0,,,,9.0,2
2005146191,,0,,,,,2
2005146192,,0,,????????????,,,2
2005146196,,0,,,,,1
2005146208,,0,,PI0W,,1.0,2
2005146218,,0,,,,,1
2005146218,,0,,,,,2
2005146258,,0,PA,8W98S,,3.0,1
2005146278,,0,,XZ49069,,3.0,1
2005146280,,0,,B,,,1
2005146280,,0,B,70O,,,5
2005146376,,0,,,,,2
2005146612,,0,,,,,1
2005146612,,0,,,,,2
2005146647,,0,,,,,2
2005146653,,0,,0A1,,,2
2005146908,,0,,,,,2
2005147115,,0,PA,807I6R,,3.0,2
2005147139,,0,,,,7.0,1
2005147143,,0,,4,,,2
2005147155,,0,,,,,1
2005147186,,0,,,,,1
2005147186,,0,,,,,2
2005147188,,0,,,,,1
2005147204,,0,,,,,1
2005147215,,0,,,,,1
2005147226,,0,,,,,2
2005147228,,0,,J,,,1
2005147228,,0,,1,,,2
2005147238,,0,,,,,2
2005147278,,0,MA,0752675,2005,7.0,1
2005147281,,0,JJ,,,,1
2005147286,,0,,,,,2
2005147287,,0,J,J,,9.0,1
2005147294,,0,,,,,2
2005147300,,0,O,G,,,2
2005147302,,0,B,W,,,1
2005147302,,0,Q,1,,,2
2005147390,,0,,,,,1
2005147390,,0,,,,,2
2005147415,,0,,,,,2
2005147433,,0,,,,,1
2005147438,,0,PA,XBCO569,,3.0,1
2005147445,,0,BB,,,,1
2005147445,,0,J,J,,,2
2005148132,,0,,,,9.0,1
2005148132,,0,,,,,2
2005148210,,0,,,,1.0,1
2005148210,,0,,,,1.0,2
2005148219,,0,P,I,,,2
2005148227,,0,,,,,1
2005148227,,0,,,,,2
2005148344,,0,H,P,,,1
2005148478,,0,PA,XZB28Z,,3.0,2
2005148638,,0,,B,,,2
2005148689,,0,,,,,3
2005148813,,0,M,G8AUG,,3.0,1
2005148905,,0,,,,,1
2005148905,,0,,,,,2
2005149172,,0,PA,XVWI0,,7.0,1
2005149178,,0,W,B1,,,2
2005149288,,0,II,,,,2
2005149291,,0,PA,Y1198S,,6.0,1
2005149343,,0,I,,,,1
2005149390,,0,,,,,1
2005149412,,0,,1,,,1
2005149412,,0,,1,,,2
2005149428,,0,,M,,8.0,2
2005149432,,0,,,,8.0,2
2005149460,,0,,15AT1L,,7.0,2
2005149502,,0,PA,XP5A967S,,3.0,2
2005149510,,0,I,,,,1
2005149514,,0,PA,PA87156,2005,8.0,2
2005149619,,0,,1,,,1
2005149637,,0,TF,86782Z,,6.0,1
2005149738,,0,,J,,,2
2005149755,,0,,J,,,2
2005149772,,0,,I,,,1
2005149786,,0,,,,,2
2005149791,,0,,J,,,1
2005149805,,0,I,,,,2
2005149823,,0,,,,,1
2005149823,,0,,,,,2
2005149827,,0,,JJ,,,1
2005149827,,0,B,700J,200,,3
2005149830,,0,,1,,,1
2005149835,,0,,,,,2
2005149842,,0,,,,,1
2005149855,,0,,,,,1
2005149859,,0,,1,,,1
2005149879,,0,,,,,1
2005149879,,0,,,,,4
2005149884,,0,,,,,1
2005149884,,0,,,,,2
2005149898,,0,ME,M8W,,7.0,1
2005149969,,0,,,,,2
2005149990,,0,,,,,2
2005150001,,0,,,,,1
2005150013,,0,,,,,1
2005150039,,0,PA,XBG017O,,8.0,2
2005150045,,0,PA,851M30G,,6.0,1
2005150053,,0,,,,,2
2005150118,,0,,,,,2
2005150123,,0,,,,,1
2005150124,,0,,,,,1
2005150341,,0,,5,,,1
2005150646,,0,MB,JJ,,,2
2005150730,,0,,,,,1
2005150730,,0,,,,,2
2005150743,,0,,,,,1
2005150748,,0,,5,,,1
2005150759,,0,,,,,1
2005150759,,0,,,,,2
2005150761,,0,,,,,1
2005150761,,0,,,,,2
2005150781,,0,DE,TG0B6Z,,3.0,1
2005150848,,0,PA,XK70333,2006,7.0,1
2005151068,,0,,783076,,7.0,1
2005151074,,0,M,9T782M,,6.0,1
2005151113,,0,,,,,1
2005151113,,0,,,,,2
2005151170,,0,,,,,2
2005151184,,0,,1,,,1
2005151184,,0,,1,,,2
2005151197,,0,,,,9.0,2
2005151199,,0,,,,,1
2005151203,,0,,,,,2
2005151204,,0,,1,,,1
2005151204,,0,J,5,,,2
2005151207,,0,,,,,2
2005151246,,0,,1,,,1
2005151276,,0,NJ,HI17TIL,,7.0,2
2005151288,,0,,,,,2
2005151289,,0,,J,,,2
2005151289,,0,I,,,,3
2005151296,,0,,1,,,1
2005151296,,0,,5,,,2
2005151309,,0,I,,,,1
2005151331,,0,PA,MIA8G,,3.0,2
2005151333,,0,,,,,4
2005151351,,0,,,,,2
2005151358,,0,,,,,1
2005151358,,0,,,,,2
2005151418,,0,A,X0996Z,,6.0,2
2005151440,,0,,,,8.0,2
2005151443,,0,,1,,,1
2005151470,,0,ME,IRI04,,6.0,1
2005151532,,0,,MQMA,,7.0,1
2005151532,,0,ME,QQ4AE,,7.0,2
2005151651,,0,,B,,,2
2005151737,,0,??,????????????,,,1
2005151835,,0,??,????????????,,9.0,1
2005151837,,0,??,????????????,,,1
2005151837,,0,??,????????????,,,2
2005151838,,0,I,,,,1
2005151865,,0,,,,,1
2005151874,,0,,,,,1
2005151874,,0,,,,,3
2005151874,,0,,,,,4
2005151875,,0,,,,,2
2005151878,,0,,,,,2
2005151939,,0,,1,,,1
2005152047,,0,ID,Q4558,,3.0,1
2005152076,,0,,,,,2
2005152083,,0,,1,,,1
2005152471,,0,,,,8.0,2
2005152556,,0,J,1,,,2
2005152696,,0,,I,,,2
2005152696,,0,,,,6.0,3
2005152720,,0,,TJ,,,1
2005152722,,0,,5,,,1
2005152738,,0,,J,,,2
2005152749,,0,,K1483D,,7.0,3
2005152935,,0,Y,1,,,2
2005153023,,0,PA,XM8728,,3.0,2
2005153087,,0,,,,,2
2005153098,,0,,I,,,2
2005153143,,0,I,1X1,,1.0,1
2005153163,,0,,I,,,1
2005153163,,0,,,,,2
2005153165,,0,,,,,2
2005153166,,0,,,,,2
2005153167,,0,,W5,,,2
2005153186,,0,,J,,,1
2005153212,,0,??,????????????,,,1
2005153218,,0,??,????????????,,,3
2005153352,,0,,5,,,1
2005153353,,0,,J,,,1
2005153395,,0,J,J,,,3
2005153411,,0,I,,,,1
2005153427,,0,,1,,,3
2005153572,,0,ME,0850969,2005,6.0,1
2005153581,,0,E,II,,,1
2005153600,,0,,I,,,2
2005153627,,0,,,,,1
2005153628,,0,,,,,1
2005153628,,0,,,,,2
2005153629,,0,,,,,1
2005153631,,0,,,,,3
2005153675,,0,,I,,,1
2005153675,,0,,55,,,2
2005153675,,0,I,,,,3
2005153720,,0,I,,,,1
2005153775,,0,,,,,1
2005153828,,0,II,,,,1
2005153829,,0,PA,1LNY9ZS,,3.0,1
2005153829,,0,IL,6MD9,,7.0,2
2005153936,,0,T,J,,,2
2005153959,,0,,J1,,,1
2005153959,,0,,J,,,2
2005153999,,0,I,I,,,1
2005154002,,0,,ZI,,,1
2005154002,,0,Z,J,,,2
2005154003,,0,,J,,,2
2005154038,,0,I,Y,,,1
2005154135,,0,,,,,1
2005154193,,0,??,????????????,,,2
2005154194,,0,??,????????????,,,1
2005154215,,0,??,????????????,,,1
2005154215,,0,??,????????????,,,2
2005154257,,0,,1,,,1
2005154258,,0,,5,,,2
2005154301,,0,,NIA,,8.0,2
2005154324,,0,,J,,,1
2005154327,,0,BQ,JB,,,1
2005154327,,0,,,,,2
2005154330,,0,??,????????????,,,2
2005154348,,0,I,,,,1
2005154348,,0,,I,,,2
2005154449,,0,,0745ITY,,7.0,2
2005154458,,0,,XBG08I,,8.0,2
2005154478,,0,PA,XTH49A,,3.0,2
2005154480,,0,??,????????????,,,1
2005154574,,0,PA,XL9V,,3.0,1
2005154574,,0,PA,M266,66,7.0,3
2005154617,,0,TN,W1I193,,7.0,2
2005154669,,0,NJ,T2SXW,,6.0,2
2005154718,,0,,V30B2,,6.0,2
2005154863,,0,HY,AE6787Y,,7.0,1
2005154974,,0,,,,1.0,1
2005155023,,0,,,,3.0,2
2005155193,,0,CO,I282CT,,3.0,2
2005155407,,0,PA,FBL1514,2006,1.0,1
2005155446,,0,??,????????????,,,1
2005155489,,0,,????????????,,,1
2005155489,,0,,????????????,,7.0,2
2005155685,,0,,????????????,,,1
2005155689,,0,??,????????????,,,1
2005155696,,0,,1,,,1
2005155696,,0,Y,,,,2
2005155703,,0,??,????????????,,,2
2005155718,,0,??,????????????,,,1
2005155718,,0,??,????????????,,,2
2005155750,,0,??,????????????,,,2
2005155894,,0,PA,QF829I,,3.0,1
2005155908,,0,??,????????????,,,1
2005155908,,0,??,????????????,,,2
2005155986,,0,??,????????????,,,2
2005156011,,0,??,????????????,,,1
2005156012,,0,,,,,2
2005156026,,0,PA,XWYZZM,1200,3.0,3
2005156152,,0,??,????????????,,,1
2005156152,,0,,????????????,,,4
2005156209,,0,,,,3.0,3
2005156339,,0,ME,29 3624Z,2006,7.0,1
2005156555,,0,,4HB07Z5,,6.0,1
2005156559,,0,I,,,,1
2005156639,,0,,,,,2
2005156730,,0,,,,,2
2005156748,,0,??,????????????,,6.0,1
2005156770,,0,,,,,1
2005156771,,0,??,????????????,,,1
2005156787,,0,??,????????????,,,1
2005156789,,0,IL,T34I994,,7.0,1
2005156801,,0,,????????????,,,1
2005156801,,0,,,,,2
2005156802,,0,,,,7.0,2
2005156814,,0,??,????????????,,,1
2005156814,,0,??,????????????,,,3
2005156819,,0,??,????????????,,6.0,1
2005156819,,0,??,????????????,,,2
2005156820,,0,??,????????????,,7.0,1
2005156821,,0,,????????????,,7.0,1
2005156822,,0,??,????????????,,,1
2005156827,,0,??,????????????,,7.0,2
2005156828,,0,??,????????????,,,1
2005156828,,0,??,????????????,,,2
2005156836,,0,??,????????????,,,3
2005156844,,0,??,????????????,,,2
2005156844,,0,??,????????????,,,3
2005156861,,0,,,,,1
2005156861,,0,??,????????????,,,2
2005156875,,0,??,????????????,,,1
2005156876,,0,,9B,,,2
2005156886,,0,??,????????????,,,1
2005156901,,0,??,????????????,,,1
2005156902,,0,??,????????????,,,1
2005156924,,0,??,????????????,,,1
2005156924,,0,NJ,,,7.0,2
2005156944,,0,??,????????????,,,1
2005156944,,0,,????????????,,7.0,2
2005156948,,0,,,,6.0,2
2005156951,,0,ME,1135952,2005,7.0,1
2005156993,,0,,,,,1
2005156993,,0,??,????????????,,,2
2005157000,,0,??,????????????,,,1
2005157000,,0,??,????????????,,,2
2005157000,,0,??,????????????,,,3
2005157001,,0,??,????????????,,,1
2005157001,,0,??,????????????,,,2
2005157011,,0,,J5023B,,1.0,1
2005157024,,0,,,,7.0,2
2005157048,,0,??,????????????,,,1
2005157049,,0,??,????????????,,,1
2005157050,,0,??,????????????,,,1
2005157050,,0,??,????????????,,,2
2005157052,,0,,????????????,,6.0,1
2005157053,,0,??,????????????,,,1
2005157053,,0,,????????????,,7.0,2
2005157057,,0,??,????????????,,,1
2005157057,,0,??,????????????,,7.0,2
2005157066,,0,PA,8H3ZS,,6.0,3
2005157072,,0,??,????????????,,,1
2005157072,,0,??,????????????,,,2
2005157072,,0,,????????????,,,3
2005157076,,0,,,,,2
2005157077,,0,,RS2SP,,1.0,2
2005157082,,0,,,,,1
2005157090,,0,??,????????????,,,2
2005157128,,0,??,????????????,,,1
2005157149,,0,PA,SISIM,,3.0,1
2005157235,,0,??,????????????,,,1
2005157235,,0,??,????????????,,,3
2005157249,,0,??,????????????,,,2
2005157251,,0,ON,N57057,,6.0,1
2005157251,,0,??,????????????,,,2
2005157251,,0,??,????????????,,,3
2005157251,,0,??,????????????,,,4
2005157251,,0,??,????????????,,,5
2005157301,,0,??,????????????,,,1
2005157301,,0,??,????????????,,,2
2005157301,,0,,UN00W,,6.0,3
2005157492,,0,??,????????????,,,1
2005157493,,0,??,????????????,,,1
2005157493,,0,??,????????????,,,2
2005157494,,0,??,????????????,,,1
2005157494,,0,??,????????????,,,2
2005157499,,0,??,????????????,,6.0,2
2005157514,,0,??,????????????,,,2
2005157515,,0,,,,,2
2005157554,,0,,????????????,,7.0,2
2005157555,,0,,,,,1
2005157555,,0,??,????????????,,,2
2005157565,,0,,????????????,,,1
2005157757,,0,PA,XWI710,,8.0,2
2005157758,,0,,,,7.0,1
2005157764,,0,CA,YA80,,7.0,1
2005157765,,0,J,826W,,7.0,2
2005157922,,0,PA,XS59136,2005,3.0,2
2005157946,,0,,????????????,,7.0,1
2005158146,,0,R,86214,,7.0,1
2005158154,,0,VA,417186,2005,7.0,2
2005158166,,0,NV,44470,2005,7.0,1
2005158262,,0,ZZ,0NWW,,7.0,1
2005158263,,0,NH,TC69I5,2005,5.0,1
2005158264,,0,ME,0962397,,7.0,2
2005158352,,0,,,,,2
2005158562,,0,??,????????????,,,1
2005158562,,0,??,????????????,,,2
2005158696,,0,PA,XZ40OO6,,3.0,3
2005158909,,0,,1,,,2
2005158922,,0,,,,,2
2005158947,,0,PA,XPI97W,,5.0,1
2005159201,,0,,1,,,1
2005159273,,0,J,,,,1
2005159360,,0,,,,,1
2005159406,,0,RA,XMB88,,3.0,1
2005159425,,0,??,????????????,,,1
2005160052,,0,,I,,,1
2005160124,,0,I,,,,1
2005160309,,0,,,,,1
2005160371,,0,NJ,7LI2S,,6.0,2
2005160411,,0,,????????????,,7.0,1
2005160515,,0,,????????????,,6.0,1
2005160585,,0,??,????????????,,,1
2005160585,,0,??,????????????,,,2
2005160640,,0,I,,,,1
2005160772,,0,,,,,1
2005160849,,0,FL,C1034K,2005,6.0,2
2005160857,,0,PA,XPI7Y57,,8.0,2
2005161045,,0,,,,,1
2005161147,,0,,XBJ52B,,,1
2005161261,,0,,,,,2
2005161430,,0,,,,8.0,1
2005161485,,0,,,,,2
2005161514,,0,,,,8.0,1
2005161878,,0,TN,7I5Z877,,6.0,3
2005161932,,0,,,,,1
2005161932,,0,,,,,2
2005162016,,0,ME,U37Q37,,6.0,2
2005162023,,0,,,,,1
2005162024,,0,,,,,2
2005162123,,0,,,,7.0,1
2005162211,,0,,,,,1
2005162315,,0,,,,,2
2005162381,,0,J,,,,1
2005162405,,0,,4LC4I36,,7.0,2
2005162836,,0,,,,,1
2005162925,,0,A,8790B,,6.0,2
2005163238,,0,,,,7.0,1
2005163242,,0,,,,,2
2005163251,,0,,,,,2
2005163253,,0,,I,,,2
2005167031,,0,TN,TG8M,,7.0,2
2005167108,,0,PA,XY6J269,,3.0,1
2005167146,,0,,,,9.0,1
2005167146,,0,,,,9.0,2
2005167231,,0,??,????????????,,3.0,1
2005167262,,0,A,1,,,1
2005167301,,0,,0P16778,,3.0,1
2005167302,,0,,,,6.0,1
2005167410,,0,OH,7I173I,,7.0,1
2005167433,,0,ME,AW2,,7.0,1
2005167563,,0,??,????????????,,,1
2005167563,,0,??,????????????,,,2
2005167570,,0,ME,0678727,2005,7.0,1
2005167575,,0,,,,7.0,1
2005167602,,0,,,,7.0,1
2005167650,,0,??,????????????,,,1
2005167652,,0,??,????????????,,,1
2005167736,,0,NY,4M8,,3.0,1
2005167799,,0,,XP74Z93,,3.0,1
2005167806,,0,PA,,,3.0,1
2005168086,,0,IA,87I4S0,,7.0,1
2005169188,,0,,1,,,1
2005169200,,0,M,R,,,1
2005169200,,0,I,1,,,2
2005169352,,0,,XY3YX,,3.0,2
2005169429,,0,TN,T6I4M7,,7.0,2
2005170457,,0,,GRY98,,7.0,1
2005170536,,0,TN,T518233,9999,7.0,2
2005170540,,0,IA,RYZ715,2001,7.0,3
2005170588,,0,PA,PT9267C,2000,7.0,2
2005170590,,0,PA,XW75512,2005,7.0,2
2005170591,,0,,,,7.0,1
2005170951,,0,,,,7.0,1
2005171206,,0,JO,1819306,,7.0,2
2005171207,,0,,,,7.0,1
2005172369,,0,ME,MW303,,6.0,2
2005172433,,0,IL,2143369ST,2002,7.0,2
2005172442,,0,ME,U33GQP,,7.0,1
2005172474,,0,PM,8W652B,,7.0,1
2005172476,,0,PA,AE46P61,05,7.0,3
2005172482,,0,NG,I352I4,,6.0,2
2005172505,,0,ME,O80B,,7.0,3
2005172506,,0,ME,0636075,06,7.0,1
2005172539,,0,,,,7.0,1
2005172845,,0,PA,PT4200F,9999,7.0,2
2005172862,,0,Y,,,,1
2005172906,,0,FL,C9717V,,6.0,1
2005173337,,0,PA,XM69227,2005,1.0,1
2005173386,,0,PA,XY3OX0,,3.0,2
2005173403,,0,,,,9.0,1
2005173436,,0,ME,A836800,2005,7.0,2
2005173469,,0,IN,G905F,2005,8.0,2
2005173866,,0,,,,1.0,3
2005174008,,0,,H,,,2
2005174021,,0,,,,7.0,1
2005174033,,0,PA,XYW92225,,3.0,1
2005174061,,0,,1,,,2
2005174068,,0,W,JT,,,1
2005174130,,0,MI,1,,,1
2005174180,,0,ME,0819698,2008,7.0,1
2005174181,,0,ME,A845343,2005,7.0,2
2005174251,,0,PA,XBC4323,2009,3.0,2
2005174262,,0,VA,726067TR,2005,3.0,1
2005174263,,0,,,,,1
2005174263,,0,,,,,2
2005174293,,0,,,,,1
2005174326,,0,,8,,,1
2005174326,,0,B,,,,2
2005174479,,0,,B,,,1
2005174600,,0,??,????????????,,,1
2005174609,,0,ME,A814630,2005,7.0,1
2005174610,,0,ZZ,UNKNOWN,,7.0,1
2005174685,,0,,5Z9B60J,,7.0,1
2005174739,,0,TN,T295612,1996,7.0,1
2005174741,,0,L,,,,1
2005174753,,0,K,HM,,,1
2005174777,,0,,HR9MZ2,,7.0,1
2005174841,,0,B,1H,,,2
2005174957,,0,,4,,,1
2005175006,,0,PA,05,05,3.0,2
2005175015,,0,JI,1ZJ,,,1
2005175194,,0,P,M,,,2
2005175281,,0,,7,,,1
2005175281,,0,J,,,,2
2005175395,,0,ME,0675130,2007,7.0,1
2005175529,,0,,5II,,,1
2005175647,,0,ZZ,999999999999,9999,7.0,1
2005176118,,0,PA,XV75800,2005,3.0,1
2005176285,,0,,,,,2
2005177216,,0,,,,7.0,2
2005177217,,0,PA,UNKNOWN,9999,8.0,1
2005177228,,0,,,,7.0,1
2005177229,,0,L,,,,1
2005177229,,0,I,5,,,2
2005177245,,0,,1738647,,7.0,1
2005180419,,0,OK,W69EL,,9.0,1
2005180543,,0,,I,,,2
2005180573,,0,OY,GO900,,6.0,1
2005180576,,0,,5J,,,1
2005180576,,0,,,,,2
2005180592,,0,ZJ,5,,,2
2005180640,,0,,,,,1
2005180643,,0,TX,4486,,6.0,2
2005180689,,0,,1Z,,,2
2005180698,,0,PA,XY8SSS0,,8.0,2
2005180756,,0,,,,,1
2005180786,,0,,T,,,2
2005180852,,0,,,,,2
2005180854,,0,NJ,T9IZ26,,6.0,1
2005180887,,0,PA,X295232,,3.0,1
2005180889,,0,IL,T3820M,,7.0,1
2005180893,,0,,J2,,,1
2005181045,,0,,1P,,,2
2005181485,,0,,7P4OI,,3.0,1
2005181490,,0,,,,,1
2005181507,,0,ME,A241770,2005,3.0,1
2005181508,,0,,,,,1
2005181516,,0,,,,,1
2005181517,,0,,JJ,,,2
2005181522,,0,Y,J,,,2
2005181535,,0,MB,B,,,1
2005181552,,0,JL,15TT1,,,1
2005181603,,0,ZJ,3,,,1
2005181603,,0,I,J,,,2
2005181606,,0,J,76I,,,2
2005181607,,0,,UU,,,1
2005181609,,0,,,,,1
2005181620,,0,JB,I,,,1
2005181620,,0,,J,,,2
2005181620,,0,T,JJ,,,3
2005181642,,0,,,,,2
2005181643,,0,,Z,,,1
2005181643,,0,,,,,2
2005181648,,0,,,,,2
2005181698,,0,J,Y,,,2
2005181707,,0,,I1,,,1
2005181707,,0,,T5,,,3
2005181743,,0,,LJ,,,1
2005181743,,0,,,,,3
2005181823,,0,PA,206685 ST,2006,6.0,2
2005181864,,0,OK,2158CD,2005,6.0,2
2005181954,,0,,C,,,1
2005181994,,0,,SWM,,,1
2005182004,,0,,II,,,2
2005182015,,0,,R,,,1
2005182582,,0,TN,57H27,,7.0,1
2005183175,,0,,ST12795,,7.0,1
2005183179,,0,,,,7.0,2
2005183214,,0,,T3B21O2,,7.0,2
2005183261,,0,,T21WGJ98,,7.0,1
2005183262,,0,TL,17E96,2005,6.0,3
2005183263,,0,ME,062953,,7.0,1
2005183533,,0,ME,0BB2W4,,7.0,1
2005183533,,0,GA,TL9Q20,,7.0,2
2005183537,,0,TN,T42O628,2005,7.0,1
2005183896,,0,,,,,1
2005183931,,0,,B,,,1
2005183933,,0,,,,,1
2005183955,,0,,,,,1
2005183956,,0,,,,,1
2005183957,,0,,,,,1
2005184124,,0,,,,,3
2005184125,,0,,J,,,2
2005184216,,0,,,,,2
2005184385,,0,,,,,2
2005184469,,0,,4RIQ,,3.0,1
2005184498,,0,,,,,1
2005184620,,0,,,,,1
2005184631,,0,,,,,1
2005184631,,0,,,,,2
2005184638,,0,J,,,,2
2005184642,,0,,,,,1
2005184644,,0,,,,,2
2005184645,,0,,,,,1
2005184650,,0,,,,,1
2005184650,,0,,,,,2
2005184652,,0,,,,,2
2005184662,,0,,,,,1
2005184883,,0,PA,X778R7,,3.0,1
2005185028,,0,,,,,2
2005185255,,0,,,,,2
2005185278,,0,NJ,T33M6L,2006,7.0,1
2005185319,,0,,,,,1
2005185319,,0,,,,,2
2005185453,,0,,,,7.0,2
2005185664,,0,,,,,2
2005185673,,0,PA,XBAQBI7,,6.0,1
2005185685,,0,ME,O8B8272,,7.0,1
2005185692,,0,,X06N1,,7.0,2
2005185695,,0,,UNKNOWN,,7.0,2
2005185746,,0,,,,,1
2005185762,,0,FI,C890T,,7.0,1
2005185763,,0,TX,U07R9,,7.0,1
2005185763,,0,TN,TY50820,,7.0,2
2005185780,,0,UT,47O7,,7.0,1
2005185780,,0,,,,,2
2005185790,,0,QC,0Y02W,,6.0,1
2005185815,,0,,72N30D,,7.0,2
2005185863,,0,FL,CJ751B,,7.0,1
2005185923,,0,MI,B310769,2005,7.0,2
2005185924,,0,,UNKNOWN,,7.0,1
2005186007,,0,IL,T216352,1990,7.0,1
2005186025,,0,,,,1.0,1
2005186034,,0,,,,,1
2005186039,,0,,1U,,,1
2005186046,,0,,,,,2
2005186093,,0,,,,,2
2005186129,,0,NJ,T8643W,,7.0,2
2005186131,,0,,TYIHL,,6.0,1
2005186133,,0,ME,06-22447,2006,7.0,2
2005186145,,0,PA,FSR1031,1990,1.0,2
2005186188,,0,TN,78586HY,2006,7.0,1
2005186193,,0,,,,,1
2005186214,,0,,,,6.0,1
2005186417,,0,,,,,1
2005186439,,0,,,,,1
2005186439,,0,,,,,4
2005186440,,0,,,,,2
2005186895,,0,,,,,2
2005187030,,0,,XJ470Q5,,6.0,2
2005187034,,0,,,,,1
2005187059,,0,,,,,1
2005187063,,0,,,,,1
2005187067,,0,PA,YHL7N7,,3.0,2
2005187091,,0,PA,XCD6202,2005,6.0,1
2005187105,,0,IL,T2W0M,,7.0,1
2005187146,,0,MI,AU3,,5.0,1
2005187146,,0,SI,103,,7.0,2
2005187229,,0,PA,XL3702,,3.0,2
2005187294,,0,PA,8BH14H5,,3.0,1
2005187297,,0,TN,R50R9,,7.0,1
2005187345,,0,,,,,2
2005187584,,0,,,,1.0,1
2005187879,,0,,,,,2
2005188161,,0,,,,,1
2005188169,,0,,,,,1
2005188232,,0,,BT79354B,,3.0,2
2005188292,,0,,,,,2
2005188292,,0,,,,,3
2005188310,,0,,,,,1
2005188310,,0,,,,,3
2005188350,,0,,,,,2
2005188398,,0,,,,,1
2005188408,,0,,,,,1
2005188408,,0,,,,,2
2005188448,,0,,,,,2
2005188457,,0,,,,,2
2005188465,,0,,,,,2
2005188477,,0,,,,,1
2005188477,,0,,,,,3
2005188542,,0,,,,,1
2005188542,,0,,,,,2
2005188546,,0,,W74,,7.0,2
2005188595,,0,,XVQY04,,7.0,1
2005188718,,0,PA,XT78,,3.0,1
2005188866,,0,,,,,1
2005189133,,0,,,,6.0,2
2005189152,,0,,,,,2
2005189194,,0,,BU,,,1
2005189200,,0,TN,T672816,,7.0,1
2005189202,,0,,,,,2
2005189399,,0,PA,PA9HS5,,8.0,1
2005189419,,0,,,,,3
2005189420,,0,,,,,2
2005189422,,0,,,,,2
2005189441,,0,,I,,,2
2005189524,,0,,,,6.0,2
2005189525,,0,NJ,7701572,,7.0,1
2005189525,,0,PA,PT83Y2B,,7.0,2
2005189541,,0,,,,,1
2005189541,,0,,,,,2
2005189558,,0,,,,,2
2005189654,,0,,,,,3
2005189668,,0,NJ,FAG0M,,8.0,1
2005189717,,0,MA,06Z3WG,,7.0,1
2005189717,,0,,O62782,,7.0,2
2005189718,,0,OK,3XW,,6.0,1
2005189754,,0,PA,MG2964A,2003,1.0,2
2005189759,,0,,,,,1
2005189759,,0,,,,,2
2005189835,,0,,,,,1
2005189835,,0,,,,,2
2005189927,,0,,,,,2
2005189937,,0,,,,,2
2005190084,,0,,,,,1
2005190084,,0,,,,,2
2005190413,,0,,,,,1
2005190413,,0,MB,,,,2
2005190415,,0,,,,7.0,2
2005190519,,0,PA,X267771,2005,8.0,1
2005190603,,0,PA,48B,,3.0,2
2005190673,,0,,,,6.0,2
2005190674,,0,,TS0K,,7.0,1
2005190758,,0,I,,,,1
2005190773,,0,PA,XBM5673,,6.0,2
2005190782,,0,,B1,,,3
2005190792,,0,ME,O66S8SS,,7.0,2
2005190830,,0,,,,,1
2005190830,,0,,,,,2
2005190848,,0,,,,,2
2005191339,,0,,,,,2
2005191372,,0,PA,XS14288,2005,3.0,1
2005191487,,0,,,,,1
2005191487,,0,,,,,2
2005191523,,0,,,,,1
2005191655,,0,,,,7.0,2
2005191758,,0,PA,XBL0308,2006,3.0,2
2005192847,,0,,,,,2
2005193111,,0,,,,,2
2005193150,,0,,,,8.0,2
2005193648,,0,JA,X2AS8,,3.0,1
2005193673,,0,,,,2.0,2
2005193984,,0,,Q0T06,,7.0,1
2005194024,,0,,4,,,1
2005194059,,0,,,,3.0,2
2005194138,,0,,,,,1
2005194171,,0,,,,,1
2005194171,,0,,,,,2
2005194171,,0,,,,,4
2005194554,,0,,,,,2
2005194555,,0,,,,,2
2005194558,,0,,,,,2
2005194653,,0,,,,,1
2005194841,,0,,LIG,,,1
2005194841,,0,,T0,,,2
2005194842,,0,,B,,,1
2005194871,,0,,,,3.0,2
2005194873,,0,,,,,1
2005194873,,0,,,,,2
2005194873,,0,,,,,3
2005194994,,0,ME,0657368,,7.0,2
2005195048,,0,IL,T283365,2005,7.0,2
2005195119,,0,,B,,,1
2005195633,,0,TN,T296289,2005,7.0,5
2005195692,,0,,760YBK,,7.0,1
2005195721,,0,TN,2S6I0I,,7.0,1
2005195726,,0,,,,7.0,1
2005195730,,0,OR,HQ32512,2005,7.0,1
2005195762,,0,,,,7.0,2
2005195777,,0,OR,HQ88192,2005,7.0,1
2005195841,,0,PA,XM89595,2005,7.0,1
2005195864,,0,ME,1135448,2005,6.0,2
2005195865,,0,ME,1718404,2005,7.0,2
2005195919,,0,NJ,TACSG,,6.0,1
2005195952,,0,NJ,T70B5S,,7.0,1
2005195993,,0,WI,48I2I5,,6.0,2
2005196069,,0,PA,49GI7C4,,7.0,1
2005196079,,0,ME,07Q926,,7.0,1
2005196098,,0,,,,6.0,1
2005196103,,0,ME,KC8S27,07,7.0,1
2005196103,,0,PA,PF667G,,7.0,2
2005196112,,0,TN,TI52656,,6.0,2
2005196288,,0,OR,G3342,195,7.0,1
2005196310,,0,TN,T610662,2005,6.0,2
2005196312,,0,MA,999999999999,2006,7.0,1
2005196312,,0,NY,AM27590,2005,8.0,2
2005196328,,0,ME,12TRL16921,2005,7.0,2
2005196446,,0,PA,XBN47I4,,3.0,1
2005196448,,0,OH,TLR2R09,,7.0,1
2005196533,,0,GA,LE86997,2006,7.0,1
2005196548,,0,ON,B6672Y,2005,7.0,1
2005196561,,0,PA,PT7035F,9999,3.0,1
2005196779,,0,PA,XY17370,2006,3.0,1
2005196779,,0,PA,PT81156,2006,7.0,2
2005197565,,0,CA,4DF9577,1990,7.0,1
2005198007,,0,PA,X27B33,,3.0,1
2005198085,,0,DE,T720S9,,5.0,1
2005198294,,0,,,,8.0,1
2005198435,,0,,P602W,,7.0,1
2005198449,,0,ME,A527597,,7.0,2
2005198594,,0,,,,,1
2005198594,,0,,,,,2
2005198611,,0,PA,XZ80730,2004,7.0,1
2005198616,,0,PA,AF12229,2005,8.0,1
2005198647,,0,MB,I0Y587,,7.0,1
2005198647,,0,PA,XP5IQ5,,7.0,2
2005198728,,0,,,,8.0,1
2005198854,,0,PA,XZ44747,,7.0,1
2005198865,,0,PA,PT74B3C,,8.0,2
2005198935,,0,,,,7.0,1
2005198963,,0,PA,PT4028H,2005,7.0,1
2005198991,,0,VA,633P0G9,,7.0,1
2005199005,,0,IL,T371996,2006,6.0,4
2005199500,,0,TX,T8G702,,6.0,1
2005200147,,1,,,,3.0,1
2005200270,,1,,,,7.0,1
2005200406,,1,,,,7.0,2
2005200911,,1,,,,7.0,2
2005200930,,1,,,,7.0,1
2005200948,,1,,,,7.0,2
2005201217,,1,,,,2.0,1
2005201282,,1,,,,2.0,1
2005201818,,1,,,,2.0,2
2005201837,,1,,,,7.0,2
2005201843,,1,,,,7.0,2
2005201861,,1,,,,7.0,1
2005201866,,1,,,,7.0,2
2005201965,,1,,,,2.0,1
2005202245,,1,,,,7.0,1
2005202563,,1,,,,1.0,1
2005202667,,1,,,,7.0,1
2005202679,,1,,,,7.0,2
2005202775,,1,,,,7.0,1
2005202960,,1,,,,3.0,1
2005203635,,1,,,,3.0,2
2005204551,,1,,,,7.0,1
2005204572,,1,,,,1.0,2
2005204578,,1,,,,7.0,2
2005204958,,1,,,,7.0,3
2005205357,,1,,,,7.0,1
2005205396,,1,,,,7.0,2
2005205398,,1,,,,7.0,1
2005205398,,1,,,,7.0,2
2005205399,,1,,,,7.0,2
2005205726,,1,,,,3.0,2
2005205904,,1,,,,2.0,2
2005206050,,1,,,,3.0,2
2005206157,,1,,,,3.0,2
2005206259,,1,,,,7.0,1
2005206350,,1,,,,3.0,2
2005206356,,1,,,,7.0,1
2005206356,,1,,,,7.0,2
2005206357,,1,,,,7.0,1
2005206359,,1,,,,7.0,1
2005206360,,1,,,,3.0,1
2005206484,,1,,,,7.0,3
2005206853,,1,,,,7.0,2
2005206976,,1,,,,1.0,3
2005207335,,1,,,,3.0,1
2005207734,,1,,,,7.0,3
2005207753,,1,,,,7.0,1
2005207983,,1,,,,7.0,2
2005207984,,1,,,,2.0,2
2005207989,,1,,,,7.0,2
2005208819,,1,,,,2.0,2
2005208933,,1,,,,7.0,2
2005208938,,1,,,,7.0,1
2005208966,,1,,,,7.0,1
2005208967,,1,,,,7.0,1
2005208969,,1,,,,7.0,2
2005209326,,1,,,,3.0,2
2005209544,,1,,,,2.0,2
2005209646,,1,,,,7.0,3
2005209782,,1,,,,7.0,2
2005209793,,1,,,,7.0,1
2005209794,,1,,,,7.0,1
2005209795,,1,,,,7.0,2
2005209796,,1,,,,7.0,2
2005209800,,1,,,,7.0,1
2005209802,,1,,,,7.0,1
2005209804,,1,,,,7.0,1
2005209805,,1,,,,7.0,1
2005209808,,1,,,,7.0,2
2005209812,,1,,,,7.0,1
2005209928,,1,,,,2.0,1
2005210059,,1,,,,3.0,1
2005210383,,1,,,,7.0,2
2005210403,,1,,,,7.0,1
2005210409,,1,,,,7.0,1
2005210414,,1,,,,7.0,2
2005210538,,1,,,,3.0,1
2005210561,,1,,,,3.0,2
2005210563,,1,,,,2.0,1
2005210627,,1,,,,7.0,2
2005210883,,1,,,,2.0,2
2005211137,,1,,,,7.0,2
2005211140,,1,,,,7.0,2
2005211462,,1,,,,1.0,2
2005211486,,1,,,,7.0,1
2005211493,,1,,,,3.0,2
2005211498,,1,,,,7.0,1
2005211595,,1,,,,7.0,2
2005211599,,1,,,,7.0,3
2005211628,,1,,,,7.0,2
2005211888,,1,,,,1.0,2
2005212034,,1,,,,1.0,1
2005212181,,1,,,,7.0,2
2005212708,,1,,,,7.0,1
2005212732,,1,,,,7.0,1
2005212913,,1,,,,1.0,2
2005213688,,1,,,,7.0,1
2005213767,,1,,,,7.0,1
2005213776,,1,,,,3.0,3
2005214239,,1,,,,7.0,1
2005400564,,0,,,,7.0,1
2005400570,,0,,,,6.0,3
2005400578,,0,,,,3.0,2
2005400581,,0,PA,XM04134,2006,7.0,2
2005400597,,0,,,,6.0,1
2005400598,,0,PA,PTI20,,7.0,2
2005400599,,0,PA,M4Z3M,2005,7.0,2
2005400603,,0,CA,DT5242,,7.0,2
2005400628,,0,,,,7.0,2
2005400638,,0,TN,TI0216,,7.0,1
2005400639,,0,,08YI42Y,,7.0,1
2005400639,,0,,T404Z2,,7.0,2
2005400689,,0,NE,86S0I,,7.0,2
2005400709,,0,,PTHB3B,,7.0,1
2005400717,,0,,PLI70006,,8.0,1
2005400882,,0,PA,XV58647,2005,7.0,1
2005401043,,0,IA,RZ4898,2006,7.0,1
2005401047,,0,NJ,TBV48U,2006,7.0,1
2005401408,,0,PA,XN84I5,200,3.0,3
2005401870,,0,PA,XZ07791,2006,3.0,2
2005402583,,0,PA,UNW0W0,,8.0,1
2005402730,,0,,,,,3
2005403504,,0,PA,XSM56752,,3.0,1
2005403960,,0,ZZ,UNKN0WN,9999,7.0,2
2005404029,,0,,,,,1
2005404094,,0,VA,Z66S80,,6.0,1
2005404120,,0,,8WR7,,7.0,1
2005404121,,0,,23WO4,,7.0,1
2005404124,,0,,TAYIGX,,7.0,1
2005404223,,0,ZZ,999999999999,9999,7.0,2
2005404227,,0,UT,67167N,2005,7.0,2
2005404415,,0,PA,XT2Q97,,6.0,2
2005404435,,0,PA,P5W,,7.0,2
2005404446,,0,NY,AA47518,2006,7.0,1
2005404482,,0,,I2EI5I0O,,6.0,1
2005404490,,0,,,,,1
2005404610,,0,,,,6.0,1
2005404660,,0,,,,,2
2005404759,,0,PA,XS3S4BS,,3.0,2
2005404946,,0,IL,T28S27,,7.0,1
2005405056,,0,ZZ,UNKNOWN,9999,7.0,1
2005405060,,0,OK,IXN253,,2.0,2
2005405066,,0,OH,TN8462,,6.0,1
2005405131,,0,,UU1WOWV,,7.0,2
2005405131,,0,,8G392,,7.0,3
2005405135,,0,PA,M033H,,7.0,2
2005405137,,0,TN,TM788,,7.0,1
2005405137,,0,ME,08R547Y,000,7.0,4
2005405138,,0,NE,892YY,,7.0,1
2005405459,,0,,YN000Z,,6.0,3
2005405475,,0,,,,,1
2005405496,,0,,,,,2
2005405635,,0,NC,PT55607,2005,7.0,3
2005405879,,0,,,,,1
2005405909,,0,,,,7.0,2
2005405964,,0,,0744I5,,6.0,1
2005406190,,0,,,,,1
2005406190,,0,,,,,2
2005406261,,0,PA,XBC9041,2005,6.0,1
2005406285,,0,IL,T35YDI,,7.0,1
2005406312,,0,ME,01BM,,7.0,1
2005406323,,0,IL,Z7362J,,7.0,1
2005406324,,0,ME,2610220,2005,7.0,1
2005406328,,0,NY,AM2B6M,,3.0,1
2005406519,,0,PA,XB29,,3.0,2
2005406739,,0,,,,,2
2005406799,,0,,,,,1
2005406799,,0,,,,,2
2005406811,,0,MO,PK4145,2006,7.0,2
2005406857,,0,,,,,1
2005406950,,0,,,,,1
2005407049,,0,,,,,2
2005407061,,0,,,,,1
2005407061,,0,,,,,2
2005407106,,0,,,,,1
2005407117,,0,,,,,1
2005407117,,0,,,,,2
2005407275,,0,WV,C4W9,,3.0,2
2005407616,,0,,WV42542,,3.0,2
2005407964,,0,,,,,1
2005408137,,0,,,,3.0,1
2005408147,,0,MS,F2354H,,6.0,2
2005408214,,0,PA,XW72702,2006,5.0,1
2005408245,,0,PA,XL0V6T,,3.0,2
2005408320,,0,,,,,1
2005408322,,0,,,,,2
2005408326,,0,,,,6.0,2
2005408432,,0,,,,3.0,2
2005408640,,0,,,,7.0,1
2005408664,,0,,,,6.0,1
2005408695,,0,ON,B6687Z,,7.0,1
2005408750,,0,NJ,TAD80A,2008,7.0,2
2005408757,,0,TX,8WMB9Z,,6.0,1
2005408770,,0,PA,XM02956,2005,7.0,1
2005408771,,0,NE,T4697,2006,7.0,2
2005408825,,0,ZZ,0860196,9999,7.0,1
2005408833,,0,PA,PT4323H,2006,7.0,1
2005408856,,0,PA,PT2635E,2006,7.0,1
2005408856,,0,PA,PT6080G,2006,7.0,2
2005408856,,0,NJ,TIV532,2006,7.0,3
2005408965,,0,,,,9.0,2
2005409022,,0,PA,XSW557,,6.0,2
2005409029,,0,,,,8.0,1
2005409233,,0,PA,XG7Q0,,3.0,3
2005409752,,0,ZZ,999999999999,9999,3.0,1
2005410378,,0,PA,RS4H,,5.0,2
2005410602,,0,,,,6.0,1
2005410783,,0,,,,7.0,3
2005410784,,0,,H5Y286,,6.0,2
2005411843,,0,,,,6.0,1
2005411859,,0,UN,UNMWN,,3.0,2
2005412113,,0,,,,7.0,4
2005412176,,0,,2Z65I8,,7.0,1
2005412176,,0,,T4968L,,7.0,3
2005412253,,0,NY,7439B6,2006,7.0,2
2005412533,,0,PA,XS76668,2006,3.0,2
2005413000,,0,PA,M4860,,6.0,1
2005413078,,0,ME,0974267,2009,7.0,1
2005413129,,0,ME,A598510,2006,7.0,1
2005413428,,0,,,,,1
2005413750,,0,,,,7.0,1
2005413765,,0,,,,6.0,2
2005413766,,0,CA,HB73I9,,7.0,1
2005413781,,0,MD,CNF7S7,,6.0,1
2005413782,,0,IL,T308389,2005,7.0,2
2005413783,,0,NJ,T827XR,1995,7.0,1
2005413787,,0,ME,0527270,,7.0,2
2005413794,,0,OK,427HEE,,6.0,1
2005413798,,0,PA,71O65AB,,7.0,1
2005413800,,0,,,,,1
2005413801,,0,NJ,IHI4X,,3.0,2
2005413805,,0,IN,Y737Y,,7.0,2
2005413820,,0,ON,CU59A,,6.0,1
2005413834,,0,,U0K,,7.0,1
2005413837,,0,MD,454GI8G,,7.0,1
2005413838,,0,ME,0947576,2006,7.0,3
2005413839,,0,NJ,TAZ68B,9999,7.0,1
2005413839,,0,OH,TNB7721,2005,7.0,2
2005413840,,0,ME,76351,9999,7.0,1
2005413849,,0,ME,0621975,2006,7.0,1
2005413916,,0,ME,2315838,2023,7.0,2
2005413935,,0,,,,,1
2005413935,,0,,,,,2
2005413938,,0,PA,XU7IY,,7.0,1
2005413948,,0,NE,136180,2006,7.0,1
2005414184,,0,FL,LQ85M,,6.0,2
2005414201,,0,IL,42467ST,2010,7.0,2
2005414210,,0,PA,P79767,,7.0,1
2005414210,,0,,TS7MW,,7.0,2
2005414428,,0,,U0K,,2.0,2
2005414456,,0,,,,6.0,1
2005414600,,0,,,,6.0,2
2005414633,,0,,,,,1
2005414654,,0,,,,,2
2005414666,,0,,,,,3
2005414715,,0,,,,,1
2005414715,,0,,,,,2
2005414807,,0,,,,,1
2005414845,,0,,,,,1
2005414889,,0,,,,6.0,2
2005414913,,0,,,,,1
2005414913,,0,,,,,2
2005414948,,0,IL,T171O8,,6.0,1
2005414950,,0,,,,,1
2005415331,,0,,,,,1
2005415411,,0,ZZ,N0N5,,1.0,1
2005416138,,0,,,,,1
2005416159,,0,,,,,2
2005416165,,0,WI,408Y4Z,,7.0,1
2005416170,,0,,KAIY7Q,,3.0,1
2005416225,,0,OR,HR76529,,6.0,1
2005417055,,0,TN,T2W022,6802,7.0,3
2005417204,,0,OK,79YM0EG,,7.0,1
2005417974,,0,PA,XPZZT47,,3.0,1
2005418387,,0,,,,8.0,1
2005418492,,0,NJ,T41X3B,2003,7.0,1
2005419037,,0,ZZ,999999999999,9999,7.0,2
2005419044,,0,ME,2426395,2005,7.0,2
2005419046,,0,ZZ,999999999999,9999,7.0,2
2005419274,,0,NJ,TI5W2E,,7.0,1
2005419473,,0,OK,59810A,2006,7.0,1
2005419741,,0,TN,T105YN,,7.0,1
2005419743,,0,NT,A02WY5Y,,7.0,2
2005419763,,0,VA,73338R,,7.0,2
2005419764,,0,PA,T30Z6D,,7.0,2
2005419765,,0,ZZ,999999999999,9999,6.0,1
2005419766,,0,VA,515061TR,2002,8.0,1
2005419781,,0,ZZ,999999999999,9999,6.0,1
2005419883,,0,NC,PT07G,,7.0,2
2005419884,,0,ML,M79659,,7.0,2
2005419968,,0,ME,Z927S72,,7.0,1
2005420387,,0,PA,999999999999,9999,7.0,2
2005420388,,0,,,,8.0,1
2005420388,,0,PA,PT2898J,9999,7.0,2
2005420609,,0,PA,XN22567,,7.0,2
2005420757,,0,NJ,TAC652,2006,7.0,1
2005420757,,0,PA,PT0741C,9999,7.0,2
2005420758,,0,PA,999999999999,2005,7.0,1
2005420758,,0,ZZ,549001,2005,7.0,2
2005420799,,0,PA,XT62970,2006,7.0,3
2005420806,,0,,,,6.0,2
2005421746,,0,PA,XL93599,2006,3.0,1
2005422538,,0,NY,AC95414,2005,7.0,1
2006000355,,0,ME,0764243,2007,7.0,2
2006000677,,0,NY,AL10255,2006,7.0,1
2006000896,,0,,,,,1
2006000996,,0,PA,P7A205F,,7.0,2
2006001145,,0,,UNK,,7.0,1
2006001146,,0,MI,1084128,2010,7.0,1
2006001147,,0,PA,999999999999,1988,7.0,2
2006001159,,0,,TY0952S,,7.0,1
2006001480,,0,PA,8L25065,,8.0,1
2006002285,,0,PA,8R0Z75B,,7.0,1
2006002320,,0,NJ,TCC26A,,7.0,1
2006002324,,0,ME,0958H6,,7.0,2
2006002455,,0,,P4LQ,22,6.0,1
2006002461,,0,,PT7S98,,7.0,2
2006002464,,0,NJ,T34G9K,2006,7.0,1
2006002696,,0,,,,7.0,2
2006002908,,0,NJ,T9SW3Y,,7.0,2
2006002978,,0,TN,T344688,2005,7.0,1
2006002986,,0,,8,,,2
2006003460,,0,NJ,T7084F,,7.0,1
2006003467,,0,NY,T203BO,2007,7.0,1
2006003592,,0,,TQ4868,,7.0,2
2006003630,,0,,37I3F8,,6.0,2
2006003855,,0,IA,FI3306G,,6.0,2
2006004051,,0,,8V8507,,6.0,1
2006004052,,0,OK,T740024,,7.0,2
2006004323,,0,ZZ,999999999999,9999,7.0,1
2006004685,,0,,,,7.0,2
2006004755,,0,,,,7.0,3
2006004873,,0,OH,7LQ6751,2005,7.0,1
2006004912,,0,,74QE78,,7.0,1
2006004926,,0,PA,XS49S39,2266,7.0,3
2006004999,,0,,UNKNOWN,,3.0,2
2006005134,,0,,5693Y2,,7.0,2
2006005301,,0,PA,XKBWPU,3197,6.0,3
2006005301,,0,IL,I8S83ST,200,6.0,4
2006005359,,0,IA,RW8084,2006,7.0,1
2006005437,,0,ME,A868298,2007,7.0,3
2006005438,,0,NJ,T20X4T,2006,7.0,1
2006005462,,0,ZZ,999999999999,9999,7.0,1
2006005503,,0,IL,TIB32Q,,7.0,1
2006005512,,0,IL,T272187,2006,7.0,2
2006005596,,0,ME,12T16924,9999,6.0,2
2006005619,,0,MI,A433890,2005,7.0,1
2006005814,,0,PA,PT13545,2006,7.0,1
2006005839,,0,,,,,2
2006005850,,0,IN,1413I27B,,6.0,1
2006006374,,0,VN,UNR,,9.0,2
2006006376,,0,ZZ,999999999999,9999,7.0,1
2006006651,,0,,,,1.0,3
2006006891,,0,PA,XZ65G2,206,8.0,3
2006008333,,0,PA,PF2Z3E,,7.0,1
2006008333,,0,PA,PT0O5D,206,7.0,3
2006008350,,0,ON,C5417P,2005,7.0,3
2006008365,,0,ME,I64S994,,7.0,2
2006008436,,0,,,,,1
2006008451,,0,OH,TMS3747,2006,7.0,1
2006008452,,0,PA,PT53818,2006,7.0,1
2006008453,,0,OH,TNH9053,2006,7.0,1
2006008454,,0,IN,T66560,2006,6.0,1
2006008455,,0,PA,PT8805,9999,7.0,2
2006008460,,0,NJ,THU5U,2006,7.0,2
2006008471,,0,,1OG7I06,,7.0,1
2006008471,,0,ME,O8655B,,7.0,2
2006008617,,0,,,,7.0,1
2006008618,,0,TN,006505T,9999,7.0,1
2006008619,,0,ZZ,999999999999,9999,9.0,1
2006008620,,0,ZZ,999999999999,9999,7.0,1
2006008621,,0,PA,XL97476,,7.0,2
2006008622,,0,,,,9.0,1
2006008670,,0,,,,6.0,2
2006008694,,0,,,,7.0,2
2006008732,,0,,,,6.0,1
2006008742,,0,,,,,1
2006008749,,0,PA,CDB80B26,,,1
2006008749,,0,,MGB2U,,8.0,2
2006008757,,0,FL,C5936T,2006,6.0,2
2006008758,,0,,097378I,,7.0,2
2006008914,,0,PA,XZB667,,3.0,1
2006008918,,0,ME,27223,,7.0,2
2006009214,,0,ME,0848QR6,,7.0,1
2006009214,,0,TN,T4Q8575,,7.0,2
2006009240,,0,,P625SB,,7.0,2
2006009262,,0,ZZ,999999999999,9999,9.0,1
2006009264,,0,OK,OK8220,2005,7.0,2
2006009306,,0,,,,6.0,1
2006009339,,0,,,,6.0,1
2006009398,,0,ME,0B349B7,,7.0,1
2006009399,,0,WI,453099,2005,7.0,1
2006009414,,0,VA,B42PY,,6.0,2
2006009674,,0,ME,07702,,7.0,2
2006009677,,0,TN,T27467,,6.0,1
2006009721,,0,,2Z9T94,26,7.0,1
2006009725,,0,,,,7.0,1
2006009887,,0,TN,T9O89,,7.0,1
2006010019,,0,,CM90U,,7.0,2
2006010062,,0,,T,,,1
2006010070,,0,,,,,1
2006010070,,0,,,,,2
2006010075,,0,,,,,2
2006010184,,0,,,,7.0,1
2006010184,,0,,,,7.0,2
2006010188,,0,,,,6.0,1
2006010191,,0,NJ,T32W6IZ,,8.0,2
2006010195,,0,IL,I9088JM,,6.0,1
2006010209,,0,,,,6.0,2
2006010291,,0,,T49M4M,,7.0,2
2006010309,,0,,PT85950,,7.0,1
2006010393,,0,TN,T440210,2005,7.0,2
2006010484,,0,PA,XM4078,,7.0,2
2006010771,,0,,,,7.0,1
2006010773,,0,,,,6.0,3
2006010833,,0,,,,,2
2006011176,,0,,,,,1
2006011212,,0,,,,,1
2006011212,,0,,,,,2
2006011225,,0,,,,,2
2006011265,,0,,TA2I5C,,6.0,1
2006011297,,0,,TSGI2S,,3.0,2
2006011358,,0,,,,,2
2006011887,,0,,,,,1
2006011929,,0,,,,,1
2006012561,,0,,,,,1
2006012561,,0,,,,,2
2006012700,,0,,,,,2
2006012752,,0,,,,,1
2006012752,,0,,,,,2
2006013112,,0,NV,IIBZI2H,,6.0,2
2006013118,,0,NC,7I5Y05,,4.0,1
2006013125,,0,PA,189678ST,2006,7.0,2
2006013126,,0,PA,8TI06S,,7.0,2
2006013157,,0,,H6029D,,7.0,2
2006013162,,0,ZZ,999999999999,9999,9.0,1
2006013176,,0,,,,7.0,1
2006013176,,0,,H403887,,7.0,2
2006013187,,0,,,,,1
2006013192,,0,ME,662J2I,,7.0,1
2006013206,,0,,,,,1
2006013208,,0,,,,2.0,1
2006013271,,0,ME,0876902,2009,7.0,1
2006013271,,0,,098BB,20,7.0,3
2006013271,,0,TN,0979Q2S,1206,7.0,4
2006013273,,0,ZZ,999999999999,9999,7.0,1
2006013274,,0,IN,766078,2005,7.0,1
2006013282,,0,,,,,2
2006013283,,0,PA,XBJI843,,8.0,1
2006013294,,0,PA,FW75B8,,,2
2006013302,,0,NJ,TBC575,2009,7.0,2
2006013357,,0,ME,A585215,2005,7.0,1
2006013358,,0,NC,AY49147,2005,9.0,2
2006013378,,0,ME,1330805,2006,7.0,1
2006013392,,0,IL,Z47ZMST,,7.0,1
2006013392,,0,IL,I9G96OSW,,7.0,2
2006013559,,0,,,,,1
2006013559,,0,,,,,2
2006013559,,0,,,,,3
2006013559,,0,,,,,4
2006013606,,0,,,,,1
2006013606,,0,,,,,2
2006013608,,0,,,,,1
2006013608,,0,,,,,2
2006013762,,0,PA,XT33707,,7.0,1
2006013937,,0,ZZ,999999999999,9999,7.0,1
2006013940,,0,OR,HS14778,9999,7.0,2
2006014070,,0,,UMYZI67,,7.0,1
2006014071,,0,PA,M753B9,1200,3.0,2
2006014083,,0,ME,1631167,9999,7.0,1
2006014239,,0,PA,PT5589A,1999,7.0,2
2006014240,,0,ZZ,999999999999,9999,7.0,1
2006014368,,0,,,,7.0,2
2006014799,,0,,,,,2
2006014800,,0,,,,,1
2006014813,,0,,6BV,,,1
2006014836,,0,,,,8.0,2
2006015081,,0,,,,,1
2006015255,,0,,,,,1
2006015325,,0,,,,,1
2006015325,,0,,,,,2
2006015516,,0,,,,6.0,2
2006015548,,0,PA,RTSOD8,,8.0,2
2006016229,,0,,,,,2
2006019226,,0,,,,8.0,2
2006021134,,0,IL,,,7.0,2
2006021335,,0,,,,,2
2006022157,,0,,,,,1
2006022177,,0,PB,Y4GM6,,8.0,2
2006022177,,0,PA,P0RB8,201,8.0,3
2006022181,,0,,,,,1
2006022238,,0,NJ,30048O,,5.0,1
2006022694,,0,IL,T232890,9999,7.0,1
2006022695,,0,OK,45B60L,,6.0,1
2006022697,,0,ON,T56282,2007,7.0,2
2006022703,,0,IA,TC9429,2005,7.0,1
2006023194,,0,PA,XS94522,,3.0,2
2006023298,,0,OK,IZ5SA6,,7.0,1
2006023309,,0,NJ,TQXBU,,7.0,1
2006023432,,0,NY,AD39024,2005,7.0,2
2006023731,,0,ZZ,UNKNOWN,9999,6.0,1
2006023974,,0,QC,L2BBQM,,6.0,1
2006023976,,0,,,,,2
2006025171,,0,M,M,,,1
2006026328,,0,ME,12TLR17057,2005,7.0,2
2006028551,,0,,,,7.0,1
2006028877,,0,,,,7.0,3
2006029702,,0,,,,7.0,2
2006029747,,0,ZZ,UNKNOWN,9999,7.0,1
2006030128,,0,ZZ,999999999999,9999,7.0,1
2006030813,,0,ZZ,999999999999,9999,7.0,2
2006030917,,0,ME,UNKNOWN,9999,7.0,2
2006031224,,0,PA,PT0206E,9999,7.0,1
2006031225,,0,OR,HS37886,9999,7.0,2
2006032479,,0,,,,8.0,1
2006056087,,0,,I32Y409,,7.0,1
2006064126,,0,PA,XV46987,2006,7.0,1
2006081668,,0,PA,DXNBMB,,,2
2006092896,,0,,F805953,,3.0,1
2006095236,,0,,1,,,2
2006106188,,0,,,,7.0,1
2006116410,,0,ME,0926837,2001,7.0,3
2007042007,,0,,TG0999,2006,7.0,1
2007042007,,0,NB,TGT739,2006,7.0,3
2007091667,,0,,,,9.0,2
2007091669,,0,,,,6.0,1
2006032582,,0,,,,,1
2006032582,,0,,,,,2
2006126892,,0,,,,,1
2006126892,,0,,,,,2
2006126892,,0,,,,,3
2006099762,,0,PA,82A7B36,,3.0,2
2006114425,,0,,,,,1
2006072661,,0,PA,RM582F,,7.0,1
2006085396,,0,ME,O9800Y6,,7.0,1
2006085396,,0,PA,8P596G,,3.0,2
2006202612,,1,,,,7.0,1
2006108505,,0,ZZ,UNKNOWN,9999,7.0,1
2006050721,,0,,N0NE,,3.0,2
2006037265,,0,,,,,1
2006076148,,0,,XCRMI7,,3.0,1
2006080843,,0,,,,,2
2006042962,,0,IN,242846,2005,7.0,2
2006061412,,0,PA,PT4428C,2006,7.0,1
2006034206,,0,PA,AF3I90,,6.0,2
2006061257,,0,,8Z9S05,,7.0,1
2006084683,,0,,,,3.0,1
2006027024,,0,NJ,TBV20M,2006,7.0,1
2006025353,,0,,TGI5A,,7.0,2
2006113840,,0,ME,2313430,2006,7.0,1
2006085482,,0,OK,8066AB,9999,7.0,2
2006112858,,0,,,,6.0,1
2006102788,,0,,,,9.0,2
2006028254,,0,ZZ,999999999999,9999,7.0,1
2006085300,,0,,,,,1
2006075706,,0,ZZ,UNKNOWN,9999,7.0,1
2006075706,,0,NC,AY20742,2006,7.0,2
2006008103,,0,PA,XBK6187,06,3.0,1
2006206578,,1,,,,2.0,2
2006207829,,1,,,,2.0,2
2006103090,,0,PA,RT40421,2006,7.0,2
2006201742,,1,,,,3.0,1
2006014771,,0,,,,,1
2006053518,,0,NJ,7R44T,,6.0,1
2006056374,,0,,,,,1
2006056374,,0,,,,,2
2007013114,,0,,I2W271,,7.0,1
2006114203,,0,IL,T356679,2006,7.0,1
2006029905,,0,,I7X658,,6.0,1
2007023548,,0,,,,9.0,2
2006108078,,0,PA,XBN0795,2010,3.0,2
2006100658,,0,PA,XI6Y20,807,5.0,2
2006064301,,0,PA,Y1Q6,1997,7.0,1
2006036833,,0,,,,,1
2006055737,,0,,,,,2
2006023441,,0,NY,AN-21600,2006,6.0,2
2006018764,,0,PA,XCA8G23,2006,3.0,1
2006102324,,0,PA,XY76YN,,3.0,2
2006102791,,0,,,,6.0,1
2006109459,,0,ZZ,UNKNOWN,9999,6.0,1
2006109459,,0,ZZ,UNKNOWN,9999,6.0,2
2006076853,,0,,,,,1
2006076853,,0,NJ,TBY97S,9999,7.0,2
2006076853,,0,,,,,3
2006079639,,0,,,,,1
2006041520,,0,WI,496GE,,7.0,2
2006035596,,0,,,,,1
2006084374,,0,,9803J0,,7.0,2
2006021658,,0,,,,6.0,2
2006057916,,0,,,,7.0,1
2006033042,,0,,,,,1
2006041344,,0,PA,XZ09904,2006,6.0,2
2006065536,,0,,,,,2
2006079854,,0,PA,GCX823G,,7.0,2
2006057045,,0,FL,C9300F,2006,7.0,2
2006053958,,0,,TE974,,7.0,1
2006114812,,0,ME,084338Y,,7.0,2
2006055174,,0,,,,6.0,2
2006055934,,0,,,,,1
2006027170,,0,NY,AMS32,,7.0,1
2006035474,,0,MA,98B492,,7.0,3
2006066798,,0,NE,IU1S25,,7.0,1
2006091355,,0,,UJ32DK,06,8.0,3
2006209455,,1,,,,2.0,1
2006106723,,0,OK,7947EU,2004,7.0,1
2006106723,,0,PA,XN17169,2007,7.0,2
2006018305,,0,PA,8B4Y08,2006,7.0,2
2006037817,,0,,,,,1
2006039033,,0,IA,TA4776,2006,7.0,1
2007008461,,0,,,,,1
2006026280,,0,PA,XL33073,2006,3.0,2
2006113827,,0,,,,,1
2006121392,,0,ZZ,UNKNOWN,9999,7.0,1
2006032883,,0,,,,,2
2006037531,,0,ZZ,999999999999,9999,9.0,2
2006089794,,0,IL,225126,2006,7.0,2
2006060825,,0,,,,8.0,2
2006054942,,0,,,,,1
2006058128,,0,ME,O7663B4,2007,7.0,3
2006129356,,0,,,,,2
2006080057,,0,,,,7.0,1
2006075848,,0,NJ,T36P7A,9999,7.0,1
2006083105,,0,,,,,1
2006083105,,0,,,,,2
2006106453,,0,PA,X6509,,7.0,2
2006057728,,0,OK,RA974,04,7.0,4
2006019086,,0,ME,I4I2065,,7.0,3
2006124747,,0,,,,8.0,1
2006028379,,0,,,,,1
2006082248,,0,PA,XY8294,,5.0,3
2007022500,,0,,,,,2
2006076103,,0,TN,T4YL5B,,7.0,2
2006053950,,0,NY,0M74995,,6.0,2
2006053950,,0,,T003B,,6.0,3
2006063219,,0,,,,,1
2006053691,,0,,,,,2
2006094529,,0,IL,TZO755,2007,7.0,2
2006033037,,0,,,,,1
2006033037,,0,,,,,2
2006033037,,0,,,,,3
2006119609,,0,,02240S,,7.0,1
2006120580,,0,ME,A939752,2007,7.0,1
2006112165,,0,PA,XY83562,2003,3.0,1
2006083049,,0,,,,,2
2007034445,,0,,,,7.0,2
2006070570,,0,NJ,T18BBK,9999,6.0,1
2006095227,,0,PA,XGM4Z,,5.0,1
2007013753,,0,,,,7.0,2
2006024806,,0,PA,8S40Z7Z,,7.0,1
2006074488,,0,PA,XZ81981,1974,3.0,1
2007007262,,0,,,,,1
2006060458,,0,PA,X2165677,,7.0,1
2006108478,,0,,PT27HA,,7.0,2
2006064858,,0,PA,EZZ9202,2006,1.0,1
2006074610,,0,PA,XLS6Z73,,3.0,1
2006088389,,0,,,,8.0,1
2006114386,,0,,,,,2
2006113370,,0,,,,7.0,1
2006113370,,0,,,,,4
2006130675,,0,PA,XY8747I,2007,7.0,2
2007013033,,0,,P31S60,,7.0,2
2006122740,,0,WY,U2K,,9.0,1
2006087471,,0,NJ,T38B45,,7.0,1
2006091977,,0,,,,,1
2006092480,,0,,,,,2
2006102849,,0,,,,,2
2007011147,,0,PA,XCT2483,2007,7.0,1
2007011147,,0,PA,XK86276,2007,3.0,3
2006124344,,0,,,,7.0,1
2006062618,,0,,,,,2
2007014288,,0,ZZ,UNKNOWN,9999,7.0,1
2007023141,,0,,FMV9Q7,,8.0,2
2007023141,,0,,FVL7L43,,8.0,3
2007011312,,0,,,,,2
2006027738,,0,PA,PT0146G,2006,7.0,2
2006062598,,0,PA,XZ10439,2006,7.0,1
2006041832,,0,,4,,,1
2006118972,,0,,P42844,,7.0,2
2006055943,,0,,T1W1S6,,6.0,1
2006094894,,0,OK,2GY5I4,,3.0,1
2007013239,,0,,,,7.0,1
2006102401,,0,,,,6.0,1
2006102401,,0,,,,,2
2006021842,,0,ZZ,999999999999,9999,6.0,2
2006065029,,0,,H669G9,,6.0,2
2006125478,,0,,,,6.0,2
2006076769,,0,ZZ,,,7.0,3
2006130740,,0,PA,PT7677C,2006,6.0,2
2006053636,,0,,PT134YB,,6.0,1
2006106833,,0,,,,9.0,1
2006121850,,0,,5S6783,,7.0,1
2006101890,,0,,RUS3B,,1.0,1
2006055947,,0,,,,,1
2007005324,,0,,I07763Y,,7.0,1
2006070162,,0,,0LK0W,,7.0,1
2006018428,,0,,,,,3
2006065384,,0,TN,087S,,7.0,2
2006103294,,0,PA,PT9036A,,3.0,2
2006118374,,0,,,,,1
2006056026,,0,,,,,1
2006075133,,0,PA,XPM287,,3.0,2
2006074480,,0,TN,T762043,1997,6.0,1
2006110574,,0,MD,547995G,,7.0,1
2006084262,,0,,TS8Z5T,,7.0,1
2006085295,,0,,,,,2
2006075915,,0,,NIA,,3.0,1
2006100653,,0,PA,XY81939,2007,3.0,1
2006100653,,0,ME,1084263,2010,6.0,3
2006085293,,0,ME,0874459,9999,7.0,1
2006070249,,0,IL,27826921,,7.0,2
2006019087,,0,,ZI0IIWB2,,8.0,1
2006091612,,0,OK,5580SFH,2006,9.0,1
2006077643,,0,,U0K,,7.0,2
2006085480,,0,PA,8L97394,,3.0,1
2006056414,,0,,,,,1
2006039594,,0,,8NSI5I8,,7.0,1
2006054249,,0,PA,XW78015,2006,7.0,1
2007018300,,0,PA,XT5034S,,7.0,2
2006025375,,0,,063TW,,7.0,2
2006094900,,0,OK,4333,,6.0,1
2007004761,,0,NE,135462,9999,7.0,1
2006065584,,0,,,,,2
2006080038,,0,NJ,MV64H,,7.0,5
2006052951,,0,MN,ST48150,9999,7.0,1
2006052951,,0,ME,1152153,2011,7.0,2
2006116424,,0,PA,PT8901F,PERM,7.0,2
2006029558,,0,,T40M9C,226,6.0,2
2006104399,,0,IL,4036516,9999,7.0,1
2006104399,,0,OH,TMZ6861,1998,7.0,2
2006054109,,0,CA,4E62IY,,6.0,1
2006073628,,0,PA,XCN3957,,3.0,3
2006052313,,0,PA,PT6795F,9999,7.0,1
2006049191,,0,QC,D39E5,,7.0,1
2006049191,,0,,152Q4,,7.0,4
2006106114,,0,NJ,TCP71,2006,7.0,1
2007117782,,0,PA,PT06505,,7.0,2
2006080061,,0,,O983S0S,,7.0,3
2006080255,,0,IL,T345975,1993,6.0,2
2006125194,,0,PA,PT2259H,9999,7.0,1
2006059736,,0,MO,9790YL,,7.0,2
2006033104,,0,,,,,1
2006080246,,0,NY,TI3U3P,2010,6.0,3
2007011633,,0,,,,7.0,1
2006103264,,0,,,,,2
2007020800,,0,,7738764,,6.0,1
2006015339,,0,,,,3.0,1
2007010219,,0,PA,XCA0987,2006,7.0,1
2007010219,,0,,00WL,,8.0,3
2006202531,,1,,,,7.0,1
2006124989,,0,ZZ,UNKNOWN,9999,7.0,1
2006094403,,0,,,,,2
2006113379,,0,,,,,1
2007003528,,0,PA,DTL6798,2006,1.0,2
2006092225,,0,TN,T4L76M,,7.0,1
2006092225,,0,ME,099523O,,7.0,2
2006114558,,0,PA,PT1989E,2000,7.0,1
2006062604,,0,OK,328OCE,2006,7.0,1
2006037680,,0,,,,,2
2006032563,,0,,,,7.0,1
2006053449,,0,PA,XBB3102,2007,3.0,2
2006067242,,0,,MN08,,6.0,1
2006067242,,0,VA,102G53T6,,6.0,2
2006082602,,0,,MI62697Y,,8.0,2
2006094560,,0,ML,IH2I68,,7.0,1
2006041083,,0,PA,XS495W,,7.0,2
2006027127,,0,PA,PT6541F,9999,7.0,2
2006027127,,0,ME,2723449,2007,7.0,3
2006088036,,0,,,,8.0,1
2007012524,,0,PA,PT4438H,9999,7.0,1
2006077083,,0,PA,Y28Z75,,3.0,2
2006028556,,0,NJ,TCF99T,1995,7.0,1
2006048798,,0,ME,A433485,9999,7.0,1
2006048798,,0,IL,241223,9999,7.0,2
2006048798,,0,WI,513066,9999,7.0,3
2006097324,,0,ZZ,UNKNOWN,9999,7.0,2
2006051083,,0,MN,KH39,,7.0,1
2007006968,,0,PA,XCNO6392,,1.0,1
2007006968,,0,PA,XCG1763,2011,3.0,2
2006125765,,0,,,,,1
2006044427,,0,,XS83381,1998,3.0,1
2006075478,,0,OH,I0F226,,7.0,1
2006074409,,0,NJ,TAV246,9999,7.0,4
2006070314,,0,ZZ,UNKNOWN,9999,7.0,1
2006031274,,0,PA,XLH0Z8,,7.0,1
2006124739,,0,,,,,2
2006023308,,0,,,,6.0,1
2006053181,,0,PA,XK88690,2001,3.0,2
2006087658,,0,TN,0ZB2Y,,7.0,1
2006045720,,0,PA,XBC906I,2006,7.0,3
2006121647,,0,,UN0WN,,9.0,1
2007014212,,0,ZZ,UNKNOWN,9999,7.0,1
2006085772,,0,PA,XL98829,1985,3.0,2
2006076813,,0,PA,PT8961H,2007,7.0,1
2006075715,,0,NJ,T74BGK,,7.0,2
2006040305,,0,PA,XT49I89,,3.0,2
2006021303,,0,ZZ,UNKNOWN,9999,7.0,4
2006126468,,0,ZZ,0UW,,7.0,1
2006124366,,0,PA,XP83299,2007,3.0,1
2006067085,,0,ME,0876885,1986,7.0,1
2006050771,,0,PA,PT6551G,9999,7.0,2
2006053545,,0,,,,6.0,1
2006068801,,0,PA,XZ70561,9999,3.0,1
2006039935,,0,PA,XBA54B,,7.0,1
2006102805,,0,,,,,1
2006102805,,0,,,,,2
2006102805,,0,,1,,1.0,3
2006207940,,1,,,,7.0,2
2006128809,,0,TN,T8380,,7.0,1
2006110661,,0,,072L220,,6.0,2
2007009801,,0,,,,,1
2006083178,,0,,,,,1
2006201518,,1,,,,7.0,2
2006124433,,0,,,,,1
2006109637,,0,PA,8L8YY38,,7.0,2
2006036201,,0,PA,XN41953,1995,6.0,2
2006008124,,0,PA,XV81859,06,3.0,1
2006122560,,0,,,,,1
2006111869,,0,OR,HP94373,1995,7.0,2
2006093443,,0,,,,6.0,2
2006041734,,0,,Z7MB2ST,,7.0,1
2006076178,,0,PA,5IGQH,,6.0,1
2006076178,,0,MA,I0873T3,,7.0,2
2006033425,,0,,,,,1
2006033425,,0,,,,,2
2006018430,,0,,,,,1
2006124687,,0,,3BJ0F,,7.0,2
2006036686,,0,PA,PT129OF,2003,7.0,2
2006103698,,0,,,,,1
2006085577,,0,PA,XM65333,2006,3.0,1
2006108852,,0,WA,2162RF,9999,7.0,1
2006113845,,0,,,,,1
2007012642,,0,,RO3L6K,,7.0,4
2006081610,,0,,,,,2
2007002685,,0,ML,P30545,,7.0,2
2006115670,,0,,T76C8F,,7.0,2
2006131101,,0,IL,D9I0762M,2007,7.0,2
2006130868,,0,TN,386607,9999,6.0,2
2006093535,,0,ME,117489,2006,7.0,2
2006122705,,0,PA,XN87724,2006,7.0,1
2006049616,,0,,T5B03,,7.0,1
2006203548,,1,,,,7.0,2
2006122876,,0,PA,PT4865H,9999,7.0,2
2006126825,,0,OK,73B9B5,,7.0,1
2006066855,,0,,992022,,7.0,1
2006078548,,0,ME,1240815,9999,7.0,1
2006078548,,0,ME,0732278,9999,7.0,2
2006029531,,0,ME,1Z1204,,7.0,1
2006029531,,0,,P0005I,2005,7.0,3
2007002460,,0,PA,XM48318,2009,3.0,1
2006034198,,0,PA,0A83RY,1200,8.0,3
2006034198,,0,,893B2,2006,8.0,4
2006126826,,0,,,,,2
2006102510,,0,,,,,2
2006091955,,0,,,,7.0,2
2006056254,,0,,,,,3
2007010589,,0,PA,UNKNOWN,9999,8.0,1
2006053773,,0,,,,,1
2006053773,,0,,,,,2
2006053773,,0,,,,,3
2006203418,,1,,,,3.0,1
2007023209,,0,,,,,2
2006207570,,1,,,,2.0,1
2006056466,,0,,,,,1
2006056466,,0,,,,,2
2006045978,,0,ME,1168330,2007,7.0,1
2006036668,,0,,,,,1
2006104168,,0,TX,759514,2006,6.0,2
2006117583,,0,MI,B466672,9999,7.0,2
2006070313,,0,PA,XBH7253,,7.0,1
2006205823,,1,,,,7.0,1
2006037112,,0,,,,7.0,1
2006046168,,0,ME,2521249,,7.0,1
2006114704,,0,,1,,1.0,2
2007008101,,0,PA,PA76719,9999,3.0,2
2006081930,,0,,,,,2
2007015524,,0,,,,,1
2006075689,,0,PA,XZG3896,,7.0,2
2006130353,,0,PA,XR30328,2007,3.0,1
2006094914,,0,,,,7.0,2
2006087919,,0,PA,PT133OH,9999,7.0,1
2006087919,,0,PA,PT0771H,9999,7.0,2
2006125766,,0,,,,,1
2006088329,,0,ME,0996730,9999,7.0,2
2006070317,,0,PA,8V2OU2,,,1
2006062382,,0,,,,,1
2006062382,,0,,,,,2
2006101285,,0,ME,0921157,2009,6.0,2
2006033822,,0,,,,,1
2006072306,,0,,29S2X2,,7.0,1
2006111893,,0,KS,173KS,2007,3.0,1
2006036621,,0,,,,,1
2006036621,,0,,,,,2
2006200186,,1,,,,3.0,3
2006078864,,0,PA,XBJ3906,2007,3.0,2
2006097026,,0,ZZ,UNKNOWN,9999,7.0,1
2006057150,,0,PA,PT526S0,9999,7.0,2
2006082995,,0,,,,1.0,1
2006124426,,0,,,,,1
2006124426,,0,,,,,2
2006055431,,0,,,,,1
2006080594,,0,,RNBR,,7.0,2
2006057602,,0,ME,0991101,2006,7.0,1
2006031358,,0,PA,XL22IY9,,7.0,2
2006053874,,0,OK,988SDH,,7.0,1
2007008855,,0,,,,9.0,2
2006115221,,0,,,,,1
2006036598,,0,IL,T262N8,,7.0,1
2006073864,,0,LA,FW650,8824,7.0,3
2006118800,,0,PA,XR82714,2007,7.0,2
2006065999,,0,,,,,1
2006115294,,0,PA,XZ71574,,3.0,2
2006073454,,0,ZZ,UNKNOWN,9999,7.0,1
2006033796,,0,TN,67S5U,,6.0,1
2006079923,,0,,,,,1
2006059737,,0,,7743B70,,7.0,2
2006116007,,0,ME,0720500,2007,7.0,1
2007008860,,0,,,,6.0,1
2006057927,,0,PA,XWYYW29,,7.0,2
2006111527,,0,IL,WGW9J,,7.0,1
2006096248,,0,PA,MRI5ZH,,7.0,2
2006060258,,0,MA,B3747,2006,3.0,1
2006038179,,0,,,,,1
2006038179,,0,,,,,2
2006082560,,0,,,,,1
2006107340,,0,WI,55G778,2007,3.0,2
2006123813,,0,,,,,1
2006127605,,0,ME,II5657,,7.0,1
2006080882,,0,PA,XT63883,2007,7.0,1
2006114115,,0,,,,,1
2006106246,,0,OH,IIPU0748,,7.0,1
2006121432,,0,MA,68506,,7.0,2
2006081622,,0,,STZ95H,,7.0,1
2006089708,,0,ME,I2I3O70,212,7.0,1
2006100300,,0,IN,T34868,PERM,7.0,2
2007015526,,0,PA,PT3300B,9999,6.0,2
2006095820,,0,UT,32736P,2006,7.0,2
2006077708,,0,MO,0Y66772,,7.0,2
2006058668,,0,ZZ,999999999999,9999,7.0,4
2006077125,,0,IN,605411,,7.0,1
2006080728,,0,MO,983783,2006,7.0,2
2007010235,,0,,,,,2
2006127100,,0,,,,,1
2006120867,,0,TX,W88734,2007,7.0,1
2006097255,,0,VA,970713TA,2001,7.0,1
2006115052,,0,NJ,T72OP,,6.0,2
2006115052,,0,NJ,T5F92O,2006,6.0,3
2006076177,,0,TN,T484O79,,7.0,1
2007008869,,0,,,,,2
2006119224,,0,,,,7.0,1
2006091074,,0,PA,XZ1637,2004,7.0,2
2006082758,,0,TN,T528020,2007,7.0,1
2007006873,,0,PA,,,8.0,1
2006023366,,0,TN,BRY00,,6.0,2
2006042570,,0,,,,,1
2006042570,,0,,,,,2
2006071378,,0,PA,XCN8352,,3.0,1
2006127341,,0,PA,XBK5B,,3.0,2
2007008566,,0,MI,073983R,,6.0,1
2006081936,,0,,YR26I,,7.0,1
2006031177,,0,ME,O9367I7,,7.0,2
2006107439,,0,PA,XYGI97C0,,3.0,2
2006129193,,0,PA,XCC0690,2007,3.0,1
2006095669,,0,TN,08365SP,,7.0,1
2006105847,,0,,,,7.0,1
2006131083,,0,ME,0876446,2007,7.0,3
2006082526,,0,,GKT6BY,,8.0,2
2007007037,,0,PA,M2688C,,7.0,1
2006053957,,0,,,,7.0,1
2006088244,,0,,XQSB7,,3.0,1
2006129860,,0,,,,,1
2006093921,,0,,,,7.0,1
2006131048,,0,PA,XV47SIS,207,3.0,3
2006019449,,0,,,,6.0,1
2007023085,,0,,,,,2
2007012342,,0,PA,XL29774,1998,6.0,3
2006052520,,0,,,,4.0,1
2006056449,,0,,,,,2
2006110857,,0,,,,8.0,1
2006065814,,0,,XR0U749,,6.0,3
2007032644,,0,,,,,2
2006125357,,0,,ZZ984,,9.0,2
2006116551,,0,,J520UJ,,3.0,1
2006022875,,0,NH,4R2DGS,,3.0,1
2006036492,,0,,,,,2
2006204995,,1,,,,1.0,1
2006122276,,0,,,,7.0,1
2006085802,,0,QC,R638I22,,7.0,2
2007005395,,0,PA,XT24715,,7.0,1
2007022331,,0,ZZ,999999999999,9999,8.0,2
2006097005,,0,,40,,7.0,1
2006067790,,0,PA,X25528,,3.0,2
2006105841,,0,,,,7.0,2
2006055243,,0,,,,,1
2006050773,,0,NJ,1532415,2006,7.0,2
2007005393,,0,IA,03Q98,,7.0,1
2007009810,,0,,,,7.0,1
2006080111,,0,,,,9.0,1
2006081031,,0,,,,3.0,2
2006085793,,0,NE,90968,2007,7.0,2
2006055454,,0,PA,66T7N,,9.0,2
2006027410,,0,,B05TI2,,7.0,2
2006105197,,0,ME,09N65B,,6.0,1
2006105197,,0,ME,067Q9,206,6.0,2
2006052139,,0,PA,XRB904,,3.0,1
2006130411,,0,ME,1160221,2011,7.0,1
2006058993,,0,,,,7.0,2
2006084467,,0,CA,4ARIZ7I,,3.0,3
2006087855,,0,PA,XS64481,1986,3.0,3
2007022722,,0,,,,7.0,2
2006044788,,0,PA,XP24928,1974,3.0,1
2006035980,,0,ME,I6S796Y,,7.0,2
2006033483,,0,,,,,1
2006033483,,0,,,,,2
2006087387,,0,KY,12347T,2007,7.0,1
2006087387,,0,VA,967949R,,7.0,2
2006081723,,0,,,,,1
2006119483,,0,PA,XB4SSS,,3.0,1
2006036656,,0,,,,,1
2006019450,,0,NJ,T45Y2L,,7.0,3
2006079931,,0,PA,05628F,,6.0,2
2006131092,,0,ZZ,UNKNOWN,9999,7.0,2
2007022266,,0,,,,8.0,1
2006114393,,0,,X4237I3,,3.0,2
2006066951,,0,,4ONFH,,8.0,2
2006028016,,0,ZZ,999999999999,9999,7.0,2
2006094730,,0,NJ,TB7I7V,,7.0,1
2006116265,,0,,,,6.0,1
2006100649,,0,PA,XW3359,,7.0,1
2007018321,,0,PA,PT7147B,9999,7.0,1
2006037750,,0,,,,,1
2006207706,,1,,,,3.0,1
2006113398,,0,,TBX7OY,,6.0,1
2006094411,,0,NJ,TG889,,7.0,2
2006021336,,0,,,,,2
2007009850,,0,,,,,1
2006080063,,0,,T,,1.0,1
2006080063,,0,,O,,1.0,2
2006093876,,0,,,,,2
2006023435,,0,ME,I0794OZ,,7.0,1
2006007903,,0,IL,3056ST,1996,7.0,2
2006061033,,0,PA,XN7020,,3.0,2
2006100532,,0,,,,9.0,1
2006028024,,0,IL,T80547,2006,7.0,2
2006203082,,1,,,,7.0,2
2006035469,,0,UT,58101N,2006,7.0,1
2006056349,,0,,,,9.0,2
2006022787,,0,,A49H2F,,7.0,1
2006099331,,0,,,,8.0,2
2006038776,,0,PA,MQ1B2Y,9999,3.0,4
2006064896,,0,PA,H49576,,7.0,2
2006033970,,0,PA,AI42ZB,,6.0,1
2006203075,,1,,,,3.0,1
2006014492,,0,NB,119434,2008,6.0,2
2006200453,,1,,,,7.0,1
2006094895,,0,,,,,2
2006035664,,0,NJ,TYQX81I,,7.0,1
2006127065,,0,PA,XN68593,2007,3.0,2
2006044142,,0,,,,,2
2006047965,,0,NJ,T92284,2008,7.0,3
2006117068,,0,PA,XK22065,1968,3.0,1
2006029542,,0,PA,XBA606I,,8.0,1
2006056445,,0,PA,XR20N9,,7.0,2
2006036496,,0,,,,,1
2006200902,,1,,,,7.0,1
2006097257,,0,PA,PT6718C,9999,7.0,1
2006083066,,0,,T,,,1
2006083066,,0,,Y,,1.0,2
2006103562,,0,PA,RR635,,7.0,1
2006113865,,0,PA,XBF0IY,,3.0,1
2006055243,,0,,,,,2
2006111015,,0,PA,XMS2332,2009,3.0,3
2006050772,,0,PA,PT9823E,9999,7.0,2
2006067523,,0,PA,X594083,9999,7.0,1
2007008558,,0,,,,9.0,1
2006023358,,0,VA,62S75,,7.0,2
2006018298,,0,IN,P9352B,,7.0,1
2006123094,,0,ME,1138989,2006,6.0,2
2006118295,,0,PA,PT29540,9999,7.0,2
2006126711,,0,ZZ,UNKNOWN,9999,7.0,1
2006080543,,0,AL,T2534SB,,6.0,2
2006070312,,0,PA,PT8189B,1999,7.0,1
2006062196,,0,,,,6.0,2
2006075707,,0,UT,45413P,2006,7.0,1
2006029181,,0,TN,0349B25,,7.0,2
2007000278,,0,PA,PT7236K,2006,7.0,1
2006053717,,0,,,,,1
2006053717,,0,,,,,2
2006203155,,1,,,,7.0,1
2006054365,,0,ME,0851602,1994,6.0,1
2007008844,,0,ZZ,UNKNOWN,9999,9.0,1
2006102794,,0,,,,6.0,2
2006075858,,0,,T28Z5X,,7.0,2
2006099798,,0,ZZ,UNKNOWN,9999,7.0,1
2007022254,,0,,,,3.0,1
2006113308,,0,,,,,1
2006081723,,0,,,,,2
2006124716,,0,,,,,1
2006124716,,0,,,,,2
2006115145,,0,ZZ,UNKNOWN,9999,7.0,1
2006027322,,0,PA,XN00370,,7.0,1
2006099529,,0,PA,PT6057G,,7.0,2
2007007710,,0,NE,B9295,,7.0,1
2006053757,,0,,,,9.0,1
2006119945,,0,OK,0058T,,7.0,1
2006203076,,1,,,,1.0,1
2006105410,,0,PA,XK20601,2007,7.0,1
2006030488,,0,PA,XW95050,9999,3.0,2
2006089442,,0,NJ,TAJ37S,2008,7.0,1
2006040216,,0,,X537M,,7.0,1
2006037991,,0,,,,,1
2006037991,,0,,,,,2
2006066185,,0,,,,,1
2006131517,,0,,AMZ795H,,7.0,2
2006056312,,0,,I76OY,,7.0,2
2006047254,,0,,,,,2
2006055933,,0,,,,,1
2006055933,,0,,,,,2
2006057498,,0,ME,0876367,2005,7.0,1
2007012645,,0,ME,I03302Z,,7.0,1
2006073641,,0,ON,BT827A,,7.0,1
2006041652,,0,CA,4E5Y235,,6.0,1
2006201976,,1,,,,2.0,1
2006018319,,0,,,,7.0,2
2006091685,,0,NJ,TDC63N,2007,5.0,1
2006094387,,0,,,,,1
2006094387,,0,,,,,2
2006126030,,0,NC,BK56891,,7.0,1
2006058495,,0,PA,MOSY43,6006,3.0,3
2007009550,,0,PA,XMA8737,,3.0,2
2006123882,,0,,I7K07Y0,,7.0,1
2006018302,,0,MB,I826HI,,7.0,2
2006052043,,0,,,,8.0,2
2007015525,,0,ZZ,UNKNOWN,9999,6.0,2
2006023318,,0,,,,9.0,1
2006081428,,0,,FJZ4QW8,,1.0,1
2007005262,,0,PA,T386401,2006,7.0,1
2007013108,,0,NC,AP87S91,,7.0,1
2006130192,,0,NJ,TCD71Z,2009,7.0,2
2006019440,,0,PA,XR6533I,,7.0,1
2006082180,,0,TN,7776Q36,,7.0,2
2006128987,,0,ME,0730691,9999,7.0,2
2006080109,,0,RI,B42II,,6.0,2
2006099776,,0,IL,T3Y8I6Y,,8.0,1
2006055966,,0,,,,,1
2006055966,,0,,,,,2
2006083954,,0,PA,XW08296,2006,3.0,1
2007009851,,0,,I0W7BJ,,7.0,2
2006079762,,0,PA,AF14092,9999,7.0,1
2006023312,,0,IL,Z8Q47,,7.0,2
2006110573,,0,IL,236574ST,2006,7.0,1
2006110573,,0,NJ,T342VE,2006,7.0,2
2006080275,,0,,,,1.0,1
2007111145,,0,MA,0822733,,6.0,2
2006201712,,1,,,,7.0,1
2006070115,,0,DE,T86489,,7.0,1
2006070115,,0,PA,RG22WI,,7.0,2
2006118103,,0,,005,,7.0,1
2006048124,,0,MA,0958583,,7.0,1
2006065842,,0,,A44M7S,206,7.0,3
2006056375,,0,,,,,1
2006093233,,0,ZZ,999999999999,9999,9.0,2
2007004970,,0,MA,,,7.0,1
2006055534,,0,MA,I06W3V,,7.0,1
2006062281,,0,,,,,1
2006062281,,0,,,,,2
2006080065,,0,,,,7.0,1
2006021319,,0,GA,LE884IO,,7.0,1
2006092891,,0,,,,2.0,2
2007022064,,0,,,,,1
2006065629,,0,,,,,1
2006065629,,0,,,,,2
2007012046,,0,PA,XCG6701,2006,3.0,1
2006112669,,0,ME,0790O60,2007,7.0,1
2006201517,,1,,,,7.0,2
2006099647,,0,ME,I0605Y8,,7.0,2
2007008489,,0,MC,O95IB,,6.0,3
2007009912,,0,PA,XZ3336B,,3.0,1
2006043687,,0,,,,7.0,3
2006060623,,0,PA,XY4429,,8.0,2
2006034984,,0,IL,9496HG40A,,3.0,2
2007012643,,0,NJ,T9O03H,,7.0,2
2006080248,,0,TN,T409O61,,6.0,1
2006095928,,0,,UNIK,,6.0,2
2006077469,,0,PA,XR30040,2006,3.0,1
2006074749,,0,PA,XY83394,,3.0,2
2006105925,,0,OK,5W9CZ,,7.0,2
2006110030,,0,NJ,T084F,,7.0,1
2006029029,,0,PA,XS9IS7I,,3.0,2
2006057889,,0,IL,267789,2006,7.0,1
2006121280,,0,PA,8D254,,7.0,1
2006121280,,0,,P0BB40,,3.0,2
2006089489,,0,PA,XL22063,2007,3.0,2
2006049897,,0,ME,1231155,9999,7.0,2
2006084129,,0,ME,09M6253O,,7.0,1
2006208200,,1,,,,7.0,1
2006057658,,0,PA,PT7034C,9999,7.0,1
2006084294,,0,PA,XBK3715,2007,3.0,2
2006103880,,0,,,,6.0,1
2006069831,,0,ME,1543677,2006,7.0,2
2006073490,,0,,A09O6,,6.0,2
2006085135,,0,PA,XY0ZTB,07,7.0,4
2006062414,,0,,,,6.0,2
2006097281,,0,M,UTU688,,7.0,2
2006106390,,0,PA,XW89469,2007,3.0,2
2006106390,,0,PA,PT0090K,9999,7.0,3
2006112713,,0,,Z9604,,6.0,2
2006044870,,0,ME,IZISZB0,,7.0,1
2006097099,,0,ZZ,UNKNOWN,9999,7.0,1
2006079911,,0,,,,7.0,3
2006050698,,0,PA,XBL6128,2007,3.0,1
2006022928,,0,,,,3.0,1
2006081613,,0,,,,,1
2006081613,,0,,,,,2
2006081923,,0,,,,8.0,1
2006065042,,0,,,,6.0,2
2006072382,,0,PA,62420MG,2006,3.0,1
2006122102,,0,TN,T582Z97,2005,7.0,3
2006040590,,0,TN,T6W27I,,7.0,1
2006022929,,0,PA,XCD-3417,1991,6.0,1
2006055920,,0,,,,,2
2006023966,,0,,,,6.0,1
2006115586,,0,OR,7872DZ,,7.0,1
2006065439,,0,PA,A84SG75,,7.0,1
2006131138,,0,PA,PTI9263,,7.0,1
2006102291,,0,PA,XCC9016,2006,3.0,1
2006055948,,0,,,,,1
2006056154,,0,,,,,2
2006035607,,0,PA,X240481,2006,7.0,1
2006035001,,0,,,,,1
2006066147,,0,,NONE,,8.0,1
2006113469,,0,,,,,1
2006113469,,0,,,,,2
2006067099,,0,ZZ,999999999999,9999,6.0,3
2006067099,,0,ZZ,999999999999,9999,6.0,4
2006055922,,0,,,,2.0,2
2006061786,,0,ME,0727889,2007,7.0,2
2006130874,,0,WI,STL492858,2005,7.0,1
2006066481,,0,TN,T67O339,,7.0,1
2006066481,,0,NJ,9ZM864,,1.0,2
2007010355,,0,,U4MQ2,,7.0,1
2006083773,,0,NJ,T49H6F,9999,7.0,1
2006004592,,0,PA,XZ61014,2004,7.0,2
2006094974,,0,NJ,TG27A,,7.0,1
2006128463,,0,IL,T373299,2000,6.0,2
2007048981,,0,,,,,2
2006201462,,1,,,,3.0,2
2006037218,,0,,,,,1
2007022700,,0,PA,GKT8DY,,8.0,1
2007022700,,0,PA,F0U7055,,1.0,2
2006057888,,0,ME,2116911,9999,7.0,1
2006202084,,1,,,,1.0,2
2006126851,,0,OK,OK15060,2007,7.0,2
2006086686,,0,PA,XCL2712,2007,3.0,1
2006115417,,0,,,,9.0,2
2006078334,,0,ZZ,UNKNOWN,9999,7.0,1
2006041090,,0,,I,,,1
2007010787,,0,ZZ,UNKNOWN,9999,7.0,4
2006018832,,0,MA,I829I58,,6.0,1
2006206870,,1,,,,7.0,1
2006061400,,0,PA,XBM3916,2006,7.0,1
2006078071,,0,,XB8XI,,7.0,1
2006118100,,0,OK,9468FA,9999,7.0,2
2006057798,,0,,,,8.0,2
2006126843,,0,,,,,1
2006053525,,0,,0GB8,,7.0,1
2006082412,,0,NY,AP5M9T,,7.0,1
2006049903,,0,PA,XW32841,2006,6.0,1
2006202615,,1,,,,7.0,1
2006208542,,1,,,,3.0,2
2006054190,,0,,IS493457,,7.0,1
2007021073,,0,PA,8N250IR,,7.0,2
2006114748,,0,,,,,1
2006114748,,0,,,,,2
2006095754,,0,,XN8390,,3.0,1
2006129049,,0,TX,X0IRYZ7,,6.0,1
2006120091,,0,,,,8.0,2
2006045644,,0,PA,XB5974S,,3.0,1
2006109278,,0,,,,7.0,1
2006042410,,0,OH,T6Z6295,,7.0,2
2006023316,,0,MN,P5G3WE,,7.0,1
2006040381,,0,ZZ,UNKNOWN,9999,7.0,1
2006076764,,0,A,A885H,,7.0,1
2006076764,,0,IL,DDJRYY,,7.0,2
2006045292,,0,PA,XZ90752,0805,7.0,2
2006124702,,0,KY,773M355,,7.0,2
2006077266,,0,PA,XBL6788,2005,3.0,2
2006077266,,0,,D,,,3
2006019071,,0,PA,8M210,,8.0,2
2006062126,,0,,,,,2
2006055324,,0,,,,,1
2006079216,,0,,W3803,,1.0,1
2007013705,,0,PA,8CR0U4,,3.0,1
2006120748,,0,PA,XP0BTT,,6.0,1
2006035168,,0,,X0J47I4,,7.0,1
2006110482,,0,NJ,UNKNOWN,9999,7.0,2
2006111786,,0,PA,H3847I,,3.0,1
2006054660,,0,,T7JM776,,7.0,2
2006054660,,0,FL,60IS5M,06,7.0,3
2006037606,,0,,,,,1
2007020802,,0,,0874462,,7.0,1
2006036867,,0,,,,7.0,1
2006041176,,0,ZZ,UNKNOWN,9999,7.0,2
2006069702,,0,PA,PT6814F,2006,7.0,1
2006120221,,0,PA,YG312,,8.0,1
2006202115,,1,,,,7.0,1
2007022728,,0,,,,1.0,1
2006091285,,0,TN,T4I76I4,,7.0,1
2006121820,,0,PA,XS99564,1996,3.0,2
2006116367,,0,PA,GLL0319,2007,1.0,2
2006057181,,0,PA,XUZ77S,,7.0,2
2006019094,,0,WA,9280RM,,7.0,2
2006115209,,0,PA,XZ47457,,3.0,1
2006048070,,0,PA,XV36301,2006,7.0,1
2006053475,,0,ME,UTQ508,,7.0,2
2007008450,,0,,,,1.0,1
2006036879,,0,,,,,1
2006054611,,0,,,,1.0,1
2006054611,,0,,,,1.0,2
2007022305,,0,,XZZGQ8,,3.0,2
2007002167,,0,PA,X247779,2009,3.0,1
2006096927,,0,PA,XCL2675,2006,3.0,3
2006090929,,0,PA,XC04727,2007,5.0,2
2006131093,,0,MA,0729312,2007,7.0,3
2006103182,,0,,,,,1
2006083212,,0,OK,4897BL,,7.0,1
2006201383,,1,,,,7.0,2
2006105029,,0,ON,AIB22W,2007,7.0,3
2006053309,,0,NJ,T37M6N,2007,7.0,1
2007049244,,0,,,,2.0,1
2006113307,,0,,,,,1
2006048872,,0,PA,R9N6G,,7.0,1
2006031776,,0,PA,X6LI210,,3.0,2
2006028200,,0,WI,47Q62,,1.0,1
2006028489,,0,NJ,T3G343,2007,7.0,1
2006062202,,0,,,,,2
2007009179,,0,,,,1.0,2
2006100178,,0,PA,XT18317,2007,7.0,1
2006118242,,0,IA,HI4CE,,7.0,1
2006119909,,0,PA,PT495313,9999,7.0,2
2006118801,,0,ZZ,UNKNOWN,9999,6.0,2
2006065558,,0,,,,,1
2006111049,,0,PA,XBHM,,3.0,1
2006202850,,1,,,,7.0,1
2006202850,,1,,,,7.0,3
2006065017,,0,,M,,,2
2007007553,,0,NJ,TCZ85H,,7.0,1
2006055895,,0,TX,R7WJX,,7.0,1
2006036138,,0,ME,0666449,206,7.0,2
2006125370,,0,,,,1.0,1
2006037371,,0,ME,096S908,,7.0,2
2006072913,,0,PA,XL9280Z,,7.0,1
2006121106,,0,PA,XR10905,2007,3.0,1
2006112821,,0,,,,,1
2006061324,,0,MN,83103ST,2006,7.0,1
2006061324,,0,OR,H2T8000,2006,7.0,2
2006021208,,0,,RT278IB,,3.0,2
2006037793,,0,,,,,2
2006072835,,0,PA,PT6875E,2002,7.0,2
2006124240,,0,,M,,1.0,1
2006051201,,0,KY,16413T,9999,7.0,4
2007009846,,0,,,,,1
2007009846,,0,,,,,2
2006095545,,0,SC,84I99O,,7.0,2
2006093266,,0,PA,XY97013,2007,3.0,1
2006092588,,0,,,,,2
2006206472,,1,,,,7.0,4
2006103312,,0,PA,73002MG,99,3.0,1
2006105786,,0,OR,HQ2449,,6.0,1
2006048797,,0,ME,1073537,9999,7.0,1
2007015523,,0,ZZ,I34858,9999,7.0,3
2006080018,,0,,,,,1
2006033164,,0,,,,9.0,1
2006037990,,0,,,,,1
2006037990,,0,,,,,2
2006066002,,0,,,,6.0,2
2006055945,,0,,,,,1
2006055945,,0,,,,,4
2006073496,,0,PA,FO4946,,7.0,1
2006061046,,0,FL,C0741,2003,3.0,2
2007007716,,0,ME,08672B4,,7.0,1
2007022264,,0,,T9075,,7.0,1
2006200666,,1,,,,7.0,1
2006121207,,0,PA,XCA0646,2006,8.0,1
2006124312,,0,,,,8.0,1
2007021531,,0,,,,1.0,1
2006023419,,0,NY,4V8H,,,1
2006065556,,0,,6,,,1
2006122690,,0,,W,,,1
2006122690,,0,,V,,,2
2006103580,,0,ME,O88S836,,7.0,2
2006129708,,0,,,,8.0,1
2007051288,,0,,,,,1
2006097916,,0,OK,5M7DJ,2,3.0,2
2006102847,,0,,,,2.0,2
2006082625,,0,,,,8.0,2
2006102718,,0,PA,XYB2I3,,3.0,2
2006043206,,0,IL,T380716,2000,6.0,1
2006034248,,0,ZZ,UNKNOWN,9999,9.0,1
2006056503,,0,,,,,1
2006056503,,0,,,,,2
2006080928,,0,,,,,1
2006037542,,0,TN,T943Y0G,,7.0,1
2006081649,,0,,,,,2
2006080723,,0,,,,,1
2006075322,,0,PA,AE80487,2006,7.0,3
2006125375,,0,,PT9IM,,7.0,1
2006055628,,0,,,,,1
2006055628,,0,,,,,2
2006042147,,0,PA,5I865,,6.0,2
2006081476,,0,,,,7.0,2
2006084539,,0,MA,OQ7497,08,7.0,3
2006018299,,0,PA,PA87142,2006,8.0,2
2006124281,,0,NJ,AG294Y,,9.0,2
2007022151,,0,,I2MI6005,05,6.0,3
2006066908,,0,VA,X365YI,,3.0,2
2006122199,,0,MA,48165,,7.0,2
2006041464,,0,ZZ,UNKNOWN,9999,7.0,1
2006081527,,0,PA,EXH4SZI,,1.0,1
2006081527,,0,PA,YKVO0Y,,1.0,2
2006097488,,0,,,,,3
2006055758,,0,,,,7.0,2
2006113430,,0,,,,,2
2006115771,,0,,,,,2
2006053820,,0,,8G5U,,7.0,1
2006040259,,0,,,,3.0,2
2006108934,,0,PA,XS-63109,2006,3.0,2
2006069778,,0,NY,60Z55PA,,6.0,1
2006032982,,0,,,,,2
2007011883,,0,PA,XV63649,2008,6.0,3
2006089731,,0,PA,AF1O161,,8.0,2
2006053490,,0,,074826Y,,7.0,1
2006114206,,0,NE,171707,2006,7.0,1
2006065746,,0,,,,,1
2006065746,,0,,,,9.0,3
2006065746,,0,,,,8.0,4
2006111540,,0,,M9,,7.0,3
2006025548,,0,,,,8.0,1
2006025548,,0,,,,,2
2006078153,,0,PA,UNKNOWN,9999,7.0,3
2006028559,,0,,,,9.0,1
2006039593,,0,,,,,2
2006122840,,0,ZZ,999999999999,9999,7.0,2
2006114736,,0,,,,,1
2006054011,,0,,,,,1
2006075135,,0,,,,6.0,1
2006031907,,0,PA,XYYO646,,6.0,1
2007015986,,0,ZZ,UNKNOWN,9999,7.0,1
2007008861,,0,,,,,1
2006053646,,0,ME,IO848UO,,7.0,1
2007009791,,0,,,,,2
2006076597,,0,PA,XWB9WP,,3.0,1
2007032707,,0,,,,7.0,2
2006124746,,0,,,,,1
2006041616,,0,ZZ,UNKNOWN,9999,7.0,1
2006018247,,0,DE,72I3S0,206,6.0,3
2006103697,,0,,,,,2
2007007281,,0,QC,XH07,,6.0,2
2006205871,,1,,,,7.0,1
2006082094,,0,,,,9.0,1
2006095230,,0,,,,7.0,1
2006079887,,0,,,,,1
2006079887,,0,PA,T138QB,,7.0,2
2006079887,,0,,,,,3
2006081944,,0,IL,T2Y6393,,7.0,1
2006023773,,0,PA,87H7B,,7.0,1
2006099911,,0,NJ,TAZ14A,2009,7.0,2
2006052644,,0,,8TIY3P4,,7.0,1
2006112575,,0,PA,XZ09149,1996,6.0,2
2006041002,,0,MB,I548I54,9999,7.0,1
2006053865,,0,MO,YFK2Y5,,7.0,1
2006043313,,0,IN,545230,1994,7.0,2
2007011521,,0,ME,IO66578,,7.0,1
2006095259,,0,,N0NE,,3.0,1
2006126457,,0,NJ,YT4P82S,,8.0,1
2006084826,,0,PA,PT9987E,1986,7.0,1
2006033234,,0,ME,A594598,2007,7.0,1
2006131535,,0,,X8450DI,,3.0,2
2006081722,,0,,,,,2
2006050646,,0,TN,TG64336,,7.0,1
2006043387,,0,SC,P77SZ92,,8.0,2
2006093835,,0,OR,HS00953,2006,7.0,2
2006093835,,0,IL,T336994,9999,7.0,3
2006084139,,0,,NM,,3.0,2
2006047173,,0,,,,,2
2007007128,,0,,,,6.0,1
2006057734,,0,,,,7.0,1
2006118067,,0,PA,T767BE,,7.0,2
2006034191,,0,ME,O776H10,,7.0,2
2007022233,,0,,,,1.0,1
2006054604,,0,,8Z08U,,6.0,2
2007007554,,0,,,,,1
2007007554,,0,,,,,2
2006102351,,0,,7I3UZ0I,,6.0,2
2006059802,,0,ME,0740596,9999,7.0,2
2006036593,,0,,,,,3
2007008817,,0,,,,,1
2006110560,,0,OK,9271I,,6.0,1
2007022526,,0,ME,I0M14770,,7.0,1
2006027498,,0,,,,,1
2006093672,,0,PA,XV76475,2003,3.0,1
2006026577,,0,PA,XN044N,,3.0,1
2006028198,,0,SC,K76567,,6.0,2
2006120554,,0,,,,7.0,2
2006042951,,0,NJ,T123RK,2006,6.0,1
2006054676,,0,,,,6.0,1
2006037201,,0,,,,,1
2006072470,,0,WV,CH45Y7,,7.0,1
2006127222,,0,IL,Z99I6GS,,7.0,2
2006114785,,0,PA,P58M44,,7.0,1
2006104253,,0,,,,6.0,3
2006076066,,0,,TD66O6,,7.0,1
2006106083,,0,ME,I630992,,7.0,2
2006126430,,0,,W950I3,,7.0,1
2006081750,,0,,,,,2
2006126812,,0,PA,XZ20240,9999,8.0,2
2006029532,,0,ZZ,999999999999,9999,7.0,1
2006053491,,0,PA,XCC55I7,,7.0,1
2006052138,,0,PA,XK78U63,,3.0,1
2006079409,,0,,,,,2
2006074365,,0,,,,8.0,2
2006206071,,1,,,,7.0,2
2006059669,,0,ME,078OZ28,,7.0,1
2006088392,,0,,17I7W,,3.0,1
2006079791,,0,VA,125469TR,,7.0,4
2006098115,,0,NJ,TBX12W,,7.0,1
2006042831,,0,PA,PT8697G,2005,6.0,1
2006124542,,0,,,,,1
2006124542,,0,,,,,2
2006053523,,0,,ZY6Z8I,,7.0,2
2006022202,,0,,,,,2
2006028440,,0,,8T5I79A,,7.0,1
2006055188,,0,PA,XCKOWI,,3.0,2
2006086086,,0,,,,3.0,1
2006055946,,0,,,,,1
2006055946,,0,,,,,2
2006074224,,0,IL,P273121,1998,6.0,1
2006028491,,0,PA,PT2530B,2006,7.0,1
2006122535,,0,PA,PT7377F,1999,7.0,2
2006078339,,0,,XL00I84,,8.0,2
2006053512,,0,NJ,VEBB,,6.0,1
2006025177,,0,TN,T9128,,6.0,1
2006056377,,0,,,,,2
2006065557,,0,,,,,2
2006065557,,0,,,,,3
2006066709,,0,OK,8811EL,2004,7.0,1
2006078182,,0,ZZ,UNKN0WN,9999,7.0,1
2006056227,,0,,,,2.0,1
2006108969,,0,ME,1734483,9999,6.0,1
2006126853,,0,,,,,2
2006112248,,0,PA,XBE4027,,3.0,2
2007010260,,0,PA,XV22766,2007,3.0,1
2006115858,,0,,,,,2
2006057913,,0,,,,,2
2006028003,,0,TX,572662,,7.0,1
2006108600,,0,PA,XN74282,2007,3.0,1
2006114125,,0,IL,237404ST,2006,6.0,1
2007004738,,0,ON,C3079T,2099,7.0,1
2007004738,,0,CA,,,,2
2006048794,,0,TN,266782,2006,7.0,1
2006056948,,0,PA,XBL6787,2011,3.0,2
2006106623,,0,NJ,T81T7Y,07,7.0,2
2006053954,,0,,,,6.0,2
2006019064,,0,PA,XY9747,2006,7.0,1
2006027029,,0,NJ,T87Y5U,,7.0,2
2006110826,,0,MB,5HI48I,06,7.0,1
2006037623,,0,,????????????,,7.0,2
2006100448,,0,,1IAI6L8I,,7.0,2
2006114384,,0,,,,,1
2006041422,,0,MS,T842146,2006,7.0,2
2006062965,,0,IN,P68932,2006,7.0,1
2006206042,,1,,,,7.0,1
2006101137,,0,ME,1925208,2006,7.0,2
2006048787,,0,NJ,TG4U3P,,6.0,1
2006018865,,0,,I647092,,6.0,1
2007002273,,0,,,,7.0,1
2006062357,,0,,,,,2
2006037789,,0,,,,,2
2006096851,,0,,,,7.0,1
2006101184,,0,IA,TC3524,2006,6.0,2
2006101581,,0,PA,XV07402,2002,8.0,2
2006087737,,0,PA,454WBHH,2006,8.0,5
2007010220,,0,PA,XW3P3,,7.0,1
2006057049,,0,NE,IWS94,,7.0,1
2006102189,,0,,,,,2
2006201473,,1,,,,7.0,2
2006031884,,0,ZZ,999999999999,9999,8.0,2
2006036124,,0,TN,T788977,2006,7.0,2
2006096669,,0,OK,6098EZ,2007,7.0,1
2006109318,,0,PA,PT6756E,2006,6.0,2
2006023365,,0,,,,6.0,2
2006080950,,0,,,,,1
2006065569,,0,,,,,1
2006096570,,0,,,,7.0,2
2006068806,,0,,,,,1
2006019491,,0,PA,PT9101H,2006,7.0,2
2006062491,,0,,,,6.0,2
2006055749,,0,,,,,1
2006072765,,0,,TLAO885,,7.0,2
2006101828,,0,MA,A8SG28,,7.0,2
2006036931,,0,NJ,T91X3U,2006,7.0,1
2006094080,,0,ZZ,C8IY55,2006,6.0,2
2006206467,,1,,,,7.0,1
2007013376,,0,ME,1542619,2007,7.0,1
2006094572,,0,,,,,1
2006023317,,0,,,,,2
2006055599,,0,,,,6.0,2
2006054068,,0,TN,TI4B9B,,6.0,1
2006046222,,0,TN,T8Y880J,,7.0,2
2007021562,,0,ME,65239I,,7.0,1
2006114601,,0,OK,47O7AM,2007,7.0,2
2006022693,,0,,,,6.0,4
2006063735,,0,IL,T276226,9999,7.0,1
2006101843,,0,,,,,2
2006065004,,0,OK,3973DY,,6.0,1
2006082533,,0,M,Q,,,2
2006201378,,1,,,,7.0,1
2006092556,,0,PA,XN72766,2000,3.0,1
2006047564,,0,PA,XW11219,1995,8.0,2
2006068399,,0,PA,PT2221H,2006,7.0,2
2006054021,,0,DE,T48749,,7.0,3
2006085805,,0,NE,I49078,,7.0,1
2006054631,,0,,,,6.0,2
2006027241,,0,MA,08Y50I,,7.0,1
2006108504,,0,ME,1078826,2006,7.0,1
2006123828,,0,,,,,1
2006123828,,0,,,,,2
2006123828,,0,,,,,3
2006203806,,1,,,,7.0,1
2006062415,,0,IL,T247134,,7.0,1
2006080100,,0,,PTY344,,6.0,1
2006081934,,0,,,,,1
2006081934,,0,,,,,2
2006081934,,0,,,,,3
2006124731,,0,,,,,2
2006124731,,0,,,,,3
2006119233,,0,PA,M78137,,7.0,1
2006106570,,0,PA,K957F,,7.0,2
2006065843,,0,,,,,1
2006065843,,0,,,,7.0,2
2007012023,,0,IN,B06,,7.0,1
2006204970,,1,,,,7.0,2
2006102481,,0,PA,9ZZG14,,3.0,1
2006035888,,0,,,,,1
2006020309,,0,PA,F1906ZF,,7.0,3
2006048156,,0,VA,885838,2006,7.0,1
2007034492,,0,ZZ,UNKNOWN,9999,3.0,2
2006040131,,0,KY,TI290,,7.0,1
2006025646,,0,ON,Z5Y28,0006,7.0,1
2006078269,,0,,XBJ0Q,,3.0,1
2006104828,,0,ME,LIG5IA,0801,7.0,3
2006053742,,0,,,,,1
2006053742,,0,,,,,2
2006025951,,0,ME,2423729,,7.0,1
2006115664,,0,,71BR,,7.0,1
2006033041,,0,,,,,2
2006092366,,0,ME,ISI5ZG,,6.0,2
2006091951,,0,MI,049I9I7,,7.0,1
2006062106,,0,,,,,2
2007000829,,0,,,,7.0,1
2006116854,,0,OR,H555H2,2006,8.0,1
2006037994,,0,,,,,1
2006037994,,0,,,,,2
2006034116,,0,PA,PT2YUG,,7.0,1
2007034527,,0,,,,7.0,2
2006105451,,0,GA,KCO6027A,,7.0,1
2006105451,,0,OK,6J0W05X,,7.0,2
2006105451,,0,,0IW9347AJ,506,7.0,3
2006105451,,0,PA,AIWKH184,7106,7.0,4
2006082329,,0,,,,1.0,1
2007008972,,0,,,,,2
2006081475,,0,,Y,,1.0,1
2006081475,,0,,,,,2
2006036597,,0,,TSIY5A,,7.0,1
2006038064,,0,PA,XVIZZ7I,,3.0,1
2006075531,,0,PA,RT46717,9999,7.0,2
2006123679,,0,PA,D29591,2005,8.0,1
2006100654,,0,PA,EZL9876,2006,1.0,3
2006061696,,0,PA,PT8817B,,7.0,2
2006079889,,0,VA,75YI6ML,,6.0,1
2006087472,,0,QC,R064BL3,206,7.0,2
2006087472,,0,,,,9.0,3
2006108738,,0,ZZ,UNKNOWN,9999,7.0,2
2006097297,,0,IL,T276120,2006,6.0,1
2006028022,,0,ZZ,999999999999,9999,9.0,2
2006127329,,0,ZZ,UN6M0V,06,7.0,2
2006023989,,0,,,,9.0,1
2006080296,,0,PA,8T3293F,,7.0,1
2006029904,,0,ME,09809910,2006,6.0,1
2006079310,,0,,NIA,,7.0,2
2006050774,,0,IN,330572,2005,7.0,2
2006029582,,0,,,,7.0,1
2006057222,,0,TX,66YKZB,2006,3.0,1
2006126313,,0,,,,,2
2006114326,,0,ME,1219289,2006,7.0,1
2006050945,,0,NJ,T17Z6M,2008,7.0,2
2007021339,,0,,,,7.0,1
2006055818,,0,,,,,2
2006055818,,0,,,,,1
2006090375,,0,PA,XCM9441,2007,3.0,1
2006084932,,0,PA,XN13487,2001,8.0,2
2007010419,,0,,8B3O9Y5,,6.0,1
2006037546,,0,,????????????,,,2
2006054084,,0,IL,254I6M,,7.0,1
2006056114,,0,,,,,2
2006056114,,0,,,,,1
2006054052,,0,CH,V724L2,,6.0,2
2006044861,,0,PA,XBNIS4S,,3.0,1
2006050745,,0,OK,I992BF,,6.0,1
2007007730,,0,,,,,1
2006089710,,0,,,,8.0,2
2006205528,,1,,,,5.0,1
2006205528,,1,,,,5.0,3
2007022141,,0,CI,HM6MQ,,7.0,1
2007002686,,0,OK,7ZS0EB,,7.0,1
2006126239,,0,,,,9.0,1
2006126239,,0,,,,9.0,2
2006088872,,0,PA,XCE5817,2006,3.0,1
2007002815,,0,IL,270986,2007,7.0,3
2006045248,,0,,NONE,,8.0,2
2006027165,,0,PA,XV37257,,7.0,1
2006079849,,0,,,,6.0,1
2006123794,,0,PA,F1I7BB,,7.0,2
2006204153,,1,,,,7.0,2
2006201494,,1,,,,2.0,2
2006049896,,0,IL,T253447,2006,7.0,2
2006042949,,0,,,,1.0,1
2007007145,,0,WI,W37009,,7.0,2
2006098488,,0,NC,PT65213,9999,6.0,1
2006093575,,0,,,,2.0,1
2006048785,,0,GA,LE7IDB,,6.0,2
2006102812,,0,NT,TCPJY,,3.0,1
2006114518,,0,PA,XZ04214,2007,6.0,1
2006041625,,0,PA,XR26OQ,,7.0,1
2006067789,,0,WI,5TZ8397,,7.0,1
2007005338,,0,ME,1I6Z701,,7.0,1
2006202399,,1,,,,7.0,2
2006019170,,0,,,,8.0,2
2006038615,,0,ZZ,UNKNOWN,9999,7.0,1
2006055722,,0,PA,A0WMBZ,,1.0,1
2006055722,,0,,6M42J4L,,1.0,2
2006065957,,0,PA,XM88201,9999,3.0,2
2006101835,,0,,,,,1
2006101835,,0,,,,,2
2006107741,,0,ZZ,UNKNOWN,9999,7.0,1
2006019052,,0,PA,TD1026D,2006,3.0,2
2007014176,,0,NJ,T851SF,2007,7.0,3
2006105554,,0,,,,7.0,2
2006111923,,0,PA,XBK3357,,3.0,1
2006111923,,0,PA,XVYO922,,3.0,2
2006080726,,0,NJ,T0C69R,24,3.0,1
2007000791,,0,NJ,TB025E,,7.0,1
2006060260,,0,TN,T293287,2006,7.0,2
2006111954,,0,,7Z40,,7.0,2
2006084408,,0,PA,XY680W,,3.0,1
2006023885,,0,PA,XBC5047,2006,8.0,2
2006055448,,0,,,,,1
2006089126,,0,ZZ,UNKNOWN,9999,7.0,3
2006205653,,1,,,,3.0,1
2006103710,,0,MI,B532748,2007,7.0,3
2006123173,,0,ME,HB340Z,,7.0,1
2006050665,,0,PA,PT6177H,9999,7.0,2
2007002300,,0,PA,XWI4I6B,,3.0,1
2006069851,,0,ME,HRR5M8,,7.0,2
2006076339,,0,ME,I064447,,7.0,1
2006077431,,0,ZZ,UNKNOWN,9999,7.0,1
2006128576,,0,,,,7.0,2
2006040372,,0,PA,PT8142H,9999,7.0,1
2006076175,,0,ZZ,UNKNOWN,9999,7.0,3
2006081935,,0,NG,N6,,,2
2006054689,,0,,,,9.0,2
2006116589,,0,,,,7.0,2
2006114851,,0,OK,5678FD,1998,7.0,2
2006079850,,0,,,,6.0,2
2007003503,,0,,,,7.0,1
2006076742,,0,TN,XR047I,9999,7.0,3
2006018435,,0,,,,,2
2006081444,,0,,,,,2
2006120168,,0,PA,XT83126,1998,3.0,1
2006131445,,0,PA,XCC0023,2007,3.0,2
2006207106,,1,,,,3.0,2
2006126454,,0,,U46,,9.0,1
2006108306,,0,ZZ,UNKNOWN,9999,7.0,1
2006075641,,0,CL,HRD785,,7.0,2
2006102112,,0,,,,8.0,1
2006031357,,0,NJ,JX8,,7.0,2
2006113336,,0,,,,,2
2006075847,,0,,,,,1
2006075847,,0,IL,314G947,9999,7.0,2
2007023063,,0,,,,,1
2007023063,,0,,,,,2
2006108305,,0,PA,PT3934J,9999,7.0,1
2006047176,,0,,PD440H,,6.0,1
2006070006,,0,,RSSYE,,6.0,2
2008095094,,0,NY,AD45566,1999,6.0,1
2006110817,,0,TN,T766993,262,7.0,1
2006033282,,0,,,,,1
2007004412,,0,ZZ,UNKNOWN,9999,7.0,1
2006045003,,0,PA,XCH298I,,3.0,2
2006205870,,1,,,,7.0,1
2006205870,,1,,,,7.0,3
2006203015,,1,,,,2.0,1
2006057441,,0,,,,6.0,1
2006069411,,0,,,,,1
2006034203,,0,,,,6.0,2
2006127112,,0,,,,7.0,1
2006097445,,0,PA,8M4683,,8.0,1
2006050103,,0,IN,PI0Y457,2006,6.0,1
2006010659,,0,IA,TA2418,1997,7.0,1
2006055010,,0,,,,,2
2006055882,,0,,Y,,,1
2006019378,,0,,,,6.0,1
2006119946,,0,PA,RK5SW,,8.0,1
2006203812,,1,,,,7.0,1
2006091978,,0,,2B707SZ,,7.0,1
2006071372,,0,GA,LE7760,,1.0,2
2006030309,,0,,,,7.0,2
2007000845,,0,PA,XCP88B,,3.0,1
2006092201,,0,ZZ,UNKNOWN,9999,9.0,2
2006062351,,0,,,,,2
2006107011,,0,MO,859682,2006,6.0,2
2006094734,,0,TN,T309830,2007,7.0,1
2006103754,,0,ME,1712862,9999,7.0,1
2006096795,,0,OK,DAZ6380,2007,6.0,2
2006080358,,0,PA,PT1822H,2006,7.0,2
2006035665,,0,OK,466Z2J,,7.0,3
2006028380,,0,PA,XM80819,1984,7.0,1
2006113831,,0,,,,9.0,2
2006076365,,0,,RW7BO,,7.0,1
2007094653,,0,CA,4FA9034,2007.0,7.0,2
2007100172,,0,,7T0,,7.0,2
2007109456,,0,,,,,2
2007092033,,0,,,,,1
2007092033,,0,,,,,2
2007094297,,0,PA,XV-12102,,3.0,2
2007069802,,0,,W,,,1
2007107543,,0,,,,,2
2007092258,,0,,,,,1
2007092258,,0,,,,,2
2007073374,,0,IL,T362529,9999.0,7.0,1
2007053089,,0,MN,2411800,2007.0,7.0,2
2007089646,,0,W,M,,,1
2007089646,,0,M,M,,,2
2007117647,,0,ZZ,UNKNOWN,9999.0,7.0,2
2007124268,,0,,,,,1
2007124268,,0,,,,,2
2007070947,,0,,,,7.0,1
2008135643,,0,PA,XZ51368,2008.0,3.0,2
2007098746,,0,,,,,1
2007081778,,0,,,,,1
2007081778,,0,,1,,,2
2007039344,,0,,,,7.0,1
2008034265,,0,,U0K,,7.0,1
2007205465,,1,,,,7.0,1
2008016537,,0,,,,,1
2008016537,,0,,,,,2
2008016537,,0,,,,,3
2007082495,,0,,RU8Y,,6.0,1
2007045769,,0,,,,,1
2007045769,,0,,,,,2
2007068380,,0,OK,3234DU,,7.0,2
2007029900,,0,IL,2424325T,2004.0,7.0,2
2007054647,,0,NJ,T20N4M,,7.0,1
2007026830,,0,,1,,,1
2008045421,,0,IC,L1Z5105,,7.0,1
2007098809,,0,,,,,1
2007085672,,0,,,,,1
2007052868,,0,,PTI646H,,7.0,2
2007104626,,0,PA,XS68593,2007.0,7.0,1
2007081010,,0,,,,,2
2007063248,,0,PA,XM60I57,,3.0,1
2007117550,,0,OK,6897EB,2007.0,7.0,1
2007123268,,0,,01KB97,,4.0,1
2007094951,,0,MA,0916870,9999.0,7.0,2
2008014366,,0,,M,,,1
2008014366,,0,,1,,,2
2008014366,,0,,,,,3
2007040104,,0,ZZ,UNKNOWN,9999.0,7.0,1
2007107230,,0,IL,T309804,2007.0,7.0,1
2007042201,,0,TN,07RQS,,7.0,1
2007043068,,0,PA,YI4023A,,7.0,2
2007043068,,0,PA,PT7672F,0.0,7.0,5
2007043068,,0,ME,U69SB,2006.0,7.0,6
2007093099,,0,PA,XCE5183,,3.0,1
2007205167,,1,,,,7.0,1
2007054305,,0,,,,,2
2007118921,,0,PA,PA95326,9999.0,8.0,2
2007100871,,0,PA,XBE4027,,3.0,2
2007108388,,0,PA,XBE7604,1998.0,3.0,2
2008045483,,0,,N0N5,,3.0,2
2007072395,,0,PA,XB8B3S0,,3.0,2
2007067695,,0,,,,7.0,1
2008003131,,0,PA,XDA6T5,,6.0,2
2007081707,,0,,,,,3
2007113924,,0,TN,T946827,,7.0,2
2008012253,,0,PA,XBJ7MG,,7.0,4
2007081027,,0,,,,,1
2007081027,,0,,,,,2
2007044509,,0,,UNK,,7.0,2
2007201571,,1,,,,2.0,3
2007100830,,0,NJ,TDA82G,9999.0,7.0,1
2007105117,,0,PA,XDX5227,2007.0,8.0,2
2008010652,,0,,,,,1
2008010652,,0,,,,,2
2008009189,,0,ME,0968J07,2007.0,7.0,2
2008009189,,0,ME,1056480,2007.0,7.0,4
2008009189,,0,,,,7.0,5
2007109650,,0,,,,,1
2007048673,,0,,,,,1
2007029290,,0,PA,UNKNOWN,9999.0,1.0,1
2008024051,,0,,,,,2
2007100588,,0,ZZ,UNKNOWN,9999.0,7.0,2
2007049553,,0,ME,287867,2008.0,7.0,2
2007098685,,0,,I,,,1
2007063646,,0,WI,5129623,2007.0,7.0,2
2007098295,,0,,,,,1
2008003892,,0,ME,1138861,2007.0,7.0,1
2007109755,,0,PA,7B78,,7.0,1
2007022687,,0,PA,PT1690F,2007.0,6.0,2
2007092420,,0,,M,,,1
2007092420,,0,,W,,,2
2007092420,,0,,W,,,3
2007067371,,0,,,,6.0,2
2007100195,,0,NJ,RLZ135,2007.0,1.0,1
2007029163,,0,AL,80790S,,7.0,1
2007099166,,0,,,,,1
2007081068,,0,,,,,1
2008011993,,0,,,,8.0,4
2007050977,,0,PA,XCG 6244,2011.0,3.0,2
2007019383,,0,,,,,2
2007089334,,0,NJ,TE4OZYY,2007.0,7.0,1
2007053436,,0,CA,4EL3740,2007.0,7.0,1
2008020412,,0,GA,9O939,2007.0,6.0,3
2007039706,,0,,WKMW4,,7.0,1
2007069686,,0,,,,,1
2007069686,,0,,,,,2
2007095086,,0,ME,0840853,2008.0,7.0,2
2007081002,,0,PA,MYG27B,,7.0,2
2007106461,,0,,CI522Y,,6.0,2
2007027152,,0,PA,H0E0G,,7.0,2
2007120706,,0,,,,,1
2007068288,,0,PA,XL59269,,3.0,1
2007052673,,0,PA,FI2M9L,,6.0,2
2007086109,,0,OK,1226DZ,2008.0,7.0,2
2007057976,,0,,,,7.0,3
2007120291,,0,,,,,1
2007120291,,0,,,,8.0,2
2007105029,,0,PA,PT2613B,,7.0,1
2008020652,,0,ME,1272362,2008.0,7.0,1
2007055178,,0,IL,2S9GG5T,,7.0,2
2007070078,,0,,????????????,,7.0,1
2007109424,,0,,,,,1
2007079273,,0,,,,,1
2007102887,,0,PA,P5SZK,,7.0,2
2007019850,,0,ME,0887173,2007.0,7.0,1
2008013389,,0,,,,8.0,2
2007094644,,0,ZZ,UNKNOWN,9999.0,7.0,2
2007092772,,0,,,,,2
2007083125,,0,,,,,1
2007080113,,0,,GMFHU,,1.0,3
2007120292,,0,,,,,2
2007069719,,0,,7L7886,,7.0,1
2007069719,,0,,TNT7897,7.0,7.0,2
2007118830,,0,TN,231890,2000.0,7.0,1
2007069462,,0,PA,PTQM0L,,6.0,1
2007107031,,0,,,,,1
2007078022,,0,AZ,S11579,2007.0,6.0,1
2008005004,,0,,,,,1
2007070946,,0,,NIA,,3.0,1
2008005180,,0,NJ,7439BK,,7.0,2
2007082839,,0,OK,6CIZET,,7.0,1
2007025241,,0,,,,,1
2007063830,,0,MD,5M237G,,7.0,2
2007087152,,0,OK,9921CL,9999.0,7.0,2
2007069369,,0,PA,TAM488,2007.0,7.0,2
2007116458,,0,MN,94215ST,2007.0,7.0,1
2007028270,,0,,64K40VQ,,6.0,2
2007055457,,0,ZZ,UNKNOWN,9999.0,7.0,2
2007091200,,0,,,,3.0,1
2007093241,,0,,,,8.0,2
2007040315,,0,,XC0Y8B8,,7.0,1
2008013432,,0,PA,XA10612,,6.0,1
2008013432,,0,NJ,T7Y3A,,6.0,2
2007123870,,0,PA,XDC5671,2008.0,3.0,1
2007107606,,0,TN,080258S,9999.0,7.0,1
2007029077,,0,PA,PT6035K,2006.0,6.0,1
2008024434,,0,,T,,,1
2007119929,,0,PA,XY24322,1994.0,7.0,2
2007027610,,0,,T51017S,,6.0,1
2007123840,,0,,,,,2
2007120198,,0,,T0U972,,7.0,1
2007122372,,0,IN,P000,207.0,7.0,3
2007064708,,0,,0Z69Z,,7.0,1
2007031158,,0,ZZ,UNKNOWN,9999.0,7.0,1
2007120623,,0,PA,GSH6638,1995.0,4.0,2
2007087508,,0,,XY8SB7,,7.0,1
2007047566,,0,,,,,1
2007039057,,0,IN,P466N,,6.0,2
2007037691,,0,NS,MI2I7YL,,7.0,2
2007097485,,0,,,,,1
2007067098,,0,,,,,2
2007067098,,0,,,,,3
2008014255,,0,,I27363,,6.0,1
2008046915,,0,PA,XS83669,2002.0,3.0,2
2007047855,,0,,,,,2
2007097852,,0,,247LR03V,,6.0,2
2007081468,,0,,,,7.0,1
2007027294,,0,OR,HQ38179,2007.0,6.0,1
2007113473,,0,ME,0849112,1999.0,7.0,1
2007071695,,0,PA,XY95487,2008.0,6.0,1
2007075962,,0,PA,XW80034,9999.0,7.0,2
2007116314,,0,,T220302,,6.0,1
2008003552,,0,,TO,,,2
2008078387,,0,PA,EPJ4039,2008.0,1.0,2
2007072454,,0,,,,9.0,1
2007072454,,0,,,,9.0,2
2007004116,,0,MT,T31295,2007.0,7.0,1
2007106441,,0,NE,144790,2007.0,7.0,2
2007033529,,0,NJ,TDM53L,2005.0,7.0,1
2007119029,,0,ZZ,UNKNOWN,9999.0,8.0,3
2008078636,,0,IL,T364025,2008.0,7.0,1
2007032107,,0,OK,9154B5,,7.0,1
2007118421,,0,PA,XCV6571,2001.0,8.0,2
2007103716,,0,,,,,1
2007103716,,0,,,,,2
2007058472,,0,IL,T325899,,7.0,1
2007055818,,0,,T3I9G38,,7.0,1
2007205136,,0,,,,1.0,1
2007111933,,0,??,????????????,,,1
2007098507,,0,,,,9.0,1
2007066343,,0,KS,A5M3Z,,7.0,1
2007061810,,0,CA,4ET5151,2008.0,7.0,2
2007099361,,0,,,,8.0,1
2007080064,,0,,,,,1
2007080064,,0,,,,,3
2007069504,,0,NY,ANGSO8,,7.0,2
2007048719,,0,IL,XL29212,2007.0,7.0,1
2007066220,,0,FL,C9H7R,,7.0,1
2007066220,,0,,,,,2
2007086480,,0,NJ,TEF24U,,7.0,1
2008078652,,0,MI,A295001,1996.0,7.0,2
2008006682,,0,,,,,1
2008006682,,0,,V,,,5
2008024924,,0,PA,XBB5222,2004.0,3.0,1
2007081053,,0,,,,8.0,1
2007078733,,0,,,,,1
2007055476,,0,PA,PT937YF,,7.0,2
2007126176,,0,,,,,1
2007087856,,0,ZZ,UNKNOWN,9999.0,9.0,1
2007096889,,0,IL,180256ST,,7.0,1
2007090962,,0,ZZ,UNKNOWN,9999.0,9.0,1
2007006694,,0,PA,XM03405,2007.0,7.0,1
2007111735,,0,,,,,3
2007120342,,0,NE,125383,2007.0,7.0,1
2007086977,,0,NJ,TBL52J,,7.0,1
2007092811,,0,,,,,1
2007092811,,0,,????????????,,,2
2007104428,,0,IL,247601,2007.0,7.0,1
2008029724,,0,,,,,1
2008029724,,0,,,,,3
2008002478,,0,DE,0NK,,6.0,1
2007110176,,0,,,,,1
2007110176,,0,,,,,2
2007104560,,0,,,,,1
2008029745,,0,,,,,2
2007059517,,0,PA,XN95403,2008.0,3.0,2
2007081687,,0,,,,,2
2007052173,,0,,,,7.0,2
2007078968,,0,PA,YJC9527,,3.0,3
2007120722,,0,,,,,1
2007200675,,1,,,,7.0,1
2008013426,,0,ME,W84SY8,,7.0,1
2007095690,,0,,,,,2
2007029973,,0,ME,A848192,2008.0,7.0,2
2007120415,,0,TN,T666147,9999.0,7.0,1
2007040794,,0,PA,XM15380,7.0,5.0,2
2008007470,,0,,N8N61,,8.0,2
2008024427,,0,,02,,7.0,2
2007030097,,0,,,,,1
2007037895,,0,ME,Z52S0O9,,7.0,2
2007107794,,0,IL,285754,2010.0,7.0,1
2007074324,,0,,86A28G,9999.0,7.0,3
2007095807,,0,,,,,1
2007107938,,0,MC,09P067Q,,7.0,1
2007035158,,0,,U0K1,,7.0,1
2007061951,,0,IA,TA6O3Z,,6.0,2
2007033039,,0,PA,XW74339,9999.0,5.0,2
2007055501,,0,NY,3134B8,2007.0,7.0,1
2007037493,,0,,PT7YY5J,,7.0,1
2007037493,,0,,U032Q0,,7.0,2
2007064720,,0,ZZ,UNKNOWN,9999.0,7.0,1
2007014973,,0,ME,I33Z80,,7.0,1
2008017400,,0,,,,,1
2008017400,,0,,,,,2
2007092308,,0,,,,,1
2007092308,,0,,,,,2
2007092308,,0,,,,,3
2007092308,,0,,,,,4
2007040748,,0,PA,XN29418,2007.0,7.0,2
2007126533,,0,,,,9.0,3
2007029912,,0,NJ,T86H8C,2007.0,7.0,2
2007062299,,0,,X0CA45,,8.0,2
2007055400,,0,UT,48524N,2007.0,7.0,2
2007055400,,0,PA,XCW0277,2007.0,7.0,4
2007124817,,0,PA,XM4Q13,,3.0,2
2007104499,,0,,,,,1
2007201432,,1,,,,7.0,3
2007037928,,0,FL,71U7CN,2007.0,6.0,1
2007107902,,0,,T43U5G,,6.0,1
2008034543,,0,NY,3583B8,2008.0,7.0,1
2007110177,,0,,,,,1
2007110177,,0,,,,,2
2007110177,,0,,,,,3
2007083041,,0,,,,,1
2007062444,,0,,7R06H,,7.0,1
2007106816,,0,,,,,1
2008028982,,0,,,,,2
2007123280,,0,PA,XCX4386,,7.0,1
2007068251,,0,PA,XCR8006,2007.0,3.0,1
2007064718,,0,PA,XN05732,2007.0,3.0,2
2007070253,,0,,,,,1
2007027572,,0,,,,,1
2007107391,,0,IN,0211199,2001.0,6.0,2
2008024049,,0,,XT2464,,7.0,1
2007057210,,0,,,,,2
2008012217,,0,ZZ,UNKNOWN,9999.0,3.0,1
2007076500,,0,NJ,T7557D,,6.0,2
2007077621,,0,NJ,T14T1H,2007.0,7.0,1
2007080534,,0,ME,2218624,2022.0,7.0,2
2007007237,,0,PA,XCD8333,1999.0,3.0,2
2007077934,,0,,X635O,,8.0,1
2007120170,,0,PA,XK42776,9999.0,7.0,1
2007120170,,0,TN,103348,2007.0,7.0,2
2007037372,,0,NJ,T29FSM,,6.0,1
2007096663,,0,ZZ,UNKNOWN,9999.0,1.0,3
2008006457,,0,,,,,1
2008006457,,0,,,,,2
2007026635,,0,IN,P060203,2007.0,7.0,1
2008018639,,0,,,,,1
2007049541,,0,ZZ,PT60646,9999.0,6.0,1
2008034128,,0,ZZ,UNKNOWN,9999.0,9.0,1
2007109774,,0,,,,9.0,1
2007109774,,0,,,,,2
2007061691,,0,PA,UNKNOWN,9999.0,6.0,1
2007099499,,0,,,,,1
2007099499,,0,,,,,2
2007120530,,0,PA,G2K8602,,1.0,1
2007097809,,0,,,,,1
2007118761,,0,,47Z8R,,7.0,1
2007074721,,0,,,,,1
2008006211,,0,,M,,,1
2007112115,,0,,,,,1
2007066043,,0,,F,,,1
2008007565,,0,,M,,,1
2008007565,,0,,G,,,2
2007035446,,0,NJ,TDF45J,2007.0,1.0,1
2007108570,,0,,,,,1
2007084113,,0,DE,T71373,2010.0,3.0,2
2007103279,,0,IL,26374I,,6.0,2
2007110533,,0,,,,,1
2007110533,,0,,,,,2
2007100196,,0,PA,PT35B6L,,7.0,2
2007094533,,0,,,,7.0,1
2008012486,,0,ON,D5872A,2008.0,7.0,1
2007069718,,0,ZZ,UNKNOWN,9999.0,7.0,1
2008000671,,0,MI,YI2R2,,7.0,2
2007202820,,1,,,,2.0,1
2007058847,,0,DE,T25717,1988.0,7.0,1
2007103759,,0,,,,,1
2007103759,,0,,0,,,2
2007103759,,0,,,,,3
2007052481,,0,,U0YI532,,7.0,1
2007099397,,0,,,,,2
2007095771,,0,,X266P6,,8.0,1
2007039788,,0,,UNK,,9.0,1
2008013880,,0,,,,,1
2008013880,,0,,Q,,,2
2007091248,,0,PA,XZ46933,,3.0,1
2007019567,,0,IA,TC2272,9999.0,7.0,1
2007050587,,0,NY,AE33898,,7.0,1
2007058185,,0,NJ,T82V6H,2004.0,7.0,2
2007097818,,0,,,,7.0,1
2007107084,,0,,,,,1
2007110714,,0,,,,,5
2007059821,,0,PA,XZ90756,2008.0,6.0,2
2007091242,,0,,????????????,,,1
2007091242,,0,,????????????,,,2
2007070844,,0,CA,4GJ1746,2007.0,7.0,2
2008033784,,0,,,,7.0,2
2007091591,,0,NJ,T54V4J,,6.0,2
2007118038,,0,,,,7.0,2
2007111721,,0,NJ,TCJ48J,2007.0,7.0,1
2007080116,,0,,,,9.0,2
2008003733,,0,,,,9.0,2
2007054948,,0,IN,PI07BW,,7.0,1
2008016087,,0,,,,,2
2007106947,,0,,,,,1
2007106947,,0,,,,,2
2007081556,,0,TN,118S592I,,7.0,1
2007113871,,0,PA,XCD9036,2007.0,7.0,1
2008008715,,0,MA,T76BB,,9.0,1
2008021099,,0,NJ,TEU-63X,2011.0,6.0,1
2007055791,,0,PA,XCS8697,2007.0,3.0,2
2007042395,,0,PA,XBE3344,2007.0,3.0,1
2007111123,,0,PA,XCH7216,2001.0,3.0,5
2007090900,,0,,????????????,,7.0,1
2007102152,,0,,,,8.0,1
2007099128,,0,IL,I0S098J,,6.0,1
2007080076,,0,,,,9.0,1
2008029159,,0,,,,,2
2007067828,,0,,D2Q5,,7.0,1
2007071669,,0,,,,8.0,1
2007047009,,0,,,,,2
2007102918,,0,PA,X052B93,,3.0,2
2007103060,,0,ME,252Y986,,7.0,2
2007054058,,0,IL,3I440Z4,,7.0,1
2007080080,,0,,,,,1
2007048320,,0,,,,,1
2007122301,,0,NJ,T58WBE,,7.0,1
2007034720,,0,PA,XBH 2488,,8.0,1
2007025394,,0,,,,,1
2007118758,,0,IN,535032,2008.0,3.0,3
2007042684,,0,NJ,T83U9T,2007.0,7.0,2
2007016936,,0,IL,3O23465,,7.0,2
2007096716,,0,OH,TNE87,,7.0,2
2007119643,,0,,,,7.0,1
2007103675,,0,PA,X0H627C,,6.0,2
2007104561,,0,OK,5473WH,,7.0,1
2007116223,,0,,,,6.0,1
2007116223,,0,,,,,2
2007124594,,0,,A,,,1
2007104238,,0,PA,XCDES0,,7.0,1
2007104238,,0,,,,,2
2007203536,,1,,,,3.0,1
2007047664,,0,,W,,9.0,1
2007106005,,0,PA,22318,1972.0,7.0,2
2007091464,,0,OK,8155FC,,7.0,1
2007029910,,0,ME,2123006,9999.0,7.0,1
2008000426,,0,,,,,1
2012029953,,0,ZZ,,,7.0,1
2007082359,,0,,8O9868,,3.0,1
2007082359,,0,ME,0M828,,6.0,2
2008002719,,0,NJ,T3OYIN,,6.0,1
2008002719,,0,NJ,8YIUE,,6.0,2
2007090439,,0,FL,HP789G2,,7.0,2
2008034626,,0,OK,3392FT,207.0,7.0,1
2008034626,,0,IL,TI7U7G,207.0,7.0,2
2007124471,,0,IN,P37117,2008.0,7.0,1
2008009200,,0,,,,7.0,2
2008007257,,0,,,,,1
2008007257,,0,,,,,2
2007061227,,0,CA,4FE4S5J,2.0,7.0,1
2007061570,,0,PA,XV97864,9999.0,6.0,1
2007116916,,0,,,,,2
2007069335,,0,,,,7.0,2
2007092752,,0,,,,,1
2007092752,,0,,,,,2
2007092752,,0,,,,,3
2007092752,,0,,,,,4
2007087836,,0,NJ,T88J4H,,7.0,2
2007107070,,0,,,,,2
2007042052,,0,PA,PT2433K,9999.0,7.0,1
2008002536,,0,PA,XC46U9,,3.0,1
2007026863,,0,,,,,1
2007026863,,0,,,,,2
2007111714,,0,,,,7.0,2
2007080859,,0,,,,7.0,4
2007069733,,0,,,,,1
2007069733,,0,,,,,2
2007047679,,0,,,,,2
2007000354,,0,TN,U000073,7.0,6.0,2
2007035908,,0,IA,TA3100,2007.0,6.0,2
2007022543,,0,,,,,2
2007080409,,0,,,,,1
2007067243,,0,,,,,1
2007067243,,0,,,,,2
2007067243,,0,,,,,3
2007075238,,0,,,,,2
2007093547,,0,,,,,2
2008022748,,0,MD,625673G,,6.0,2
2007085522,,0,ZZ,UNKNOWN,9999.0,7.0,1
2007120230,,0,,,,,1
2007086411,,0,PA,XCAI2M,,4.0,2
2007055387,,0,IL,57834ST,2007.0,7.0,1
2007055387,,0,PA,XCB4813,2007.0,7.0,2
2007058015,,0,,,,,1
2008013300,,0,,,,9.0,1
2008013300,,0,,,,9.0,2
2007074294,,0,PA,PT6773H,2007.0,7.0,1
2007106568,,0,,,,,1
2008034175,,0,ME,12-29519,9999.0,7.0,1
2007034558,,0,PA,YZ00289,1995.0,7.0,3
2007061900,,0,PA,XBNSB9,,3.0,2
2007117814,,0,ME,1176204,2011.0,7.0,1
2008004540,,0,OK,6ID508L,,7.0,1
2007039398,,0,,0B4237,,7.0,2
2007056513,,0,,,,,2
2007105212,,0,PA,XBF515,2007.0,3.0,2
2007020431,,0,ME,R128601,,7.0,1
2007032400,,0,DE,I990I7,,7.0,1
2007110167,,0,,I7S99FG,,7.0,1
2007110167,,0,,,,,2
2008020588,,0,OH,TNWQB,,7.0,2
2007044555,,0,PA,XM9079,,3.0,1
2007065650,,0,,,,9.0,1
2007065650,,0,,,,,2
2007065650,,0,,,,,3
2007065650,,0,,M,,1.0,4
2007036514,,0,PA,XBF2482,2008.0,3.0,1
2007069451,,0,,,,,1
2007069451,,0,,,,,2
2007069451,,0,,,,,3
2007056924,,0,,,,,1
2007036416,,0,ZZ,UNKNOWN,9999.0,7.0,1
2007055381,,0,,,,7.0,1
2007037212,,0,IN,I374ZY,,7.0,2
2007055455,,0,OH,11NF3IOG,,7.0,2
2007098995,,0,,,,8.0,2
2007064981,,0,PA,XCK5727,2008.0,3.0,1
2007107936,,0,ID,TAWYI,,7.0,1
2007070738,,0,ZZ,UNKNOWN,9999.0,7.0,1
2007062384,,0,TN,T492537,2002.0,7.0,2
2007063913,,0,,I5LR481,,7.0,2
2007043172,,0,PA,PT1340D,9999.0,7.0,1
2007081997,,0,,,,,1
2008011056,,0,,,,7.0,2
2008008730,,0,ME,U53G96,,7.0,1
2007092300,,0,,,,,1
2007092300,,0,,,,,2
2007059232,,0,NJ,TCW95W,2007.0,7.0,1
2007061922,,0,PA,M9I3F,,7.0,2
2007096594,,0,,,,,1
2008000427,,0,ME,IN9W6,,7.0,1
2008007283,,0,,,,7.0,1
2007093257,,0,,,,,1
2008024526,,0,,,,,1
2007056173,,0,,AH3240,,7.0,2
2007062677,,0,ZZ,UNKNOWN,9999.0,8.0,2
2007116134,,0,ZZ,UNKNOWN,9999.0,8.0,1
2007074552,,0,,M,,,2
2007040313,,0,PA,XCC6182,2007.0,7.0,1
2007110550,,0,,,,7.0,1
2007081145,,0,PA,7987MW,,1.0,1
2007049359,,0,IL,T250833,2008.0,7.0,1
2007076424,,0,,O,,,2
2007069803,,0,,,,,1
2007069803,,0,,,,,2
2007069803,,0,,M,,,3
2007025653,,0,OR,HQ06068,2007.0,6.0,2
2007087854,,0,PA,XCY4377,2007.0,7.0,1
2007021357,,0,PA,8CK38Y,,7.0,1
2007116459,,0,TA,XZ1HP6H,,3.0,1
2007085882,,0,,,,,1
2007126118,,0,,,,,1
2007126118,,0,,,,,2
2007043503,,0,PA,XR31225,2007.0,7.0,1
2007064445,,0,PA,XK-45097,9999.0,7.0,1
2007044159,,0,M,M,,,1
2007023176,,0,,,,,2
2007051417,,0,ZZ,UNKNOWN,9999.0,7.0,1
2008004912,,0,,,,8.0,1
2007066381,,0,,,,1.0,1
2007066381,,0,,,,1.0,2
2007076720,,0,,,,8.0,2
2008037364,,0,QC,R24B86,,7.0,2
2007119138,,0,PA,XCC5962,2008.0,3.0,2
2007121386,,0,ME,0977152,2008.0,7.0,1
2007200941,,1,,,,7.0,2
2007038786,,0,NJ,TDN83B,2007.0,3.0,1
2007038786,,0,PA,XZ21603,,3.0,2
2007065418,,0,PA,XZ74056,2008.0,3.0,1
2008000413,,0,ZZ,UNKNOWN,9999.0,7.0,3
2007126015,,0,FL,4206CA,2008.0,6.0,1
2007121685,,0,,,,,1
2007089770,,0,PA,XBK23O,,3.0,2
2007107681,,0,TX,00409Y,2008.0,3.0,1
2007106570,,0,,,,8.0,2
2007092385,,0,,,,,2
2007124273,,0,,,,,1
2007124273,,0,,,,,2
2007090008,,0,,,,,1
2007090008,,0,,,,,2
2007090008,,0,,,,,3
2007076581,,0,NC,PT55789,2007.0,7.0,1
2008003406,,0,??,????????????,,,1
2007125290,,0,,,,7.0,1
2007029964,,0,PA,XWS2203,2004.0,7.0,1
2007116247,,0,,,,,1
2007117666,,0,,,,,1
2007117666,,0,,,,,2
2007106529,,0,,,,,1
2007123413,,0,,,,9.0,2
2007038261,,0,ZZ,UNKNOWN,9999.0,7.0,1
2008034248,,0,OK,5963DD,2010.0,7.0,2
2008034248,,0,ME,0853618,2008.0,7.0,3
2007048958,,0,NJ,T62CBV,,7.0,1
2007105102,,0,MA,1736168,,6.0,1
2007111262,,0,WI,499007,9999.0,6.0,1
2007092197,,0,,,,,1
2007203023,,0,,,,7.0,1
2007048211,,0,,,,,2
2007049910,,0,WA,7273MP,2007.0,7.0,2
2007045732,,0,,,,,1
2007047257,,0,NJ,TBC51C,2007.0,7.0,1
2007023208,,0,,4A,,7.0,2
2007049911,,0,ME,A541857,2007.0,6.0,2
2007124545,,0,,,,,1
2007124545,,0,,,,,2
2007124546,,0,,,,,1
2007124546,,0,,,,,2
2007020220,,0,,I255SZ4,,7.0,2
2007110365,,0,,,,6.0,2
2007046823,,0,,,,,2
2007094405,,0,MN,98234ST,9999.0,7.0,1
2007120371,,0,ZZ,UNKNOWN,9999.0,7.0,1
2007092410,,0,,,,,2
2008001915,,0,PA,MI9IF,,6.0,2
2007033079,,0,ME,I4B024,,6.0,1
2007023537,,0,,,,9.0,2
2008045565,,0,ZZ,UNKNOWN,9999.0,6.0,3
2007051493,,0,ZZ,UNKNOWN,9999.0,7.0,1
2007093525,,0,,,,6.0,1
2007092763,,0,,,,,1
2007092763,,0,,,,,2
2007120875,,0,PA,8W9B76B,,7.0,1
2007062377,,0,PA,PT8359C,1991.0,6.0,2
2007029889,,0,PA,XBF5535,2007.0,7.0,1
2007088904,,0,,,,7.0,2
2008013137,,0,PA,8S2528,,3.0,1
2007024607,,0,DE,T16O55,,3.0,2
2007127672,,0,PA,TOS94G,,9.0,1
2007051419,,0,,,,,1
2007064705,,0,ME,1046996,2007.0,7.0,1
2007106889,,0,,,,,2
2007081887,,0,,,,,1
2007095920,,0,,N1NE,,3.0,3
2007027659,,0,,,,,2
2007093595,,0,,,,,2
2007070739,,0,PA,XW82008,2008.0,3.0,2
2007127235,,0,ME,292207Z,9999.0,6.0,1
2007123839,,0,,,,,2
2007044961,,0,PA,XCX2091,2007.0,7.0,2
2007031760,,0,PA,XZ76086,2007.0,6.0,1
2008012203,,0,,,,,1
2008012203,,0,,,,,2
2007093573,,0,,,,6.0,1
2007069531,,0,ME,0848415,1999.0,7.0,3
2007126445,,0,PA,AE35Y12,,6.0,1
2008024067,,0,,,,,1
2008024067,,0,PA,DFK648,,1.0,2
2008005718,,0,PA,RM96,,6.0,1
2007080706,,0,,,,9.0,1
2007113606,,0,,8N07I4,0.0,7.0,1
2007088905,,0,ME,8DIS,,7.0,1
2007063701,,0,NJ,TDE40G,2010.0,7.0,1
2007097057,,0,PA,0C775G,9999.0,7.0,1
2007075255,,0,,N27477,,7.0,1
2007037489,,0,NJ,T92L6P,2008.0,7.0,2
2007057413,,0,,,,7.0,2
2008029498,,0,,,,,1
2007080973,,0,,,,2.0,2
2008001223,,0,PA,PT93475,9999.0,7.0,1
2007123986,,0,,,,8.0,2
2007089638,,0,PA,XVJY48,,3.0,1
2007042211,,0,ZZ,UNKNOWN,9999.0,9.0,1
2007030656,,0,QC,RV60697,2007.0,7.0,2
2007067833,,0,,,,,1
2007067833,,0,,J,,,2
2008018028,,0,,,,,1
2008003890,,0,,TI5J0ZI,,7.0,2
2007094811,,0,PA,XC06BU,,8.0,1
2007061027,,0,PA,XCC7037,2005.0,3.0,1
2007110283,,0,IN,P64730,,7.0,1
2007025635,,0,,,,6.0,1
2007125435,,0,IL,T367303,2008.0,7.0,1
2007119603,,0,NJ,T54G7N,2008.0,7.0,2
2007040764,,0,MD,245M303,2008.0,9.0,1
2007096704,,0,ZZ,UNKNOWN,9999.0,7.0,1
2007118014,,0,,,,3.0,2
2007040337,,0,PA,H592F,,7.0,1
2007040337,,0,,7O587,,7.0,3
2007077618,,0,PA,XDD0441,9999.0,3.0,1
2007040111,,0,,,,7.0,1
2007056533,,0,,T2I36Y7,,7.0,1
2007106853,,0,,,,7.0,2
2007105126,,0,,UNKNOWN,,,1
2007120873,,0,NY,AH16556,2008.0,3.0,1
2007026982,,0,TN,T319327,207.0,7.0,3
2007107539,,0,,,,,2
2007109403,,0,,,,,1
2008010972,,0,,,,,1
2008010972,,0,,M,,,2
2007027577,,0,,,,,1
2007040962,,0,PA,P1T774M,,7.0,2
2007127871,,0,OK,1877EU,9999.0,7.0,1
2007071292,,0,,999999999999,,1.0,1
2007101840,,0,OK,93505EU,,7.0,1
2007046050,,0,,,,,1
2007121364,,0,PA,XCM1464,2008.0,3.0,1
2007099614,,0,,,,,1
2007069801,,0,,,,,1
2007069801,,0,,,,,2
2007069801,,0,,M,,,3
2007059057,,0,PA,XCX1537,2007.0,3.0,1
2007059595,,0,,X6IZ4,,7.0,1
2007119646,,0,PA,XK8YPI5,,3.0,1
2007036368,,0,NJ,VL14,2008.0,3.0,1
2007062692,,0,PA,XP66OI2,,7.0,2
2007041129,,0,PA,XL51189,2007.0,3.0,2
2007016846,,0,,TBKBS,,3.0,1
2007085863,,0,,,,,1
2007067247,,0,,,,,2
2007039947,,0,,26B4A,,7.0,2
2007110073,,0,PA,XCD2680,9999.0,3.0,2
2007019851,,0,ME,1550320,2007.0,7.0,1
2007110175,,0,,,,,1
2007110175,,0,,,,,2
2007110175,,0,,,,,3
2007017486,,0,OH,TMK6213,2007.0,7.0,1
2007036006,,0,,PB02I9,,7.0,2
2007113298,,0,PA,XY61842,2004.0,7.0,2
2007085301,,0,SC,PT41763,9999.0,7.0,2
2007120331,,0,,,,,2
2007102216,,0,PA,PT4639L,9999.0,8.0,1
2007091897,,0,,,,,1
2007047043,,0,,T36034,,7.0,1
2007081122,,0,NJ,A533Z,,7.0,1
2007061582,,0,,027736,,7.0,1
2007036709,,0,IA,TC4450,2007.0,7.0,2
2007099072,,0,,,,,1
2007037522,,0,ZZ,UNKNOWN,9999.0,7.0,1
2007059114,,0,ZZ,UNKNOWN,9999.0,7.0,1
2007059114,,0,IN,992868,2007.0,7.0,2
2007070497,,0,,X2364I,,8.0,2
2007126607,,0,,,,,1
2007073406,,0,OR,H58Z3BB,,7.0,1
2007109882,,0,PA,XB5G15,,1.0,2
2007123203,,0,OH,TM88833,,7.0,2
2008006789,,0,IN,18665,2008.0,7.0,1
2008020799,,0,,,,,2
2007036521,,0,NJ,TAS43R,,7.0,2
2007104807,,0,,,,8.0,2
2007116141,,0,,,,9.0,1
2007035648,,0,ZZ,UNKNOWN,9999.0,9.0,1
2007081943,,0,,TX950,,7.0,1
2007043599,,0,ME,0868996,2007.0,7.0,2
2007110641,,0,UT,G2935P,,7.0,1
2007081359,,0,MI,5S2Z37,,7.0,1
2007081359,,0,NJ,1T80LB0,,7.0,2
2007092716,,0,PA,TOPNDEE,7.0,2.0,5
2007102255,,0,NJ,T74N5N,2007.0,7.0,1
2007102255,,0,IN,137667,9999.0,7.0,2
2007076290,,0,PA,XZ51311,8.0,3.0,2
2007050750,,0,PA,X240023,9999.0,3.0,2
2007111429,,0,,,,9.0,2
2007048850,,0,NM,NIA,,,1
2007034976,,0,MO,7603I56,,7.0,1
2007047290,,0,ME,1135873,2004.0,7.0,1
2007099540,,0,PA,WO4737,,3.0,1
2007068134,,0,NE,I3305IZ,,7.0,1
2007044141,,0,IL,T261656,9999.0,9.0,1
2007044141,,0,IL,T170766,9999.0,7.0,2
2007061236,,0,ZZ,UNKNOWN,9999.0,9.0,1
2007061236,,0,PA,PT4863K,9999.0,7.0,2
2007108910,,0,NJ,T65V3W,2010.0,7.0,2
2007076709,,0,ME,0975455,9999.0,7.0,2
2007027914,,0,,,,,1
2007027914,,0,,,,,2
2007058739,,0,SC,PV16265,,7.0,1
2007069011,,0,ZZ,UNKNOWN,9999.0,7.0,2
2008003878,,0,IN,PS7998,,7.0,1
2007069372,,0,ME,I42643K,,7.0,1
2008003881,,0,SC,PT96280,2008.0,7.0,2
2007053411,,0,ON,A6523M,2007.0,7.0,2
2008008068,,0,,,,,1
2007117215,,0,,,,,1
2007114031,,0,,,,,1
2007114031,,0,,,,,2
2008006669,,0,,,,,1
2007047964,,0,,,,,1
2007047964,,0,,,,,3
2007062494,,0,IN,F72473,2007.0,7.0,1
2007062494,,0,ME,0889602,2007.0,7.0,4
2007072892,,0,MO,60209G,2007.0,7.0,2
2008008087,,0,PA,XBB3971,2007.0,7.0,2
2007049763,,0,PA,XS0YWZ,,3.0,2
2007051280,,0,,,,7.0,2
2007047551,,0,,,,,1
2007047551,,0,,,,,2
2007047551,,0,,,,,3
2007089892,,0,,,,3.0,1
2007068431,,0,,,,7.0,1
2007066489,,0,,,,,3
2007120732,,0,,,,9.0,1
2007120732,,0,,,,,2
2007034098,,0,NJ,TCG4A,,6.0,2
2008045566,,0,PA,PT1943A,2008.0,7.0,2
2007082134,,0,,5B0329G,,8.0,1
2007079549,,0,MA,1929915,2007.0,7.0,2
2007093165,,0,,,,,2
2007088360,,0,PA,XCP6430,2007.0,3.0,2
2007031455,,0,,PI4Y049,,7.0,1
2007112030,,0,PA,XC57823,2007.0,7.0,2
2008003399,,0,PA,XP7SI33,,3.0,1
2007056176,,0,OK,6678FT,2007.0,7.0,2
2007101965,,0,NS,TBT95H,,7.0,1
2007067138,,0,,,,9.0,2
2008006479,,0,NJ,TQJ54W,2008.0,7.0,1
2007032185,,0,TN,T851486,9999.0,7.0,1
2007080400,,0,OK,2SBU2,,7.0,1
2007084162,,0,,,,7.0,2
2007059118,,0,ME,420559,9999.0,7.0,2
2007098760,,0,,,,,1
2007041128,,0,PA,XCZ5647,2007.0,3.0,1
2008004903,,0,,,,,1
2007048723,,0,ON,DI66IB0,,7.0,2
2007113922,,0,,,,8.0,2
2007099078,,0,,,,,2
2007106489,,0,,,,,1
2007106489,,0,,,,,2
2007080261,,0,,,,,3
2007080261,,0,,,,,4
2007022065,,0,,,,,1
2007086099,,0,PA,PT1992K,2007.0,7.0,2
2007018264,,0,,,,,1
2008018605,,0,ME,IQ77635,,7.0,1
2007100019,,0,,,,,1
2007100019,,0,,,,,2
2007119402,,0,,,,,2
2007201099,,0,,,,7.0,1
2007034738,,0,PA,XCT1731,2007.0,3.0,1
2007124537,,0,,,,,1
2008037352,,0,ZZ,UNKNOWN,9999.0,9.0,1
2008008235,,0,NJ,TCNS2G,,7.0,1
2008006465,,0,,,,,2
2007080919,,0,,,,6.0,2
2007105915,,0,,,,,1
2007081301,,0,PA,XTI5362,,3.0,1
2007081301,,0,PA,XM6202,2007.0,3.0,5
2008017516,,0,,,,9.0,1
2008017516,,0,,A,,9.0,2
2007027918,,0,,925893,,6.0,4
2008021415,,0,,,,,3
2007053042,,0,,,,,1
2007032445,,0,ZZ,UNKNOWN,9999.0,6.0,1
2007032445,,0,,DT943J4,,6.0,2
2008013674,,0,MD,P8BIG,,3.0,1
2007076018,,0,,,,7.0,2
2007076018,,0,,,,7.0,4
2007027156,,0,,0Z85584,,3.0,1
2008017097,,0,,,,,1
2008017097,,0,,,,,2
2007069013,,0,ZZ,UNKNOWN,9999.0,7.0,1
2007106731,,0,PA,PT4198G,2008.0,7.0,2
2007074469,,0,PA,XCH4426,9999.0,3.0,1
2007056434,,0,,,,,2
2007045547,,0,TN,Z 94640,1997.0,7.0,2
2007091924,,0,,U42V,,6.0,2
2007049679,,0,NJ,TCAIMC,,7.0,2
2007045772,,0,IL,T2IOI90,,7.0,1
2007045592,,0,,,,6.0,2
2007096729,,0,PA,WK6W8,,1.0,1
2007052326,,0,PA,PT8260J,2007.0,7.0,2
2007033612,,0,ZZ,UNKNOWN,9999.0,7.0,1
2007025626,,0,FL,C8831L,,7.0,1
2008011661,,0,,W,,,1
2008011661,,0,,,,,2
2008001920,,0,TN,T650996,2008.0,7.0,2
2007079937,,0,,,,6.0,1
2007039799,,0,,K9994D,,7.0,1
2007080842,,0,,,,7.0,1
2007065641,,0,,,,7.0,1
2007109441,,0,,????????????,,7.0,1
2007109441,,0,,,,,2
2007069305,,0,,B,,,1
2007080243,,0,,,,,2
2008002106,,0,NJ,7IB2SM,,3.0,1
2007051518,,0,,8509EH,40.0,7.0,1
2007038629,,0,,,,7.0,1
2007098134,,0,,,,,1
2007066231,,0,,,,,1
2007066231,,0,,J,,,2
2007101068,,0,PA,PT6405K,,7.0,1
2008007237,,0,,,,,2
2007045776,,0,PA,PT4962B,9999.0,7.0,2
2007022809,,0,,A,,6.0,1
2007122140,,0,PA,MP4396D,,4.0,1
2007116721,,0,,M,,,1
2007116721,,0,,1,,,2
2007021012,,0,VA,38368P7,2005.0,7.0,1
2008045852,,0,PA,PT4798K,2007.0,7.0,2
2008016444,,0,,PL44055,,7.0,1
2008016444,,0,ZZ,874B0,,7.0,2
2008010849,,0,,,,,1
2007004698,,0,OK,8633FE,2007.0,7.0,1
2007004698,,0,PA,PT3929F,2007.0,7.0,2
2007080473,,0,,,,,1
2007019431,,0,ME,288672Z,2007.0,7.0,1
2007016995,,0,PA,KC22302,,6.0,1
2007089241,,0,PA,PT3462D,9999.0,7.0,2
2007116248,,0,,,,,2
2007116248,,0,,,,,3
2007075224,,0,VA,88PMT0A,,6.0,1
2007111117,,0,MA,1188214,,6.0,2
2007035320,,0,ZZ,UNKNOWN,9999.0,7.0,1
2007127601,,0,,,,,2
2008002474,,0,,U0XQ,,7.0,1
2008014816,,0,,UNL,,7.0,1
2007119171,,0,,,,9.0,1
2007074502,,0,,,,,1
2007074502,,0,,H,,,2
2007060170,,0,NJ,T33Z3Z,2008.0,7.0,1
2007109213,,0,PA,XZ31626,2008.0,7.0,1
2007120244,,0,,,,,2
2007127384,,0,TN,290447,9999.0,7.0,2
2007075477,,0,PA,XT12853,2008.0,3.0,2
2007008572,,0,ZZ,UNKNOWN,9999.0,3.0,1
2008034694,,0,TX,81895,2007.0,7.0,2
2007044086,,0,ZZ,1257136,9999.0,7.0,1
2007112059,,0,ME,A930687,,7.0,2
2007092383,,0,,,,,1
2007092383,,0,,,,,2
2007109348,,0,,,,,1
2007117668,,0,,????????????,,,1
2007107959,,0,,????????????,,,1
2007106077,,0,,,,,2
2007098176,,0,PA,XZ29161,2007.0,3.0,1
2007047628,,0,,,,,1
2007047628,,0,,,,,2
2007066675,,0,,,,7.0,1
2007067666,,0,,,,2.0,2
2007037217,,0,PA,XZ09147,,7.0,2
2007051945,,0,ME,08B880,,7.0,2
2007093106,,0,PA,XL62897,1987.0,3.0,2
2007048559,,0,ZZ,UNKNOWN,9999.0,7.0,2
2007094612,,0,,,,3.0,1
2007064173,,0,,,,,1
2007064173,,0,,,,,2
2007015778,,0,PA,XZ88250,2007.0,6.0,2
2007102876,,0,PA,XBMY332,,3.0,1
2008036188,,0,ZZ,UNKNOWN,9999.0,7.0,1
2008003403,,0,??,????????????,,,2
2007203444,,1,,,,3.0,1
2007203444,,1,,,,3.0,2
2007070074,,0,FL,C559N,2007.0,7.0,2
2007047523,,0,MO,0G7C7I,,7.0,1
2008018050,,0,,,,,2
2007079397,,0,ZZ,UNKNOWN,9999.0,7.0,2
2007029247,,0,,,,,2
2007127841,,0,ZZ,UNKNOWN,9999.0,7.0,2
2007127839,,0,TN,A0J769,,7.0,1
2007098470,,0,,,,8.0,2
2007106927,,0,,,,,1
2007024525,,0,NJ,0EB3,7.0,3.0,2
2007012875,,0,,,,9.0,2
2007083613,,0,,,,,1
2007067632,,0,IL,QT39333Z,,6.0,3
2008008898,,0,TN,TI79O5,,7.0,1
2008037349,,0,ZZ,UNKNOWN,9999.0,9.0,1
2008003913,,0,,,,8.0,2
2007113832,,0,,,,6.0,5
2007086758,,0,PA,XBE004,,3.0,2
2007200665,,1,,,,7.0,1
2007115283,,0,,,,,2
2007097779,,0,,,,,1
2007097779,,0,,,,,2
2007068347,,0,,,,,1
2007201739,,1,,,,3.0,1
2007120467,,0,ZZ,PT9890H,9999.0,7.0,1
2007089235,,0,PA,8CKO42Y,,3.0,1
2007080097,,0,,X,,,1
2007081645,,0,,,,8.0,1
2007055607,,0,,NO TAG,,8.0,1
2007037491,,0,ZZ,UNKNOWN,9999.0,7.0,1
2007051277,,0,,,,7.0,2
2007092378,,0,MD,807718G,9999.0,3.0,1
2007126525,,0,,,,1.0,1
2007066213,,0,,,,,2
2007056534,,0,,,,8.0,2
2007120711,,0,,,,8.0,1
2007045754,,0,,,,,2
2007067326,,0,,,,7.0,2
2007092260,,0,,,,,1
2007092260,,0,,,,1.0,2
2007125752,,0,,,,,1
2007109368,,0,,,,,1
2007121475,,0,,XBE020,,7.0,1
2007066212,,0,,,,,3
2007034245,,0,PA,PTZS686,2007.0,7.0,3
2007096703,,0,PA,X652O2,,5.0,1
2007204767,,1,,,,2.0,1
2007061584,,0,,,,,2
2008024504,,0,,,,9.0,1
2007080960,,0,,,,,1
2007080960,,0,,,,,2
2007109126,,0,,,,9.0,2
2007116551,,0,WI,437306,2007.0,7.0,1
2007048578,,0,,,,7.0,1
2007064814,,0,PA,M92351,,3.0,2
2007064814,,0,PA,XL22232,2008.0,3.0,3
2007093565,,0,,,,9.0,2
2007101885,,0,IL,46573ST,,6.0,1
2007066367,,0,,,,9.0,4
2007083731,,0,PA,XCX37SI,,3.0,1
2007119985,,0,NY,AH16556,2008.0,3.0,1
2007037127,,0,ZZ,UNKNOWN,9999.0,3.0,2
2007037127,,0,NC,AZ19218,2007.0,7.0,3
2007058641,,0,,,,9.0,1
2008017296,,0,,,,6.0,1
2008001850,,0,,,,,1
2007110536,,0,,,,,1
2007089420,,0,FL,V3205N,8.0,3.0,1
2007066444,,0,,,,8.0,1
2007092421,,0,,,,,1
2007092003,,0,,YRH827,,9.0,1
2008005059,,0,PA,XR52533,2008.0,3.0,1
2007082595,,0,PA,XCN3240,7.0,6.0,2
2007106324,,0,ME,099S2SG,2007.0,7.0,2
2007066218,,0,,,,7.0,5
2007070082,,0,,,,3.0,1
2007070082,,0,,P1A0184R,,7.0,2
2007044516,,0,PA,X581142,2009.0,3.0,1
2007041692,,0,PA,XP42066,2008.0,6.0,1
2007091271,,0,??,????????????,,,1
2007029544,,0,PA,321445,2007.0,7.0,1
2008011951,,0,ON,C3729X,2009.0,7.0,2
2007205477,,1,,,,3.0,1
2007098278,,0,,,,6.0,3
2007113711,,0,,X0CIB39,,7.0,2
2008029169,,0,,,,,2
2007036667,,0,ZZ,UNKNOWN,9999.0,7.0,1
2007101231,,0,PA,YI6G95J,,7.0,1
2007099096,,0,PA,PT57MF,,7.0,1
2007111908,,0,,,,,1
2007111908,,0,,,,,2
2007109451,,0,,,,,2
2008078955,,0,,,,1.0,2
2007201152,,1,,,,7.0,2
2008053062,,0,,K5L477,,6.0,2
2007082362,,0,,,,6.0,2
2007080735,,0,TN,U072698,1995.0,7.0,1
2007057036,,0,,,,,2
2007049646,,0,NJ,T7IBI0,,7.0,1
2007086332,,0,PA,PT0191A,,6.0,1
2007080851,,0,PA,Y2EY4S5,,8.0,2
2007026397,,0,IL,23529S,,7.0,2
2007080819,,0,,TJZJBB,,7.0,1
2007106815,,0,,I7S0G,,7.0,1
2007071254,,0,PA,XCE5480,2007.0,3.0,1
2007047915,,0,OH,TNB77M,,7.0,2
2008004541,,0,,,,,1
2007095378,,0,WI,535677,,7.0,2
2007201580,,1,,,,7.0,1
2007020472,,0,PA,XCT6544,2007.0,6.0,1
2008011793,,0,,MT9,,3.0,1
2007118541,,0,IL,T419312,2008.0,7.0,2
2007123744,,0,,T,,,1
2007067332,,0,PA,XCX604Z,,7.0,1
2007108153,,0,,,,,1
2007100989,,0,OK,593WN3I,,7.0,1
2008004092,,0,ME,0O0B,,7.0,1
2007072626,,0,,,,,1
2007070884,,0,,,,,1
2007121645,,0,,47Z0L,,6.0,1
2007079070,,0,QC,RK40741-0,1995.0,6.0,1
2007082590,,0,PA,XT67634,,6.0,1
2007087512,,0,ZZ,C1895F,9999.0,7.0,1
2007087512,,0,NE,1417883,2007.0,7.0,3
2007107482,,0,,,,,1
2008013246,,0,NJ,7DT77B,,7.0,2
2007006252,,0,PA,PT7390J,,7.0,1
2007081852,,0,,,,,1
2007036997,,0,,,,7.0,1
2007054545,,0,NJ,1S03QU,,7.0,2
2008014367,,0,,,,,1
2008014367,,0,,,,,2
2008014367,,0,,,,,3
2007102966,,0,ME,1255311,2012.0,6.0,1
2007047001,,0,PA,8BCMJY,,3.0,2
2008003832,,0,,,,,1
2008003832,,0,,,,,2
2007080442,,0,,,,8.0,2
2007067203,,0,,,,,1
2007045452,,0,,,,,2
2007048721,,0,ME,0871102,2007.0,7.0,2
2007106057,,0,,,,1.0,3
2007106057,,0,,,,1.0,4
2007088254,,0,,,,7.0,2
2007109406,,0,,,,,1
2007109406,,0,,,,,2
2007064667,,0,ME,0YU4B,0.0,7.0,4
2007128212,,0,PA,X0R42,,7.0,1
2007119382,,0,NJ,T95A4A,2008.0,7.0,2
2007049511,,0,TN,T376973,9999.0,7.0,2
2007092299,,0,,,,,2
2008018865,,0,,,,7.0,1
2007049022,,0,NJ,TAY22V,,7.0,1
2007074421,,0,PA,,,,1
2007080831,,0,PA,GBLY44Y,,8.0,2
2007080831,,0,PA,GBLYYYY,,,3
2007080831,,0,,E000Y,,8.0,4
2007025393,,0,,,,,1
2007066858,,0,,,,,1
2007026422,,0,PA,PTM053W,,7.0,2
2007040830,,0,OR,HQ13451,2007.0,7.0,2
2007082098,,0,,XM9M,,3.0,2
2007082098,,0,PA,R55B6,207.0,3.0,3
2007072660,,0,PA,M7I5A,9999.0,7.0,1
2007048955,,0,IL,T38L340,,7.0,3
2008016127,,0,PA,8C79S99,,3.0,1
2007106164,,0,,,,1.0,2
2007203153,,1,,,,7.0,1
2007200605,,1,,,,7.0,3
2007089227,,0,PA,XS43892,9999.0,3.0,1
2007121369,,0,,,,,1
2007105902,,0,,,,,1
2007122637,,0,PA,XDD5019,2008.0,3.0,2
2007050669,,0,OK,5781DD,2007.0,7.0,2
2007103073,,0,ME,2G26T42,,7.0,1
2007103073,,0,,87399I9,,7.0,2
2008044857,,0,,AR08,,3.0,2
2007041555,,0,PA,XCF7517,2011.0,3.0,1
2007048907,,0,MA,W879,,7.0,1
2007067153,,0,,,,,1
2008002487,,0,??,????????????,,,1
2007120225,,0,,,,,2
2007120225,,0,,,,,3
2007106028,,0,,G5QH9,,8.0,1
2007106028,,0,,GKRB8I,,8.0,2
2007083395,,0,TX,16E402,2007.0,7.0,1
2007093380,,0,,,,,1
2007093380,,0,,SN2Q90,,8.0,2
2007120993,,0,PA,XCN8370,2006.0,8.0,2
2007044164,,0,ZZ,UNKNOWN,9999.0,7.0,1
2007022323,,0,,TBY4W,,7.0,2
2007092053,,0,,M480J,,7.0,1
2007066281,,0,,,,,1
2007066281,,0,,,,,2
2007017267,,0,,,,7.0,2
2007056598,,0,NJ,564BBE,,7.0,1
2007057037,,0,,,,9.0,2
2007105498,,0,ME,107929A,2010.0,7.0,2
2007112076,,0,NJ,D48SR,,7.0,2
2007092309,,0,,,,,1
2007046811,,0,IN,P928U0,,7.0,1
2007055443,,0,OR,HRU829I,,7.0,2
2007067417,,0,,P,,,1
2007058109,,0,NJ,T94N9C,2007.0,7.0,1
2007104237,,0,,H,,,1
2007029831,,0,ZZ,UNKNOWN,9999.0,9.0,1
2007109457,,0,,,,,1
2007109457,,0,,,,,2
2007087577,,0,,,,7.0,2
2007043524,,0,PA,PT61890,2007.0,7.0,1
2008020409,,0,ZA,0IQGI,,3.0,1
2007054524,,0,ME,UI6I87,,7.0,1
2007089339,,0,,,,9.0,1
2007052217,,0,PA,YRP5391,2007.0,2.0,2
2007124547,,0,,,,,1
2007124547,,0,,,,,2
2007082535,,0,,,,,4
2007081547,,0,PA,EWWZS7Y,,,1
2007092342,,0,,,,,1
2007092342,,0,,,,,2
2007092342,,0,,,,,3
2007080026,,0,,,,6.0,2
2007086680,,0,,,,7.0,2
2007094372,,0,TN,TQ4975,,7.0,2
2007072683,,0,PA,XBM893,2008.0,7.0,3
2007084269,,0,,99999999999,9999.0,8.0,1
2007097966,,0,,UNL,,7.0,1
2007025231,,0,ME,B80B,,7.0,1
2007022353,,0,,,,,2
2007076428,,0,,,,,1
2007111673,,0,ME,I2I6739,,7.0,1
2008013192,,0,ZZ,UNKNOWN,9999.0,7.0,1
2008016977,,0,PA,8CRXQ3,,3.0,1
2008005981,,0,,,,,2
2007066541,,0,,,,9.0,3
2008036925,,0,PA,MI9G44,9969.0,7.0,1
2007033569,,0,,T8B48I,,7.0,1
2008007279,,0,,1,,1.0,2
2007033689,,0,,T7F432,,7.0,1
2008016456,,0,,I,,,2
2008003377,,0,,Q1Q0,,7.0,1
2007066964,,0,PA,XDA1868,9999.0,3.0,2
2008024227,,0,,,,,1
2007033789,,0,NS,T9S2ZU,,7.0,2
2007098055,,0,PA,XCR80Z,,3.0,2
2007097762,,0,,,,,1
2007097762,,0,,,,9.0,2
2007085511,,0,,,,7.0,2
2007067531,,0,,,,,2
2007059275,,0,,,,,1
2008013119,,0,PA,8MS6699,,3.0,2
2007109783,,0,MC,08939M,,7.0,2
2007060676,,0,PA,XY37111,1997.0,3.0,2
2007109626,,0,,,,7.0,2
2008053183,,0,,,,9.0,2
2007081630,,0,,,,,1
2007088994,,0,,T62E,,7.0,2
2007106083,,0,,N1A,,8.0,1
2007106083,,0,PA,6PX3Z15,,,2
2008012229,,0,PA,XM80370,,3.0,1
2007074399,,0,PA,XL59147,2007.0,3.0,3
2007017319,,0,ME,096P59,,7.0,1
2007086676,,0,ZZ,UNKNOWN,9999.0,7.0,1
2007081009,,0,,,,9.0,2
2007097103,,0,,8NVY440,,7.0,2
2007062387,,0,PA,PT1880B,9999.0,7.0,2
2007115727,,0,CA,4FA9034,2007.0,7.0,3
2007068188,,0,,V15543R,,7.0,1
2008008660,,0,ME,0923060,1999.0,6.0,1
2007062614,,0,IN,P62975,2007.0,7.0,1
2007038986,,0,NY,AB64376,2007.0,7.0,2
2008003739,,0,,,,,2
2007091224,,0,??,????????????,,,2
2007123497,,0,ME,0979742,2008.0,7.0,2
2008000438,,0,,,,,1
2008012519,,0,,,,,1
2007079686,,0,PA,PT7482F,2008.0,7.0,1
2007051103,,0,PA,PT9349K,2007.0,7.0,2
2007078839,,0,ZZ,UNKNOWN,9999.0,7.0,1
2008001656,,0,ME,1536175,2004.0,7.0,3
2007123812,,0,,252OHI,,6.0,2
2007026262,,0,PA,XO390S6,,7.0,1
2007036005,,0,PA,XT83B72,,3.0,2
2007110954,,0,ZZ,UNKNOWN,9999.0,8.0,1
2008024442,,0,,,,,1
2007048976,,0,,,,,2
2007108157,,0,,????????????,,7.0,2
2007076469,,0,,,,,1
2007111502,,0,??,????????????,,,1
2007103456,,0,ME,1656549,2016.0,7.0,1
2008017543,,0,,,,,1
2007068508,,0,,,,,1
2007068374,,0,ZZ,UNKNOWN,9999.0,7.0,1
2007023157,,0,,,,,2
2007066874,,0,,,,,1
2007066874,,0,,M,,,2
2007061230,,0,PA,PT7619G,9999.0,7.0,1
2007120539,,0,OH,TNP5D6,,6.0,2
2007106015,,0,,,,,1
2007047281,,0,??,????????????,,,1
2008039001,,0,DE,M5R6G,,6.0,2
2007007589,,0,IA,108249,2007.0,7.0,1
2007073805,,0,PA,XP07287,2001.0,3.0,1
2007205749,,1,,,,7.0,1
2007079939,,0,,054374,,6.0,1
2007124538,,0,,,,,1
2007112033,,0,,,,,1
2008002481,,0,PA,4765K,2007.0,7.0,3
2007082269,,0,,MK,,7.0,3
2007045606,,0,ON,D2604D,9999.0,7.0,1
2007056665,,0,,,,7.0,2
2007049912,,0,OH,TMS5528,2008.0,7.0,1
2007049912,,0,PA,XBJ9795,2008.0,3.0,2
2007063157,,0,,,,3.0,1
2007079365,,0,MA,1189214,9999.0,7.0,1
2007042478,,0,PA,XCR9GS,,8.0,1
2007052361,,0,ZZ,,,3.0,2
2008036178,,0,ZZ,UNKNOWN,9999.0,9.0,1
2007089056,,0,ME,IZ8W6,108.0,7.0,3
2007095719,,0,IN,T414963,2007.0,6.0,2
2007104751,,0,PA,XBL1211,2008.0,6.0,1
2007126071,,0,NC,BR98328,2008.0,7.0,1
2007086540,,0,,,,,1
2008007568,,0,,PT33575,,7.0,1
2008013382,,0,IN,605S61,,7.0,1
2007106885,,0,,,,,1
2007037130,,0,,,,7.0,1
2007081650,,0,,,,,1
2007031778,,0,NJ,TCV44F,2007.0,7.0,2
2007098692,,0,,,,,1
2007003428,,0,OK,8781AT,7.0,7.0,1
2007106480,,0,,,,,1
2007106480,,0,,,,,2
2007031358,,0,ON,D8I49K,,7.0,1
2008000096,,0,GA,TL27IA7,,3.0,1
2007047256,,0,ZZ,UNKNOWN,9999.0,7.0,1
2007103661,,0,ME,14S3SI5Q,,7.0,1
2007107520,,0,,,,,1
2007092619,,0,,T,,,2
2007056505,,0,,,,,2
2007035275,,0,PA,72Q6G,,7.0,2
2007077296,,0,,,,,1
2007095955,,0,NC,BN44G23,,7.0,1
2007036441,,0,DE,T258969,2007.0,7.0,2
2007043510,,0,MD,424340,2008.0,7.0,1
2007061235,,0,PA,XCK7240,2008.0,3.0,1
2007000335,,0,PA,PT2532J,7.0,7.0,2
2008025147,,0,,????????????,,7.0,1
2008016973,,0,,,,,1
2007076661,,0,ZZ,UNKNOWN,9999.0,7.0,1
2007047875,,0,,55V482W6,,7.0,2
2007026531,,0,PA,PT4961K,2007.0,7.0,1
2008017221,,0,PA,PT5787F,,7.0,1
2007124137,,0,,,,,2
2007065177,,0,MZ,W3YI68,,7.0,1
2007107132,,0,PA,X632Z,468.0,3.0,2
2007022951,,0,PA,XL41608,2008.0,3.0,3
2007064510,,0,NJ,TS6E7P,2000.0,7.0,2
2007046205,,0,,5QA0Z,,7.0,2
2007087807,,0,,7I5R2W,,7.0,1
2007020736,,0,,T44N2W,,6.0,2
2007086361,,0,ZZ,UNKNOWN,9999.0,3.0,1
2007124163,,0,,,,8.0,1
2007124163,,0,,,,,2
2007110863,,0,,,,,1
2007049288,,0,MO,868265,2007.0,7.0,2
2007091057,,0,,,,,1
2008006802,,0,NE,176963,2007.0,7.0,1
2007083127,,0,ZZ,UNKNOWN,9999.0,8.0,1
2007047274,,0,,40U379,,7.0,2
2007126719,,0,,,,,1
2007037128,,0,,UNAL0WN,,7.0,1
2007021252,,0,PA,XCE4416,2007.0,7.0,2
2007080177,,0,,NIA,,3.0,1
2007084728,,0,,,,7.0,1
2007084728,,0,,,,7.0,2
2007019529,,0,PA,XY12494,2007.0,7.0,1
2007059233,,0,,,,,1
2007112447,,0,PA,XW19416,,7.0,1
2007096649,,0,ON,36GZC,2008.0,7.0,2
2007029255,,0,,,,,2
2007056721,,0,PA,PT7228J,,7.0,2
2007206137,,1,,,,7.0,1
2007069897,,0,ME,281629Z,9999.0,7.0,1
2007082201,,0,,0202,,7.0,1
2007021025,,0,ZZ,UNKNOWN,9999.0,6.0,2
2007093598,,0,NJ,4SI05S9,,6.0,2
2007058561,,0,PA,TAL22B,1988.0,7.0,1
2007091258,,0,??,????????????,,,2
2007098539,,0,I,,,,2
2007057804,,0,PA,80B98,,6.0,1
2007028742,,0,,,,7.0,2
2007117231,,0,PA,X0HQQ72,,3.0,1
2007039234,,0,,,,,2
2007048463,,0,QC,RP5Q42B,,7.0,2
2007031157,,0,,N0KM,,3.0,1
2008014260,,0,ON,R9MO,,7.0,1
2007065552,,0,NY,1WV5601,2007.0,7.0,2
2007204491,,1,,,,7.0,1
2007120938,,0,ME,Y0655I6,,6.0,1
2007120938,,0,OR,HRIZ994,,7.0,2
2007204762,,1,,,,7.0,2
2007092411,,0,,,,,1
2007092411,,0,,,,,2
2007097675,,0,PA,XT70776,2007.0,6.0,1
2007026029,,0,,,,6.0,1
2007071922,,0,,,,,1
2007093559,,0,,,,,1
2007060118,,0,MA,46828,2007.0,7.0,1
2007037248,,0,,,,7.0,2
2007080267,,0,NE,144590,,7.0,1
2007104631,,0,ON,54V7EB,,7.0,1
2008008127,,0,,,,,2
2007113950,,0,IL,T394203,2007.0,7.0,1
2007036670,,0,NJ,,,7.0,2
2007022772,,0,,73I58T,,6.0,1
2007064716,,0,,,,,1
2008014365,,0,,M,,,1
2008014365,,0,,,,,2
2007018982,,0,PA,XBL4769,2007.0,3.0,1
2008012211,,0,,,,,1
2008012211,,0,,,,,2
2007037257,,0,GA,LE53700,2007.0,7.0,2
2007098142,,0,,,,,1
2007098142,,0,,,,,2
2007043008,,0,TN,R8003I,2003.0,7.0,2
2007057215,,0,,0,,,1
2007007433,,0,PA,PT5882A,2203.0,8.0,2
2007076499,,0,TN,T709W9,,7.0,2
2008054059,,0,,,,6.0,1
2007080141,,0,,,,9.0,1
2008020099,,0,,,,,1
2007057220,,0,,,,,1
2007057220,,0,,,,,2
2007082910,,0,TN,T986039,2007.0,7.0,1
2007109609,,0,NJ,T66U3D,1996.0,7.0,2
2007092770,,0,NJ,T5FMMO,,8.0,1
2007114064,,0,PA,XUWR3,2007.0,3.0,1
2007128028,,0,IN,1011804,2000.0,7.0,1
2007061238,,0,ME,1643905,2016.0,7.0,2
2007095362,,0,,,,,1
2007034995,,0,ZZ,UNKNOWN,9999.0,7.0,2
2007057365,,0,,,,,2
2007117671,,0,,,,,1
2007062680,,0,,,,,1
2007124240,,0,IN,600350,2007.0,7.0,1
2007126186,,0,,I6V3IM7,,7.0,2
2007076497,,0,,,,3.0,1
2007092311,,0,,,,,1
2007072260,,0,PA,PT4601B,1998.0,7.0,1
2007027802,,0,PA,XL29492,,7.0,1
2007047606,,0,,,,8.0,1
2008038302,,0,,T8064E,,7.0,1
2007029264,,0,NJ,TI0Y7W,,9.0,2
2007107740,,0,MI,40536O9,,7.0,2
2008020823,,0,MN,Y33Z9ST,,7.0,1
2007091891,,0,,BWB5,,7.0,1
2007036444,,0,ZZ,UNKNOWN,9999.0,7.0,1
2007066375,,0,,,,,1
2007111691,,0,PA,XR30069,,3.0,1
2007202536,,1,,,,7.0,2
2007037772,,0,,BG7SM,207.0,7.0,2
2007095526,,0,,,,,1
2007095526,,0,,,,,2
2007088356,,0,TX,AF28998,9999.0,7.0,2
2008041036,,0,,,,7.0,1
2007080210,,0,PA,GNAZ302,,,1
2008004923,,0,,,,,1
2007040309,,0,ME,2423444,2008.0,7.0,1
2007095781,,0,,,,,1
2007061807,,0,PA,8T21S2C,,7.0,2
2008003402,,0,??,????????????,,,1
2007106056,,0,,,,1.0,1
2007106056,,0,,,,1.0,2
2007078050,,0,PA,PT2856J,,7.0,2
2007028957,,0,NJ,UNK,2007.0,7.0,2
2007097370,,0,ME,A95630J,,7.0,1
2009107585,,0,PA,XY80239,1988.0,1.0,2
2007025643,,0,ZZ,UNKNOWN,9999.0,7.0,1
2007025643,,0,ME,1837493,2007.0,7.0,3
2007081615,,0,PA,XCZ56Y7,,8.0,1
2007093542,,0,,,,,1
2007093542,,0,,,,,2
2008014391,,0,ZZ,UNKNOWN,9999.0,8.0,2
2007042335,,0,LA,897R48,,7.0,2
2007048371,,0,PA,XYG0407,,7.0,2
2007116657,,0,,,,8.0,2
2007127365,,0,,,,2.0,1
2007092887,,0,,,,,2
2007051511,,0,NJ,T047IW,,7.0,1
2007044550,,0,NJ,UM99,2007.0,3.0,3
2012030689,,0,ZZ,999999999999,9999.0,7.0,1
2007078049,,0,,,,3.0,2
2007061808,,0,PA,XP44258,2007.0,7.0,1
2007080147,,0,,,,,1
2007080147,,0,,,,,2
2007096316,,0,,GCL248I,,8.0,2
2007086409,,0,,S2793MG,,7.0,2
2007082438,,0,,,,,2
2007083614,,0,,,,,1
2007083614,,0,,,,,2
2007083614,,0,,,,,3
2008013437,,0,,,,7.0,1
2007123159,,0,,,,,1
2007123159,,0,PA,MQ08,,,2
2007080053,,0,,4,,,2
2007051279,,0,,,,,1
2008018231,,0,DE,T642IS,,6.0,2
2007123041,,0,ME,2725647,2007.0,7.0,2
2007082584,,0,,,,,1
2007102975,,0,PA,8BBGH,,7.0,1
2008005952,,0,,,,7.0,2
2007054644,,0,FL,CS6MY,,7.0,2
2007106799,,0,OK,9692FS,2007.0,7.0,1
2007044974,,0,,T552134,,6.0,1
2007062610,,0,,,,,1
2007098833,,0,,NM,,8.0,1
2007066717,,0,PA,UNKNOWN,9999.0,3.0,1
2007090156,,0,NJ,TJDE3M,,7.0,1
2007020219,,0,PA,MI8ZY86,,7.0,1
2007070240,,0,TN,0O979,,7.0,2
2007201071,,1,,,,3.0,1
2007073445,,0,,0035Q6,,9.0,2
2007080474,,0,,,,,1
2008001839,,0,,????????????,,7.0,2
2007122430,,0,WI,ST12851,2007.0,7.0,1
2007203616,,1,,,,3.0,1
2007064247,,0,PA,PL2O84,,7.0,1
2007097257,,0,,,,,1
2007082593,,0,,,,,2
2007036703,,0,NE,90489,2005.0,7.0,1
2008021410,,0,,,,7.0,2
2007067382,,0,PA,GH27I96,,,1
2007034977,,0,ME,476I05,0.0,7.0,1
2007072153,,0,ME,1650481,9999.0,7.0,1
2007027645,,0,,,,,1
2007103395,,0,OK,5076DP,2008.0,7.0,2
2007022725,,0,PA,M489J,,7.0,1
2007075882,,0,NJ,TAU2N,,7.0,1
2007020740,,0,PA,XN7205,,7.0,2
2008017366,,0,IA,XBRM8,,7.0,2
2007030910,,0,,,,7.0,1
2007110505,,0,,05735,,7.0,2
2007047680,,0,,,,,1
2007047680,,0,,,,,2
2008001486,,0,FL,C9284V,1997.0,6.0,1
2008017500,,0,,,,9.0,2
2007098725,,0,,,,,1
2007098725,,0,,,,,2
2007086207,,0,PA,XM54733,2007.0,6.0,1
2007086207,,0,PA,XT62892,2007.0,3.0,2
2007066387,,0,,,,,2
2008037350,,0,GA,LE7861B,9999.0,7.0,2
2007040977,,0,ME,2111151,2007.0,7.0,1
2007048971,,0,,IW8E4,,7.0,1
2007049148,,0,,,,6.0,1
2007067477,,0,,,,8.0,3
2007095497,,0,ZZ,UNKNOWN,9999.0,8.0,1
2007105676,,0,PA,XS57951,1984.0,7.0,1
2008035185,,0,ZZ,UNKNOWN,9999.0,7.0,1
2007097339,,0,,,,,1
2007099345,,0,OK,58I30V,,6.0,1
2007061571,,0,UT,70030K,2006.0,6.0,2
2007067388,,0,,M94K,,8.0,1
2007067388,,0,PA,4G5B2M,,8.0,2
2007040659,,0,PA,XW04496,2007.0,7.0,2
2007066625,,0,,T12R3F,,7.0,2
2007009256,,0,,,,7.0,1
2007048720,,0,ZZ,UNKNOWN,9999.0,7.0,1
2007028830,,0,,,,1.0,1
2007206222,,1,,,,7.0,2
2007045178,,0,OK,46237N,2007.0,7.0,1
2008024222,,0,,I87I0T,,7.0,1
2007201908,,1,,,,7.0,2
2007096581,,0,PA,XW77,9999.0,5.0,1
2007092216,,0,,,,,1
2007068123,,0,,,,,2
2007111499,,0,,,,,1
2007111499,,0,,,,,2
2007125020,,0,,,,8.0,1
2007125020,,0,,,,8.0,2
2007106214,,0,ME,0927831,9999.0,7.0,1
2007117636,,0,PA,XL49518,,3.0,2
2008013811,,0,ME,IZ539B0,,7.0,3
2007080885,,0,FL,C7405T,,6.0,1
2007067196,,0,,,,9.0,1
2008014392,,0,FL,9535CA,9999.0,7.0,2
2007076791,,0,ON,C3724F,2007.0,7.0,2
2007116494,,0,PA,R3H44G,,7.0,1
2007057003,,0,NJ,TCJYIK,,7.0,1
2007087112,,0,PA,XP25967,2008.0,6.0,3
2007047008,,0,IN,,,7.0,1
2007113876,,0,,,,6.0,1
2007027382,,0,PA,PT2539J,2007.0,7.0,2
2007080022,,0,,,,8.0,1
2007080022,,0,,,,8.0,2
2007080022,,0,,,,8.0,3
2007031491,,0,PA,PTI57H,,7.0,1
2007205218,,1,,,,3.0,2
2007120515,,0,,,,9.0,1
2007120515,,0,,,,8.0,2
2007025213,,0,,91JP0P,7.0,7.0,2
2007045767,,0,,,,7.0,1
2007070888,,0,,,,8.0,1
2007104505,,0,TN,018857T,2007.0,7.0,1
2007025123,,0,PA,PT07570,,7.0,2
2007098739,,0,,UNKMN0T,,7.0,2
2008018635,,0,,,,9.0,1
2007014631,,0,ME,0983497,2007.0,7.0,1
2007042716,,0,PA,XK10074,8.0,3.0,2
2007123809,,0,,,,,1
2007123809,,0,,,,,2
2007092425,,0,,,,,1
2007078852,,0,FL,C7202D,,7.0,1
2007122638,,0,ZZ,UNKNOWN,9999.0,7.0,2
2007122641,,0,,T83967O,7.0,7.0,1
2007078447,,0,NJ,TAO94A,2007.0,7.0,1
2008003883,,0,PA,XE9575,1989.0,6.0,2
2007066256,,0,,,,,2
2007058043,,0,PA,Q765X,,3.0,2
2007088786,,0,PA,XW27823,2007.0,6.0,2
2007078563,,0,PA,PT0861G,9999.0,7.0,1
2007123437,,0,NJ,TBE22V,2007.0,7.0,2
2008024949,,0,ME,1259322,,3.0,1
2007097248,,0,PA,XCZ1713,9999.0,6.0,1
2008035227,,0,ON,A1526P,2007.0,7.0,1
2007116283,,0,PA,XCZ589Y,,3.0,2
2007017866,,0,FL,C2783R,9999.0,7.0,1
2007097793,,0,,,,,2
2008004448,,0,ME,OBIB,,7.0,1
2007069549,,0,,787OQO,,7.0,2
2007057156,,0,NJ,T40M9C,,6.0,1
2007203645,,1,,,,7.0,1
2007067101,,0,,RX0O6O,,7.0,3
2007064347,,0,,BEM787,,7.0,1
2007104496,,0,,M,,,1
2007104239,,0,,,,,1
2007104239,,0,,,,,2
2008016463,,0,,R7YE529,,6.0,1
2007092912,,0,,,,,1
2007127836,,0,,33200H,,7.0,2
2007081886,,0,,,,,1
2007085785,,0,,,,8.0,1
2007099511,,0,,,,,2
2007076364,,0,,X495,,3.0,1
2007080887,,0,,,,,1
2007120719,,0,,,,,2
2007081680,,0,,,,,1
2007089229,,0,NJ,TAU88A,2008.0,7.0,1
2007120174,,0,ZZ,UNKNOWN,9999.0,9.0,2
2007115271,,0,,,,9.0,3
2007028334,,0,NJ,70H790,,7.0,2
2007202638,,1,,,,7.0,3
2007059428,,0,,,,,1
2007111539,,0,,,,9.0,1
2007079179,,0,PA,XDB7541,2007.0,7.0,2
2007048556,,0,WL,4964I8,,7.0,2
2007021023,,0,,UMK,,7.0,2
2007070079,,0,PA,XRH6Y45,,3.0,1
2007123841,,0,,,,,2
2007123224,,0,,,,6.0,4
2007097796,,0,,,,1.0,1
2007106734,,0,NJ,T92Y2F,2008.0,7.0,1
2008017285,,0,,WK,,6.0,1
2007120731,,0,,,,,1
2007120731,,0,,,,,2
2007054075,,0,??,????????????,,,1
2007203102,,1,,,,3.0,1
2007043954,,0,PA,828A5,,7.0,2
2007013082,,0,PA,XCS4570,2002.0,1.0,1
2007064378,,0,ZZ,W2QW,,7.0,2
2007045736,,0,IL,T98672,2007.0,6.0,2
2007047724,,0,,,,1.0,1
2007046723,,0,,,,9.0,1
2007046320,,0,,,,7.0,8
2007018293,,0,PA,XW98I9,,7.0,1
2007073088,,0,PA,X5I25Y,,3.0,2
2007055380,,0,VA,402713,2007.0,6.0,2
2007059279,,0,NJ,RB35H,209.0,7.0,1
2007120265,,0,,,,,2
2007030668,,0,PA,PT8841E,1992.0,7.0,2
2007046321,,0,,WM,,3.0,1
2007035146,,0,,,,7.0,1
2007035146,,0,ME,H7BD6,,7.0,2
2007097857,,0,,,,1.0,1
2007204211,,1,,,,7.0,1
2008018041,,0,PA,PT696Z5,,6.0,1
2007098479,,0,,,,,2
2007073486,,0,PA,8CHI609,,6.0,1
2007054093,,0,PA,M3YHI,,7.0,1
2007057015,,0,,,,8.0,1
2007120641,,0,,,,6.0,2
2007028547,,0,,N0JE,,,1
2007122497,,0,,,,9.0,2
2007052476,,0,PA,XN57393,,7.0,2
2007094635,,0,ZZ,UNKNOWN,9999.0,7.0,1
2007094578,,0,,,,9.0,1
2007035123,,0,ZZ,65I757,9999.0,7.0,1
2007094648,,0,PA,XCDI230,,3.0,1
2007068138,,0,,,,,2
2007082341,,0,VA,63I3VTR,,7.0,2
2007056753,,0,,,,,1
2007119030,,0,IL,22504S,2007.0,7.0,1
2007119030,,0,TN,T563326,2007.0,7.0,2
2008036922,,0,PA,XN74990,,7.0,2
2007126536,,0,,,,,1
2007126536,,0,,,,,2
2007053738,,0,IL,301991ST,2007.0,7.0,2
2007046703,,0,,,,9.0,2
2007082592,,0,,,,,1
2007083339,,0,ZZ,UNKNOWN,9999.0,9.0,1
2007089057,,0,,,,,1
2007113936,,0,PA,XP44794,2001.0,3.0,2
2007036443,,0,ZZ,UNKNOWN,9999.0,7.0,1
2007022546,,0,,,,1.0,1
2007062116,,0,IL,IBIGI5G,,7.0,1
2007062116,,0,VJ,Y2I2,,3.0,2
2007070528,,0,,,,,2
2007095954,,0,,0NK0WJ,,7.0,1
2007077825,,0,ME,1182641,2007.0,7.0,3
2007080852,,0,,,,,1
2007097875,,0,,,,9.0,2
2007098512,,0,,,,,1
2007047806,,0,,,,7.0,1
2007097251,,0,ME,0865779,9999.0,7.0,1
2008005201,,0,,,,,1
2007080846,,0,,,,,1
2008014251,,0,NE,72253,2007.0,7.0,2
2007082258,,0,PA,X2RM,,3.0,2
2007098496,,0,,,,,2
2007117634,,0,ME,0881599,1976.0,7.0,1
2007117634,,0,,,,,2
2007119028,,0,PA,XR41888,2007.0,7.0,1
2008003309,,0,,4EV8ZB,,7.0,2
2007035916,,0,,T6Y08C,,7.0,1
2007091904,,0,,,,,1
2008018059,,0,,,,,1
2007047513,,0,,3N295,,7.0,1
2007205980,,1,,,,7.0,2
2007111460,,0,PA,PT4053J,9999.0,7.0,2
2007107555,,0,,,,,3
2007046819,,0,,U0K,2.0,7.0,1
2007036255,,0,PA,PT9100F,9999.0,6.0,1
2008012440,,0,ME,I256IW,,6.0,1
2008012440,,0,ME,IIS9793,0.0,6.0,3
2007075606,,0,,,,7.0,2
2007045401,,0,ZZ,UNKNOWN,9999.0,7.0,1
2007047860,,0,,XOYDZ1,,7.0,1
2007044305,,0,OK,7142DX,2007.0,7.0,1
2008017034,,0,,,,,1
2008017034,,0,,,,,2
2008017034,,0,,,,,3
2007099532,,0,,,,7.0,2
2007047959,,0,,873887,,7.0,1
2007066244,,0,,,,3.0,2
2007073182,,0,PA,XB24YZ7,,3.0,1
2007100169,,0,,7924FE,,7.0,1
2007081806,,0,PA,XY03611,2007.0,3.0,2
2007046898,,0,,,,,2
2007046898,,0,,,,,1
2007205062,,1,,,,7.0,2
2007098807,,0,,,,9.0,2
2007101277,,0,MC,IM564S,,7.0,2
2008008696,,0,NJ,T71J9W,2010.0,7.0,1
2008052085,,0,PA,PT6498L,2008.0,7.0,1
2008075906,,0,,,,1.0,2
2008059895,,0,,I,,,1
2008081452,,0,OH,TNTW9,,7.0,1
2008085096,,0,NJ,T62Y4R,2009.0,7.0,1
2008095015,,0,NY,CBM2781,2008.0,1.0,1
2008094664,,0,,,,9.0,3
2008114419,,0,IL,6889ST,,7.0,1
2008131832,,0,NJ,TAV64H,2009.0,6.0,2
2008054190,,0,,,,1.0,2
2008073207,,0,PA,XZ40038,2004.0,3.0,2
2008116499,,0,PA,XZ23147,2003.0,3.0,2
2008121104,,0,,,,9.0,1
2008113342,,0,IL,T413195,2009.0,7.0,2
2008066942,,0,PA,PT5883M,2099.0,7.0,3
2008065286,,0,,1,,,1
2008115295,,0,WI,MC396840,2008.0,7.0,1
2008082745,,0,PA,XCJ4564,2008.0,3.0,1
2008026558,,0,IA,TD0565,2007.0,7.0,1
2009006759,,0,,W,,,1
2009006759,,0,,M,,,2
2008063698,,0,PA,PT4263B,1998.0,7.0,1
2008011294,,0,IL,325887ST,2008.0,7.0,1
2008044946,,0,,,,3.0,2
2008133233,,0,PA,Y0A6IY,,3.0,1
2008111708,,0,OK,7384CY,1999.0,7.0,2
2008120284,,0,PA,XDB7026,2009.0,3.0,1
2008083641,,0,ME,1211694,2008.0,6.0,2
2008110734,,0,PA,EV60074,,4.0,2
2008049832,,0,GA,T435727,2008.0,7.0,2
2008089911,,0,OR,HS11139,2020.0,6.0,1
2008026615,,0,,,,,1
2008134299,,0,IN,P109360,2007.0,7.0,1
2008136268,,0,DO,1IJ214G7,,3.0,1
2008066380,,0,DE,T85448,2010.0,6.0,1
2008056852,,0,PA,PT8637B,1996.0,7.0,2
2009029534,,0,,,,7.0,1
2009029534,,0,,,,7.0,2
2009012576,,0,PA,PT4405L,9999.0,7.0,2
2008089182,,0,ZZ,UNKNOWN,9999.0,7.0,2
2008091183,,0,PA,PT4156H,2008.0,7.0,2
2008108332,,0,CA,CQ83,,7.0,2
2008046904,,0,PA,PT1490M,2008.0,6.0,2
2008054031,,0,ZZ,UNKNOWN,9999.0,3.0,1
2008094243,,0,NJ,TDY76P,2009.0,7.0,1
2008062521,,0,,,,1.0,2
2008052491,,0,,NONE,,1.0,1
2008122352,,0,WV,C167596,2099.0,7.0,1
2008057657,,0,,0IK,,,1
2008056761,,0,PA,XBK-7166,2008.0,3.0,2
2008076976,,0,ME,1043580,2010.0,7.0,1
2008026374,,0,TN,U031732,2008.0,6.0,1
2008072616,,0,,,,7.0,2
2008088831,,0,ZZ,UNKNOWN,9999.0,7.0,1
2008100192,,0,GA,DL-81956,2008.0,3.0,1
2009002230,,0,,,,9.0,1
2008114985,,0,,H,,,2
2008051694,,0,,M,,,2
2008047368,,0,PA,PT1350B,1997.0,7.0,2
2008073924,,0,NJ,T170004,1974.0,6.0,1
2008067808,,0,PA,M20IQ94,9999.0,7.0,2
2008094595,,0,IN,UNKNOWN,9999.0,7.0,2
2008067936,,0,KS,463710,2008.0,3.0,1
2008085750,,0,PA,XBA6039,2008.0,6.0,2
2008133483,,0,FL,IY38CE,,7.0,1
2008098531,,0,ME,1842270,2009.0,6.0,1
2008108392,,0,,0IA,,,2
2009005161,,0,IL,T263236,2099.0,7.0,3
2008051695,,0,,9,,,1
2008107374,,0,NJ,TI67FR,,7.0,1
2008075775,,0,OH,TNA8441,2008.0,7.0,1
2008013276,,0,,R,,,1
2008013276,,0,,W,,,2
2008046233,,0,NJ,T88D3K,1998.0,7.0,2
2008045585,,0,,,,,2
2008068159,,0,PA,XV27640,2008.0,6.0,1
2008075414,,0,PA,XBF7560,2008.0,3.0,1
2008132647,,0,PA,XBG3291,2005.0,3.0,2
2008030412,,0,IN,P71351,2008.0,7.0,2
2009001799,,0,PA,PT8664L,1995.0,7.0,2
2008132581,,0,PA,XDX1160,1997.0,3.0,2
2008050148,,0,NY,AN73844,2008.0,7.0,2
2009002129,,0,ME,II79H2,,7.0,1
2008017879,,0,PA,PT2062B,2099.0,7.0,2
2009005178,,0,PA,XP51135,2009.0,7.0,1
2008030884,,0,,T,,,1
2008084249,,0,PA,XP80879,2008.0,7.0,2
2008134173,,0,NJ,TEH45J,2008.0,7.0,1
2008086864,,0,MO,9999,2008.0,6.0,1
2008087117,,0,IL,5888ST,2009.0,7.0,1
2008110236,,0,,XZE5,,3.0,2
2008055033,,0,NJ,,,7.0,1
2008076966,,0,ME,0973791,2009.0,6.0,2
2008067896,,0,PA,XS25084,2008.0,6.0,1
2008112706,,0,,W,,,1
2008027233,,0,,9,,9.0,1
2008027233,,0,,1,,9.0,2
2008103432,,0,MI,A405237,9999.0,7.0,1
2009002465,,0,NJ,TEL53V,,7.0,1
2008101287,,0,FL,6656CB,2000.0,7.0,2
2008095600,,0,PA,X0T9DYI7,,3.0,1
2008108253,,0,IL,T440810,2009.0,7.0,1
2008108253,,0,ME,1360827,2008.0,7.0,2
2008104961,,0,NJ,TAL47D,2006.0,7.0,1
2008043807,,0,ON,C1741A,,7.0,1
2008043807,,0,IN,P62565,2008.0,7.0,3
2008132789,,0,NE,177905,2008.0,7.0,1
2008104541,,0,PA,PT7799A,2099.0,7.0,1
2008118561,,0,,,,9.0,2
2009005105,,0,ZZ,UNKNOWN,9999.0,7.0,1
2008024207,,0,,,,,1
2008024207,,0,,,,,2
2008024207,,0,,,,,3
2008094740,,0,PA,PT9909B,2099.0,7.0,2
2008120903,,0,M,W,,,2
2009012660,,0,,,,9.0,1
2008130730,,0,IN,585249,2009.0,7.0,1
2008029176,,0,,,,,1
2008029176,,0,,,,,2
2008029176,,0,,,,,3
2008029176,,0,,,,,4
2008038338,,0,PA,XN84788,2008.0,6.0,2
2008020989,,0,PA,YMV3001,2003.0,1.0,1
2008057112,,0,PA,EPGW28,,2.0,2
2008098655,,0,,60MI08,,7.0,1
2008058968,,0,ME,0B50963,,6.0,1
2008084633,,0,PA,XS61980,2008.0,7.0,1
2008094110,,0,WI,528107,1994.0,7.0,1
2008077176,,0,,????????????,,,1
2008113323,,0,PA,YMZ0642,1997.0,8.0,2
2008097361,,0,NE,173607,2008.0,7.0,1
2008054148,,0,ZZ,UNKNOWN,9999.0,7.0,1
2009014226,,0,,,,9.0,1
2008116119,,0,NJ,TDR57L,2008.0,6.0,2
2008124299,,0,NJ,T155XD,2008.0,7.0,2
2009003656,,0,ZZ,UNKNOWN,2099.0,9.0,1
2008072168,,0,,,,7.0,2
2008067713,,0,,,,8.0,2
2008132124,,0,MO,04A166,2009.0,7.0,1
2008027017,,0,MI,IZ0550,,7.0,1
2008103842,,0,PA,X0L9OS7,,3.0,2
2009009192,,0,,0929407,,7.0,1
2008103414,,0,ME,I5O49Q4,,7.0,1
2008054076,,0,,,,6.0,1
2008084479,,0,PA,XBMM7,,7.0,1
2008096921,,0,PA,XR01464,2009.0,7.0,1
2009042365,,0,PA,XDA8503,2009.0,8.0,2
2008058060,,0,,,,2.0,1
2008081011,,0,ME,I025490,,7.0,1
2008101782,,0,ZZ,NONE,2099.0,6.0,2
2008025547,,0,ME,16TLR51315,2008.0,7.0,1
2008044022,,0,PA,X525XJ,,8.0,3
2008114964,,0,PA,XCB6895,2009.0,7.0,1
2008114964,,0,TN,U1Z7857,2009.0,7.0,2
2008064040,,0,IL,P35-283,2008.0,7.0,1
2008134056,,0,,G,,,1
2008111955,,0,,,,8.0,2
2008043091,,0,ME,1815480,2018.0,7.0,1
2008092039,,0,PA,PT3241J,2068.0,7.0,1
2008093670,,0,PA,PT8420G,9999.0,7.0,2
2008100136,,0,MO,PT4003,2008.0,7.0,2
2008090092,,0,ME,1652518,2010.0,7.0,2
2008054298,,0,ME,12TLR17122,2010.0,7.0,1
2008114586,,0,PA,XBAN5Z,,7.0,1
2008052628,,0,NC,AZ31011,1998.0,7.0,1
2008049392,,0,PA,XCW1033,2009.0,3.0,1
2008015579,,0,ME,1159487,2006.0,6.0,3
2008067376,,0,NJ,TDE35B,2010.0,7.0,1
2008075776,,0,ME,0984347,2008.0,7.0,1
2008050797,,0,IN,5880,2009.0,7.0,1
2008101286,,0,PA,XDC9836,2009.0,7.0,2
2008082589,,0,OK,2473DU,,7.0,2
2009009342,,0,PA,XY81528,1989.0,3.0,2
2008123015,,0,PA,PT06737,,7.0,2
2008026373,,0,NE,182602,2008.0,7.0,1
2008056266,,0,NE,157326,2005.0,6.0,2
2008100121,,0,PA,XZ15327,2003.0,5.0,2
2008026547,,0,ME,1644202,2008.0,7.0,1
2008048555,,0,,8X0TW,,7.0,1
2008121009,,0,IN,PI6937S9,2009.0,7.0,3
2008139602,,0,ZZ,UNKNOWN,,7.0,2
2008030588,,0,,,,9.0,1
2008030588,,0,,,,,2
2008056741,,0,MO,PT1788,2008.0,6.0,1
2008056741,,0,PA,PT2993E,2008.0,6.0,2
2008017970,,0,IN,P167710,2003.0,6.0,1
2008044049,,0,,8738S3,,7.0,1
2008077726,,0,PA,PA95896,2008.0,8.0,2
2008057746,,0,,T22NTI,1990.0,7.0,3
2008106389,,0,PA,XCD4547,2008.0,7.0,2
2008011953,,0,OK,2732FJ,2008.0,7.0,1
2008083445,,0,NJ,UNKNOWN,2009.0,7.0,1
2008062189,,0,,,,9.0,1
2008062189,,0,,,,9.0,3
2008062189,,0,,,,9.0,4
2008108460,,0,,,,9.0,2
2008039848,,0,OK,6911EP,2004.0,7.0,1
2008074690,,0,,607844,,7.0,1
2008039835,,0,MS,033368A,2005.0,7.0,2
2008118970,,0,,,,8.0,2
2009003906,,0,PA,TDP56B,2009.0,3.0,1
2008066578,,0,PA,XBJ0741,2009.0,3.0,2
2008040478,,0,PA,XSHB9I,,7.0,1
2008027654,,0,MI,B746625,2008.0,7.0,1
2008029497,,0,,,,,2
2009042602,,0,NJ,TDX73V,2011.0,7.0,1
2008098595,,0,TN,T937412,2099.0,6.0,1
2009068519,,0,NJ,TFHJ5M,,7.0,1
2008110655,,0,CA,4HY6225,2012.0,7.0,1
2008120129,,0,,,,7.0,2
2008069142,,0,TN,T350291,2000.0,7.0,1
2008037886,,0,IL,T405186,2008.0,7.0,1
2008071419,,0,PA,PT0844J,2008.0,7.0,1
2008071419,,0,PA,PA95325,2008.0,3.0,2
2008072022,,0,PA,XS5UH,,3.0,2
2009029171,,0,,,,9.0,2
2009002457,,0,NJ,5WW8OE,9999.0,1.0,2
2008118826,,0,PA,PT2583H,2099.0,7.0,1
2008032409,,0,,,,,1
2008133605,,0,,,,9.0,1
2008011472,,0,,,,9.0,2
2009002466,,0,,,,7.0,1
2008079180,,0,,,,1.0,1
2009011456,,0,ME,1218977,2012.0,7.0,1
2008079233,,0,,,,1.0,1
2008079233,,0,,,,1.0,2
2008049358,,0,IN,P151882,2008.0,7.0,1
2008043697,,0,NJ,TAM49R,1999.0,7.0,2
2008084408,,0,,XK8O2I,,3.0,2
2008118652,,0,NJ,TDV78G,2009.0,6.0,2
2008128151,,0,ZZ,UNKNOWN,9999.0,6.0,1
2008127391,,0,PA,PT7047E,2009.0,7.0,2
2008025540,,0,PA,PT543D,2099.0,7.0,3
2008077825,,0,??,????????????,,,2
2008104302,,0,PA,XBL4475,2004.0,3.0,2
2008104397,,0,PA,R69B,,6.0,1
2009016908,,0,,,,7.0,1
2008057604,,0,NJ,T67Y2F,2011.0,7.0,2
2008042109,,0,,,,,2
2008118719,,0,,,,9.0,3
2009009336,,0,PA,PT2392D,2009.0,7.0,2
2008049503,,0,PA,XT71843,2009.0,7.0,2
2009037170,,0,,,,7.0,2
2008114049,,0,PA,XY4H70,,3.0,1
2008048605,,0,,,,8.0,2
2008053838,,0,ZZ,UNKNOWN,9999.0,8.0,1
2008036167,,0,ME,1252297,2008.0,7.0,2
2008114227,,0,NJ,1UNK353508,2009.0,7.0,2
2008072840,,0,NS,PS0608,,7.0,1
2008093798,,0,PA,PT7732H,2099.0,6.0,1
2008086027,,0,PA,XS50296,2006.0,6.0,2
2008040448,,0,,,,,1
2008040448,,0,,,,9.0,2
2008136459,,0,ME,1197365,2011.0,7.0,1
2008118182,,0,PA,XCY4012,,7.0,2
2008061303,,0,,,,7.0,1
2008106052,,0,NE,184788,2008.0,7.0,2
2008069345,,0,PA,8TO2YIL,,6.0,2
2008033190,,0,PA,GXZ 5747,2008.0,,1
2008131831,,0,,,,9.0,2
2009007676,,0,FL,C5374M,9999.0,7.0,1
2008087880,,0,,,,1.0,1
2008113540,,0,PA,PT7234L,99.0,3.0,2
2008064906,,0,ZZ,UNKNOWN,2008.0,6.0,1
2009013570,,0,,O,,,1
2008116168,,0,ON,B3972B,9999.0,7.0,2
2009012203,,0,TN,T84383,,7.0,1
2008135336,,0,PA,PT1045J,2099.0,7.0,2
2008042188,,0,,,,,1
2008092653,,0,PA,AIML,,6.0,1
2008047074,,0,PA,PT9708K,2000.0,6.0,1
2008049869,,0,,,,7.0,1
2008100987,,0,PA,H2577C,,6.0,1
2008119029,,0,PA,BMM4Q,,8.0,1
2008119029,,0,OK,ZO5D6,,7.0,2
2008030249,,0,,,,7.0,1
2008043195,,0,,,,9.0,2
2008026939,,0,,M,,,1
2008026939,,0,,1,,,2
2008128694,,0,PA,XCG0682,2010.0,3.0,1
2008099069,,0,ZZ,UNKNOWN,9999.0,9.0,1
2008103648,,0,,PA338R,,7.0,1
2008101391,,0,PA,XCT1393,1987.0,3.0,2
2008062060,,0,NJ,T79V7V,2006.0,3.0,1
2008026687,,0,MD,38883GG,,3.0,1
2008077562,,0,NJ,T8P818,2008.0,7.0,3
2008125696,,0,MD,XL11076,2008.0,7.0,2
2008112409,,0,OR,B72Q0,,7.0,3
2008077534,,0,PA,XP64B74,,3.0,2
2008040622,,0,,,,,2
2008072437,,0,PA,XS53839,2008.0,3.0,2
2008008498,,0,PA,PT0760F,9999.0,7.0,2
2008060665,,0,PA,X2N293,,3.0,2
2008130922,,0,ZZ,999999,2099.0,7.0,1
2008054969,,0,ME,128TRL6486,2099.0,7.0,1
2008109356,,0,IN,701972,2009.0,7.0,2
2008130739,,0,MI,B598591,2099.0,7.0,1
2008067021,,0,PA,XT46223,9999.0,7.0,2
2008062158,,0,,,,9.0,2
2008062158,,0,,,,9.0,3
2008062158,,0,,,,9.0,4
2008054216,,0,,,,9.0,2
2008065743,,0,OK,6267FZ,2008.0,7.0,1
2008015983,,0,ME,0895845,2008.0,7.0,1
2008045532,,0,,VI95I3,,7.0,1
2008093558,,0,,M,,,1
2008114585,,0,PA,XW09103,2008.0,3.0,1
2008051736,,0,QC,EI840I,,6.0,1
2008127363,,0,ME,292396Z,2009.0,7.0,2
2008119193,,0,,,,9.0,1
2008134024,,0,,,,1.0,2
2008010451,,0,PA,XCL6103,2009.0,7.0,1
2008019293,,0,ZZ,UNKNOWN,2099.0,7.0,1
2008101620,,0,PA,XCH9445,2006.0,3.0,1
2008079252,,0,,4,,,1
2008111953,,0,,,,9.0,2
2008136449,,0,PA,XW64042,2009.0,3.0,3
2008078440,,0,NJ,TFN34Y,2008.0,3.0,1
2008056262,,0,PA,PT24926,2008.0,6.0,2
2008019865,,0,,1,,,1
2008095597,,0,,,,1.0,2
2008131804,,0,ME,0991760,2009.0,6.0,2
2008114420,,0,,,,8.0,1
2008011465,,0,,,,8.0,2
2008080675,,0,ZZ,UNKNOWN,9999.0,7.0,1
2008136584,,0,ME,107836B,2020.0,7.0,2
2008126984,,0,,,,9.0,2
2008057412,,0,,,,1.0,2
2008074475,,0,ME,1732334,2006.0,7.0,2
2008134341,,0,NJ,T21G1S,2000.0,7.0,1
2008128136,,0,ME,1738862,2017.0,7.0,2
2008033426,,0,,,,7.0,1
2008125135,,0,PA,XY02262,2009.0,3.0,2
2008065497,,0,PA,XBD8I07,2011.0,3.0,1
2008116991,,0,ZZ,UNKNOWN,9999.0,9.0,1
2008057370,,0,Y,1,,1.0,1
2008057370,,0,,1,,,2
2008014762,,0,OK,4442N,2007.0,7.0,1
2008067353,,0,IL,T269530,2009.0,7.0,2
2009013634,,0,PA,PF0Z24D,,7.0,2
2008046793,,0,FL,3963CC,2008.0,6.0,1
2008091708,,0,ZZ,UNKNOWN,1999.0,7.0,1
2008133035,,0,,M,,,1
2008009572,,0,,,,,1
2008070984,,0,,NII,,,1
2008091085,,0,PA,XY23033,9999.0,3.0,1
2008123964,,0,IL,T409803,2008.0,7.0,2
2008029086,,0,,,,,1
2008029086,,0,,,,,2
2008029086,,0,,1,1.0,,3
2008029086,,0,,,,,4
2008066509,,0,PA,XT-67434,,7.0,2
2008046899,,0,CA,4HD3843,2009.0,7.0,1
2008046899,,0,TN,Y24282,2009.0,7.0,2
2008078446,,0,MD,770478G,2008.0,7.0,2
2008087707,,0,,,,3.0,2
2008061366,,0,ZZ,UNKNOWN,9999.0,7.0,3
2008055716,,0,PA,PT8158H,2008.0,7.0,1
2008092573,,0,OR,HU09194,2008.0,7.0,2
2008063632,,0,MS,46384A,2007.0,7.0,2
2008009589,,0,NY,1459B3,2002.0,7.0,1
2008104867,,0,PA,XW01402,2009.0,7.0,2
2008097388,,0,ME,142491,2014.0,7.0,2
2008137024,,0,PA,XP54455,2009.0,3.0,2
2008042227,,0,ME,1266328,9999.0,7.0,1
2008101631,,0,,XCD7659,,3.0,2
2008085901,,0,,P,,,2
2009026116,,0,,,,2.0,1
2008124710,,0,PA,XS58411,2009.0,3.0,2
2008070759,,0,,EPN,,,1
2008021154,,0,IL,312-324ST,2008.0,7.0,1
2008067377,,0,ME,107459A,2010.0,7.0,2
2008027049,,0,,,,,1
2008027049,,0,,,,,2
2008065097,,0,,????????????,,,1
2008072501,,0,ME,1340597,2020.0,7.0,2
2008074569,,0,IL,T420431,2008.0,7.0,1
2008074569,,0,ME,287461Y,2008.0,7.0,3
2008042587,,0,NJ,T55W5L,,7.0,2
2009013691,,0,,,,7.0,1
2008105024,,0,PA,XBL7313,2009.0,3.0,1
2008112914,,0,PA,GKL8993,1991.0,1.0,1
2008090996,,0,,P,,,2
2008119656,,0,,C,,,2
2008106861,,0,PA,XCW9944,2009.0,3.0,1
2008069872,,0,PA,AF37988,2009.0,7.0,1
2008097531,,0,PA,UK95I0,,1.0,1
2008050418,,0,ME,IO42M8,2008.0,7.0,3
2008061077,,0,,Y,,,1
2008045845,,0,NJ,TCW53Y,2006.0,9.0,2
2008124943,,0,TN,T218044,2008.0,7.0,1
2008048134,,0,PA,XCY8119,2008.0,3.0,1
2008065282,,0,,,,9.0,1
2008112243,,0,PA,XP07003,2009.0,6.0,2
2008011358,,0,PA,XY18342,2008.0,3.0,3
2008095581,,0,??,????????????,,,1
2008046286,,0,PA,XCS-3041,2009.0,6.0,2
2008111433,,0,ZZ,UNKNOWN,2000.0,3.0,1
2008124626,,0,TX,39E149,2009.0,7.0,2
2008059826,,0,PA,PT2166M,9999.0,7.0,1
2008128824,,0,IL,T443100,9999.0,7.0,3
2008045469,,0,,,,7.0,1
2008115604,,0,PA,XM34534,1997.0,6.0,2
2008047369,,0,OR,7553I,,7.0,2
2008110441,,0,TN,T722993,2008.0,7.0,2
2008080668,,0,PA,PT7297A,2099.0,6.0,1
2008125013,,0,ZZ,,,7.0,2
2008027059,,0,,,,,1
2008049157,,0,NY,AR26176,2002.0,3.0,1
2008125139,,0,NJ,NONE,2008.0,7.0,1
2008104876,,0,IL,T364812,2008.0,7.0,2
2008113493,,0,DE,T87432,2009.0,3.0,1
2009055569,,0,IL,T361896,9999.0,6.0,1
2008051693,,0,,6,,,1
2008099521,,0,ME,1741959,2017.0,7.0,1
2008046840,,0,IA,TF1766,,7.0,1
2008074574,,0,PA,XDD7665,2009.0,3.0,1
2008039240,,0,ME,1721110,9999.0,7.0,2
2008112136,,0,WI,1X554,2009.0,7.0,1
2008069767,,0,,,,9.0,2
2008128632,,0,PA,XP62060,2008.0,3.0,1
2008042852,,0,OH,TNJ9135,2009.0,7.0,1
2008025074,,0,OK,1517FN,9999.0,7.0,2
2008101521,,0,ZZ,UNK,2009.0,7.0,1
2008062421,,0,DE,T90110,2008.0,7.0,1
2008007715,,0,NJ,XF376W,8.0,3.0,2
2009013505,,0,,,,7.0,2
2009013505,,0,,T92WA,212.0,,3
2008123396,,0,PA,XDZ9363,2011.0,6.0,2
2008030717,,0,,,,,1
2008030717,,0,,,,,2
2008050137,,0,PA,XCH9868,2008.0,8.0,2
2008133314,,0,,,,9.0,1
2008133314,,0,,,,8.0,2
2008119180,,0,,,,9.0,1
2009021572,,0,NJ,TFG40W,,8.0,1
2008090775,,0,ME,116155A,2011.0,7.0,2
2008114144,,0,PA,XZ56008,2009.0,3.0,2
2008132031,,0,PA,XDK7053,2009.0,6.0,2
2008088925,,0,,BT3BY37,,6.0,2
2008059143,,0,QC,RE4369,,7.0,1
2008044684,,0,PA,EV50269,9999.0,8.0,2
2008121061,,0,,P,,8.0,1
2008091080,,0,WI,D60ZM,,7.0,1
2008081185,,0,ZZ,UNKNOWN,9999.0,7.0,1
2008069200,,0,PA,PT4188H,2008.0,7.0,2
2008101823,,0,NJ,TEC86P,2012.0,3.0,1
2008032871,,0,VC,C462402,2008.0,7.0,1
2009016611,,0,PA,XYQQQQ,,7.0,2
2009000790,,0,PA,XCHYBI,,6.0,2
2008025979,,0,NJ,T95Y78,,3.0,2
2008095344,,0,,BB,,,1
2008057856,,0,,,,6.0,1
2008117198,,0,PA,GVE5193,2008.0,1.0,1
2008029557,,0,,,,7.0,2
2008100800,,0,PA,XBN5227,2009.0,3.0,2
2009013972,,0,,,,7.0,1
2008022450,,0,ME,0948315,9999.0,7.0,2
2008099927,,0,PA,PT6136E,2099.0,7.0,1
2008043302,,0,KY,064242,2008.0,7.0,2
2008087199,,0,NJ,TDU14T,2008.0,7.0,1
2009030780,,0,,,,6.0,19
2008104680,,0,PA,XCV-7198,2004.0,3.0,2
2008110607,,0,ZZ,NONE,2008.0,7.0,1
2008135570,,0,PA,PT9740K,2009.0,7.0,1
2008059155,,0,ME,1645176,2008.0,6.0,2
2008059141,,0,PA,XCH8518,9999.0,3.0,1
2008061154,,0,,YDF556G,,3.0,1
2008016700,,0,PA,PT2568L,2007.0,6.0,1
2008048786,,0,,,,2.0,1
2008071184,,0,PA,XK84823,2009.0,3.0,2
2008064513,,0,ZZ,UNKNOWN,2008.0,3.0,2
2008064513,,0,FL,5275CD,2008.0,6.0,3
2008058075,,0,,,,7.0,2
2008044308,,0,,TIY2YIE,,6.0,2
2008045957,,0,PA,PT4822H,2008.0,7.0,1
2008030413,,0,NJ,T71K3D,2008.0,7.0,2
2008030413,,0,TN,X53523,2008.0,7.0,3
2008059628,,0,FL,7042CB,2008.0,7.0,1
2009004237,,0,ME,1135600,2008.0,6.0,1
2008087100,,0,TN,TN88768,2010.0,7.0,1
2008092411,,0,NE,185688,2009.0,6.0,1
2008067126,,0,PA,XP95503,,7.0,2
2008070542,,0,TN,U004037,2007.0,6.0,2
2008091124,,0,IL,THISP7Q,9999.0,7.0,1
2008052214,,0,,NIA,,7.0,2
2008015515,,0,NJ,T97U7W,2008.0,7.0,2
2008085323,,0,IL,T 399202,2008.0,6.0,2
2008115146,,0,PA,PT8509B,9999.0,7.0,2
2008083212,,0,,IISB09S,,7.0,2
2008042079,,0,ME,0930060,2003.0,7.0,2
2008119339,,0,ZZ,UNKNOWN,9999.0,9.0,2
2008056552,,0,IL,T411090,2009.0,7.0,1
2008079826,,0,PA,XCN2043,2011.0,3.0,1
2008028537,,0,PA,XW83670,2009.0,7.0,2
2008133722,,0,ME,I1W26,,7.0,1
2008042396,,0,PA,XCA 8141,2005.0,3.0,2
2008007687,,0,PA,XV47095,2008.0,7.0,2
2008056406,,0,PA,XM69421,2008.0,3.0,2
2008138286,,0,PA,PT1026F,2099.0,7.0,1
2008088979,,0,,,,1.0,2
2008113479,,0,TN,T659813,2004.0,7.0,1
2008107715,,0,,,,7.0,2
2008095586,,0,,,,9.0,1
2008095586,,0,,,,9.0,2
2008070806,,0,,,,1.0,1
2008071417,,0,ZZ,UNKNOWN,9999.0,7.0,2
2008099655,,0,PA,XM86074,2009.0,3.0,2
2008110290,,0,IN,P161578,2008.0,7.0,2
2008046773,,0,VA,89289Z,2008.0,7.0,1
2008077960,,0,,XL0745I,,3.0,1
2008077960,,0,PA,XCX87B,,3.0,3
2008026555,,0,ZZ,,,9.0,3
2008042111,,0,,,,,3
2008109455,,0,PA,XBJ1846,2005.0,3.0,2
2008047513,,0,ZZ,UNKNOWN,9999.0,7.0,1
2008056820,,0,,,,9.0,1
2008097707,,0,OK,4169GB,9999.0,6.0,1
2009018979,,0,MN,YL1OG8,,6.0,1
2008086881,,0,PA,PT01406,9999.0,7.0,1
2009007073,,0,OK,1536RN,2008.0,6.0,2
2008114994,,0,PA,XM80200,2009.0,6.0,1
2009029293,,0,ZZ,UNKNOWN,9999.0,9.0,2
2008055701,,0,PA,XCJ2291,2011.0,8.0,3
2008041306,,0,,NIA,,1.0,1
2008120585,,0,TN,U083219,2008.0,7.0,2
2008103953,,0,,U,,,1
2008103953,,0,,6,,,2
2008075764,,0,TN,U075057,2000.0,7.0,1
2008118968,,0,,,,9.0,1
2008072740,,0,NJ,TBSRIA,,7.0,1
2008063396,,0,CA,DT02049,2008.0,7.0,2
2008109317,,0,PA,PT6063J,,7.0,2
2009000171,,0,IN,P69092,2009.0,7.0,2
2008068548,,0,PA,XL96430,2094.0,7.0,1
2008072502,,0,PA,XCS-1375,2008.0,7.0,2
2009007076,,0,PA,PT0780F,2099.0,6.0,2
2008124983,,0,PA,,,7.0,2
2008098154,,0,,,,3.0,1
2008056983,,0,PA,XDN1886,1999.0,6.0,2
2008105933,,0,NJ,TDT77B,2010.0,7.0,1
2008122509,,0,NJ,TAE51U,2008.0,7.0,1
2008134382,,0,PA,HBM2388,2009.0,1.0,2
2008134382,,0,PA,EHK8027,2009.0,1.0,3
2008078539,,0,,,,9.0,2
2008109422,,0,,UNKNOWN,,6.0,1
2008050248,,0,ME,D97296,,7.0,1
2008081428,,0,PA,PT8806C,9999.0,6.0,2
2008015718,,0,ZZ,UNKNOWN,9999.0,7.0,1
2008015718,,0,,,,,2
2008052089,,0,PA,PT1726E,9999.0,6.0,2
2008026931,,0,,,,9.0,1
2008095598,,0,,K,,1.0,1
2008095598,,0,,1,,,2
2008091373,,0,,A,,,2
2008027003,,0,,7I3AD,,7.0,1
2008058439,,0,,F,,,1
2008133756,,0,NJ,HS065L,,1.0,1
2008076500,,0,IL,185979ST,2008.0,7.0,1
2008138029,,0,ME,14211025,2000.0,7.0,2
2008044033,,0,,,,,1
2008112703,,0,PA,EM094I,,,2
2009002087,,0,ME,1143926,,7.0,1
2008051692,,0,,M,,,1
2008051692,,0,,M,,,2
2008134055,,0,,M,,,3
2008080351,,0,ME,1359091,2013.0,7.0,2
2008087398,,0,PA,XBF8988,2009.0,5.0,2
2008047846,,0,,8XZ87,,6.0,2
2008057656,,0,,2WWWI,,,2
2008094437,,0,,,,7.0,1
2008047527,,0,DE,T14201,1982.0,7.0,2
2008039678,,0,PA,XS28170,2011.0,3.0,2
2008108827,,0,PA,XDF4007,2009.0,3.0,2
2009004190,,0,ME,2023550,2020.0,7.0,1
2008073510,,0,MA,094M8,,7.0,1
2008106991,,0,,M,,,2
2008055693,,0,NJ,TEJ58X,2011.0,6.0,1
2008086821,,0,PA,PT7678E,2009.0,7.0,1
2008131661,,0,PA,GJJ1397,,,3
2008051696,,0,,G,,,2
2008093800,,0,PA,PT7732G,2003.0,6.0,1
2008134242,,0,PA,XCF4144,2009.0,6.0,1
2008092083,,0,PA,XR18192,2008.0,7.0,1
2008016724,,0,PA,XL29358,2008.0,7.0,2
2008102300,,0,PA,UNKNOWN,2009.0,1.0,1
2008110434,,0,NJ,TEU71D,2009.0,3.0,1
2008134175,,0,OK,8686FN,2011.0,7.0,1
2008044703,,0,CA,0047,,7.0,1
2008008471,,0,TN,T986098,2008.0,7.0,2
2009013412,,0,,PS26080,,7.0,1
2008097173,,0,PA,XCT5023,2009.0,3.0,2
2008093802,,0,NJ,TFK56A,2008.0,7.0,2
2008112311,,0,,NIA,,,2
2008113478,,0,ZZ,UNKNOWN,2069.0,7.0,1
2008026606,,0,,,,,2
2009000956,,0,TN,T57560,,7.0,1
2008060617,,0,,O983495,,6.0,1
2008047976,,0,ME,102544B,2010.0,7.0,2
2008110605,,0,ZZ,999999999999,9999.0,7.0,1
2008088705,,0,NJ,TIA728,1985.0,7.0,1
2009022293,,0,PA,XD37664,,3.0,1
2008108631,,0,GA,TL79026,,6.0,2
2009005335,,0,IN,P31458,2099.0,7.0,2
2008049128,,0,ME,0856658,2008.0,7.0,1
2009022470,,0,NJ,TFW22N,2008.0,6.0,1
2008097360,,0,ZZ,NONE,1978.0,8.0,2
2008065772,,0,IN,619063,2008.0,7.0,3
2008096922,,0,ME,1362892,2013.0,7.0,2
2008051675,,0,PA,XV5OQ8,,8.0,1
2008097991,,0,,,,9.0,1
2008057495,,0,ZZ,999999999999,9999.0,7.0,1
2008049782,,0,,UNKNOWN,,6.0,1
2008135062,,0,PA,XCE5832,2005.0,3.0,1
2008135062,,0,,,,7.0,2
2008114228,,0,PA,PT1166K,2000.0,6.0,1
2008023810,,0,,,,,1
2008023810,,0,,T,,,2
2008023810,,0,,5,,,3
2008098473,,0,,,,9.0,1
2008074302,,0,ME,1273144,2008.0,7.0,2
2008063360,,0,TX,84R962,2008.0,3.0,1
2008095575,,0,,,,9.0,3
2008042080,,0,ZZ,UNKNOWN,9999.0,7.0,1
2008072705,,0,ME,UNKNOWN,9999.0,7.0,2
2008045960,,0,PA,PT5096L,2008.0,7.0,2
2008059696,,0,PA,XY92225,2008.0,6.0,1
2008080449,,0,IL,T179263,2008.0,7.0,2
2008122233,,0,ON,Z26737,2031.0,6.0,1
2008098006,,0,ME,O9RR9E70,,6.0,3
2008070846,,0,IL,BI999J,,7.0,2
2008056273,,0,ME,1337591,2007.0,7.0,1
2008060912,,0,,,,7.0,2
2008066378,,0,PA,XCY4695,2004.0,3.0,1
2008054971,,0,MA,71784,1995.0,7.0,1
2008133468,,0,,G,,,1
2008112340,,0,,98H725,,7.0,1
2008059214,,0,,06,,,2
2008125691,,0,ME,0986131,2009.0,7.0,1
2008109496,,0,PA,PT4893L,2008.0,7.0,1
2008109496,,0,PA,XDA2423,2008.0,7.0,3
2008099274,,0,,I8E4Q4,3110.0,8.0,3
2008073925,,0,CA,4JD3089,2012.0,7.0,1
2008076278,,0,NJ,T1A728,2008.0,7.0,1
2008135382,,0,TN,T655523,2009.0,7.0,2
2008123075,,0,ON,F7038A,2008.0,7.0,1
2008027223,,0,,,,,2
2009000183,,0,,,,7.0,2
2008114613,,0,PA,MP4292D,2008.0,3.0,1
2008076365,,0,ID,ZH907,9999.0,7.0,1
2009016601,,0,ME,I34M26,,6.0,2
2008102251,,0,,,,7.0,2
2008078439,,0,IN,563612,2008.0,7.0,1
2008134484,,0,IL,42655ST,2099.0,7.0,1
2008050774,,0,,S34374,,1.0,2
2008095209,,0,PA,0000000,2000.0,8.0,1
2008043696,,0,IN,P45943,,7.0,1
2008126874,,0,ZZ,UNKNOWN,2099.0,9.0,1
2009012471,,0,PA,PT3118M,2000.0,8.0,1
2008130478,,0,PA,8JWD,,7.0,2
2009002618,,0,PA,PT1008L,2009.0,6.0,2
2008102592,,0,IA,TE2731,2008.0,7.0,1
2008049463,,0,ME,0980046,2008.0,7.0,1
2008066209,,0,,,,3.0,4
2008117502,,0,PA,XCX6495,2099.0,3.0,2
2008058435,,0,PA,XM94235,2008.0,6.0,1
2008125857,,0,IN,P76255,2008.0,7.0,1
2012031503,,0,ZZ,999999999999,9999.0,7.0,3
2008070526,,0,OK,9025CN,2008.0,6.0,1
2008133438,,0,PA,XCH624I,,3.0,2
2008021008,,0,PA,XCG5659,2008.0,3.0,1
2008059288,,0,,XCFQI6,,3.0,2
2008057650,,0,,XPIY0G,,3.0,2
2008121504,,0,TN,T937512,2007.0,7.0,1
2008076961,,0,ME,1354008,2008.0,7.0,1
2008071385,,0,ME,1215125,2006.0,6.0,1
2009006448,,0,NJ,T60Z5S,1987.0,7.0,1
2008013273,,0,IL,19Z725,,7.0,1
2008044789,,0,,,,,3
2008052924,,0,OK,9498EE,2008.0,7.0,2
2008108444,,0,J,4,,,1
2008068620,,0,ME,1347628,2013.0,7.0,2
2008068620,,0,VA,856883,2008.0,7.0,3
2008049954,,0,ME,1733698,2008.0,6.0,2
2008114984,,0,,A,,,2
2008100601,,0,PA,XCK4863,2006.0,3.0,1
2008112281,,0,NJ,TAP-22F,2009.0,5.0,2
2008047382,,0,ME,U84485,,7.0,1
2008100961,,0,IN,I20501,,7.0,1
2008093048,,0,TN,0I46T,,7.0,1
2008063394,,0,ME,0963885,2009.0,7.0,1
2008042801,,0,PA,PT6917J,2008.0,7.0,1
2008059820,,0,MN,1283805,2008.0,7.0,2
2008048614,,0,,,,6.0,1
2008030716,,0,,,,,1
2008030716,,0,,,,,2
2009036411,,0,IL,I543I6T,,7.0,1
2008095715,,0,,,,9.0,1
2008054045,,0,PA,XLB0890,,3.0,1
2008043629,,0,,11,1.0,,1
2008043629,,0,,Y,,,2
2008043629,,0,,1,1.0,,3
2008087392,,0,MO,978519,2009.0,7.0,1
2008023646,,0,NJ,T971WS,2008.0,7.0,1
2008032416,,0,ME,2725646,2008.0,6.0,2
2008109636,,0,NC,XXJ2351,1998.0,1.0,1
2008020029,,0,OR,HQ86976,2008.0,7.0,3
2009005155,,0,PA,XDN6753,2099.0,7.0,2
2008028924,,0,PA,XS76904,2008.0,7.0,2
2008058214,,0,,TM2239A,,1.0,1
2008101288,,0,,NONE,2099.0,8.0,2
2008101834,,0,IL,T326416,2009.0,7.0,1
2008041112,,0,PA,XCG1390,,3.0,2
2008072504,,0,NJ,TEE78X,2009.0,7.0,2
2008123912,,0,PA,XCB0125,2009.0,8.0,2
2008076962,,0,ME,1012740,2010.0,7.0,2
2008121570,,0,NJ,TFS49W,2008.0,6.0,2
2008051557,,0,PA,XS81142,2008.0,3.0,1
2008052459,,0,PA,XBB2755,2009.0,3.0,1
2008067604,,0,TN,T393037,,6.0,2
2008124625,,0,PA,XY99953,2010.0,3.0,2
2008126901,,0,ME,104879B,2009.0,6.0,2
2008063617,,0,,,,7.0,2
2008057897,,0,NY,AED2976,,7.0,2
2008082204,,0,,XB758690,,1.0,2
2008044250,,0,,,,,1
2008094165,,0,PA,PT8285H,1966.0,7.0,2
2008034428,,0,IN,P106544,2008.0,6.0,2
2008070024,,0,PA,XY80221,2008.0,3.0,2
2008019407,,0,NJ,T96Y1G,2008.0,7.0,1
2008121037,,0,ZZ,852DBY,9999.0,3.0,2
2008073536,,0,TX,W30203,2005.0,7.0,1
2008063592,,0,OK,8420FL,2008.0,7.0,2
2008100587,,0,MC,08I6966S,,7.0,1
2008104312,,0,PA,XDD0834,2005.0,3.0,2
2008050236,,0,,,,9.0,2
2008048525,,0,TX,W63I34,,7.0,1
2008101523,,0,NJ,TAL81K,2005.0,6.0,1
2008016699,,0,PA,PT1449F,2008.0,6.0,1
2008097809,,0,NJ,TEB31P,2009.0,7.0,2
2008025934,,0,PA,XCP8471,1996.0,7.0,2
2008133938,,0,ME,1177718,2006.0,6.0,2
2008105051,,0,PA,XBH5411,2009.0,6.0,1
2008060044,,0,PA,PT9742K,2008.0,7.0,1
2008039406,,0,NJ,TDA85G,2004.0,7.0,1
2008133739,,0,PA,XCBY84,,7.0,1
2008052806,,0,PA,PT0819K,999.0,7.0,1
2008027027,,0,,,,,1
2008027027,,0,,,,,2
2008028539,,0,OH,B583803,2008.0,7.0,2
2008080115,,0,ZZ,UNK,1999.0,7.0,1
2008031085,,0,,X,,,1
2008035882,,0,ME,1741963,2008.0,6.0,1
2008116972,,0,OH,955G55,,7.0,1
2008072479,,0,ZZ,UNKNOWN,2099.0,7.0,1
2008101370,,0,IA,TC0480,2008.0,6.0,1
2008092036,,0,ME,1273669,2012.0,7.0,1
2008089822,,0,IL,,,7.0,1
2008089822,,0,IL,,,7.0,2
2008056268,,0,MO,285246Y,2008.0,7.0,2
2008053643,,0,IN,XN2229,2008.0,6.0,1
2008053643,,0,NJ,20443C,2008.0,6.0,2
2008095210,,0,PA,PT1637M,2099.0,7.0,2
2009030766,,0,,,,9.0,2
2008066572,,0,PA,XCV9302,2009.0,3.0,2
2008073202,,0,NJ,T5802Y,2009.0,3.0,1
2008074376,,0,PA,NX75873,2008.0,3.0,1
2008092089,,0,TX,39E449,2003.0,7.0,1
2008098233,,0,,,,9.0,1
2008051838,,0,,,,9.0,1
2008069085,,0,PA,PT9799T,2008.0,7.0,2
2008137946,,0,PA,PT8836E,2009.0,6.0,1
2008065599,,0,PA,XOF1552,2008.0,3.0,1
2008028649,,0,OK,7029EZ,2008.0,7.0,1
2008109954,,0,PA,FJ0Q65,509.0,1.0,5
2008105747,,0,PA,PT7916B,2008.0,7.0,3
2008056744,,0,WI,ST23062,2008.0,7.0,1
2008087584,,0,PA,XS55252,2008.0,3.0,2
2008067379,,0,NY,AK82064,2008.0,3.0,1
2008083916,,0,MS,029099A,2008.0,7.0,2
2008126153,,0,PA,PT50946,2009.0,7.0,1
2008055675,,0,MD,698561G,2009.0,6.0,2
2008110514,,0,,,,7.0,1
2008046786,,0,VA,879266TR,1997.0,6.0,2
2008026556,,0,WI,533280,9999.0,6.0,2
2009002633,,0,,,,9.0,1
2009014941,,0,MD,675116G,2002.0,7.0,1
2008064256,,0,PA,XY19474,2010.0,6.0,2
2008033428,,0,IN,592925,2009.0,7.0,1
2008023645,,0,PA,PT0518G,2008.0,6.0,2
2008044338,,0,PA,XCT4710,9999.0,7.0,1
2008102193,,0,TN,U063198,2011.0,7.0,2
2008078332,,0,IL,273508ST,9999.0,6.0,1
2008090162,,0,,,,8.0,2
2008105878,,0,IL,T88502,2009.0,7.0,1
2008031688,,0,,C,,,2
2008107371,,0,,TF4970,,3.0,2
2008096024,,0,WV,C124754,2009.0,7.0,1
2008031933,,0,PA,XBM4500,1997.0,6.0,2
2008048107,,0,IA,TC6049,,7.0,1
2008080266,,0,PA,PT4250L,2008.0,7.0,1
2008121118,,0,,1,,,1
2008122195,,0,IL,NONE (TEMP),2009.0,7.0,2
2008043927,,0,,,,,2
2008108491,,0,,TEXS9H,,6.0,1
2008065337,,0,PA,XCG6754,2006.0,3.0,1
2008094168,,0,,XL-94912,,3.0,2
2008139852,,0,ON,D8174L,2009.0,7.0,1
2008139852,,0,ME,B100234,2009.0,7.0,2
2008054739,,0,,,,7.0,2
2008027660,,0,NC,NC20440,2008.0,7.0,2
2008060042,,0,PA,XCR3568,2006.0,6.0,2
2008127359,,0,PA,XM43778,1995.0,3.0,1
2008127359,,0,PA,XN04128,1995.0,3.0,3
2008098370,,0,,,,2.0,1
2008085274,,0,OK,8308DO,9999.0,7.0,1
2009013689,,0,,,,7.0,2
2009007071,,0,IN,P1322103,2009.0,7.0,2
2008037527,,0,,,,,1
2008092785,,0,PA,XCT5982,,3.0,1
2008072090,,0,NJ,T-39-C2H,9999.0,7.0,2
2009005459,,0,ME,09TRL57430,2008.0,7.0,2
2008065674,,0,PA,DN6884,2008.0,6.0,2
2008045540,,0,,,,,1
2009014943,,0,PA,XDN-2397,1982.0,3.0,1
2008116118,,0,PA,XCZ1726,2009.0,6.0,1
2008116775,,0,ZZ,UNKNOWN,9999.0,3.0,1
2009005805,,0,NJ,LWP0,,,1
2008056750,,0,PA,PT6607M,2008.0,7.0,2
2008057729,,0,,N0ME,,8.0,3
2008025051,,0,PA,XDF6924,2008.0,3.0,1
2008073690,,0,OR,FRO6376,2009.0,6.0,1
2008073690,,0,FL,GCK836,2009.0,6.0,2
2008062776,,0,NE,147573,2008.0,7.0,3
2008072114,,0,PA,XN27079,9999.0,6.0,1
2009002395,,0,OK,6959EV,2006.0,7.0,1
2008132796,,0,IA,TD3255,2009.0,7.0,1
2008112091,,0,PA,XDB4072,9999.0,3.0,1
2008019258,,0,IN,743890,2008.0,7.0,2
2008039280,,0,TN,T842237,2006.0,6.0,1
2008029428,,0,ME,1166303,2008.0,7.0,2
2008119506,,0,,H,,8.0,1
2008119506,,0,,6,,8.0,2
2008010592,,0,ME,1557315,2008.0,7.0,1
2008010592,,0,VA,854221TR,2099.0,7.0,2
2008133977,,0,,8009MG,,3.0,1
2008029081,,0,,,,,3
2008099658,,0,PA,XDJ3612,1988.0,9.0,1
2008069210,,0,PA,XT56243,2013.0,6.0,2
2008077563,,0,TN,T784180,2006.0,7.0,1
2008090679,,0,,UNKNOWN,,7.0,2
2008072533,,0,,,,9.0,1
2008072533,,0,,GLJBS03,,8.0,2
2008083571,,0,PA,XY82796,2009.0,3.0,3
2008090220,,0,ME,A958310,2008.0,6.0,2
2008099950,,0,PA,PT1179N,9999.0,6.0,1
2008134889,,0,,O,,,1
2008134007,,0,,UNK,,,1
2008107001,,0,PA,XZ8I,,3.0,2
2008068621,,0,IL,42517ST,2008.0,7.0,1
2008054633,,0,NY,AE33396,2008.0,6.0,2
2009000172,,0,PA,PT3792K,2009.0,7.0,2
2008036800,,0,ME,1085514,2008.0,7.0,2
2008040872,,0,PA,PT3208B,,7.0,1
2008127399,,0,PA,XM92323,2009.0,7.0,3
2008115991,,0,PA,PT0936M,2099.0,7.0,2
2008064377,,0,PA,XDD-7649,90.0,6.0,1
2008087383,,0,DE,T69514,2009.0,7.0,2
2009024825,,0,,,,1.0,1
2008036792,,0,OH,UNKNOWN,2008.0,7.0,2
2008107653,,0,,,,6.0,1
2008136991,,0,,F,,,1
2008049331,,0,PA,75436MG,2008.0,7.0,1
2008027898,,0,TN,UO51290,2008.0,6.0,1
2008037605,,0,PA,XT06038,2008.0,7.0,2
2008072794,,0,,,,9.0,1
2008072794,,0,,,,9.0,2
2009006492,,0,PA,XDD2863,2008.0,3.0,1
2008060602,,0,PA,YNNSMS,2008.0,1.0,1
2008024206,,0,,,,,1
2008024206,,0,,J,,,2
2008069464,,0,ZZ,UNKNOWN,9999.0,7.0,2
2009005465,,0,WI,29TRL1796Z,2000.0,7.0,2
2008085455,,0,OK,7577EC,2008.0,7.0,1
2008086052,,0,PA,PT9755H,2020.0,7.0,2
2008053990,,0,,,,9.0,1
2008097568,,0,,GY48N7,,,2
2008119665,,0,,,,2.0,1
2008031530,,0,,,,8.0,1
2008095706,,0,,????????????,,,2
2008010020,,0,ME,1184088,,7.0,5
2008117195,,0,IL,67536ST,2009.0,7.0,1
2008104240,,0,PA,XCCM9527,,3.0,1
2008035870,,0,PA,XM87963,2008.0,7.0,2
2008126354,,0,,,,9.0,1
2008076960,,0,IN,P106180,2020.0,7.0,1
2008061134,,0,,1,,,1
2008034965,,0,OK,163OLY,2000.0,7.0,1
2008023652,,0,ME,165549,,7.0,2
2008083790,,0,NJ,TDU812,2009.0,7.0,1
2008037920,,0,,,,9.0,1
2008055668,,0,PA,XDE1356,2008.0,8.0,1
2008113177,,0,PA,PT3897H,2008.0,7.0,1
2008036884,,0,NJ,TEW58J,2011.0,7.0,1
2008102191,,0,NJ,T34Y3M,2008.0,7.0,1
2008139098,,0,M,,,,2
2008052340,,0,PA,XBB6556,2002.0,6.0,2
2008054637,,0,ON,S14840,2008.0,7.0,1
2008081478,,0,,U8W0,,9.0,1
2008087405,,0,ME,0985025,2009.0,7.0,3
2008075768,,0,PA,PT433ZU,2007.0,7.0,1
2008061398,,0,,T0XBF,,7.0,1
2008049347,,0,ME,09TLR7094A,2005.0,6.0,1
2008065267,,0,,????????????,,,1
2008065267,,0,,????????????,,,2
2008131605,,0,PA,XCK8283,2009.0,3.0,1
2008061066,,0,PA,PT574L6,,7.0,1
2008081509,,0,IL,Z637O9J,,7.0,2
2008138014,,0,NJ,TGA58U,1997.0,7.0,2
2008083204,,0,WY,TRLR12693,2009.0,7.0,2
2009005106,,0,OK,9786FZ,2009.0,7.0,2
2008075993,,0,PA,PT3521H,2008.0,7.0,1
2008067015,,0,PA,XDB9184,2009.0,3.0,1
2008036787,,0,IL,T376126,2005.0,7.0,1
2008062484,,0,NJ,T853SC,1986.0,6.0,2
2009013445,,0,ZZ,GXKIM4,2008.0,1.0,1
2008059276,,0,,P7R9YM,,7.0,1
2008030305,,0,ZZ,UNKNOWN,2099.0,7.0,1
2009016580,,0,,,,9.0,1
2009016580,,0,,,,9.0,2
2008092024,,0,PA,XCH7613,2011.0,3.0,2
2008096856,,0,NB,RZ28779-8,2009.0,7.0,1
2008056265,,0,ME,1170372,1997.0,6.0,3
2009005738,,0,PA,GPX-9447,,1.0,1
2009005738,,0,PA,TX42509,,1.0,2
2008065389,,0,NJ,TAT91L,9999.0,7.0,1
2008055674,,0,OH,TNW6398,2007.0,7.0,1
2008043964,,0,,,,,1
2008043964,,0,,,,,2
2008058407,,0,PA,XCE5480,2009.0,3.0,2
2008050771,,0,IN,T233597,,6.0,2
2008027658,,0,PA,PT2061C,2008.0,6.0,2
2008068565,,0,VA,52898TR,2099.0,7.0,2
2008080154,,0,PA,XDB9806,2009.0,3.0,1
2008133954,,0,PA,XZ47172,2013.0,8.0,1
2008020024,,0,IL,T387675,1908.0,7.0,2
2008081832,,0,PA,WL15949,2009.0,7.0,2
2008108245,,0,DE,T95191,2007.0,7.0,2
2008031898,,0,NJ,T4J268,2008.0,6.0,2
2008024310,,0,,,,,1
2008138302,,0,ZZ,UNKNOWN,2099.0,7.0,1
2008082599,,0,WI,32030,,6.0,1
2008130795,,0,PA,XDC7935,2009.0,3.0,1
2008130795,,0,OK,6745EY,2009.0,7.0,2
2008118392,,0,PA,XR17930,2009.0,7.0,1
2008118392,,0,ME,1218741,,7.0,2
2008130520,,0,,,,3.0,1
2008082332,,0,PA,XBL0317,2009.0,3.0,2
2008014474,,0,NJ,T49RIV,,6.0,2
2008063591,,0,TN,T358303,2000.0,6.0,1
2008061241,,0,PA,XDMW0,,7.0,2
2008133731,,0,,M,,,1
2008075098,,0,,,,7.0,2
2008112806,,0,PA,DK00,,1.0,1
2009013348,,0,,,,9.0,2
2008100235,,0,PA,PT5017G,1989.0,7.0,2
2009025173,,0,,T39307,,7.0,2
2008041254,,0,,,,,3
2008041254,,0,,,,,4
2008041254,,0,,,,3.0,5
2008090102,,0,PA,XDR3136,2009.0,3.0,2
2008040135,,0,,,,,4
2008120825,,0,,,,2.0,1
2008094092,,0,FL,C5138Z,2007.0,6.0,1
2008039822,,0,NJ,TAR15G,2008.0,7.0,2
2008022646,,0,WI,504394,2008.0,6.0,1
2008090448,,0,NJ,TEU81T,1997.0,7.0,1
2008087457,,0,NJ,TEV56P,2011.0,7.0,1
2008129049,,0,NJ,TAT91L,2005.0,7.0,2
2009018771,,0,,,,9.0,1
2008022425,,0,PA,PT0077K,2008.0,7.0,2
2008023064,,0,DE,T69534,2009.0,7.0,2
2009013815,,0,,,,9.0,1
2008075391,,0,PA,PT0247G,2009.0,7.0,3
2008056441,,0,PA,XZ65992,2009.0,3.0,2
2008089213,,0,,,,7.0,2
2008051840,,0,,87BB9,,7.0,1
2008133332,,0,PA,RYO00E,9999.0,7.0,2
2008066518,,0,PA,XBB5399,2008.0,3.0,1
2008116120,,0,NJ,TCJ36D,2009.0,7.0,1
2008116120,,0,PA,1628F,2009.0,7.0,2
2008116120,,0,SD,85754,2009.0,7.0,3
2008113178,,0,NJ,TDA76G,2009.0,7.0,1
2009002396,,0,NJ,T1B146,2010.0,7.0,1
2008029294,,0,IL,T258917,2002.0,7.0,2
2008090179,,0,PA,XPD8757,2008.0,3.0,1
2008078078,,0,PA,PT8484L,2009.0,7.0,2
2008108982,,0,,1,,,1
2008073922,,0,ZZ,NONE,2099.0,8.0,1
2008026669,,0,,H,,,1
2008079387,,0,,,,7.0,2
2008044299,,0,,,,,2
2008120544,,0,IN,629,2008.0,7.0,2
2008059115,,0,ZZ,T156315,9999.0,7.0,2
2008127068,,0,PA,PT5898L,1999.0,6.0,1
2008032604,,0,PA,XDK7571,2008.0,3.0,2
2008060352,,0,PA,XDA9098,2008.0,3.0,2
2008060587,,0,,3Z4I27,,7.0,2
2008027031,,0,,,,,1
2008084292,,0,OK,5998BX,1995.0,7.0,1
2008060535,,0,PA,PT4048J,9999.0,6.0,2
2008084296,,0,IL,T64121,2008.0,7.0,1
2008074446,,0,PA,XDS1672,2009.0,7.0,1
2008050839,,0,,,,9.0,1
2008135496,,0,,N,,,1
2008081414,,0,PA,XDF7343,2009.0,3.0,1
2008030264,,0,PA,XS57925,9999.0,8.0,2
2008111739,,0,,NONE,,8.0,2
2008094769,,0,IL,278325ST,2008.0,7.0,1
2008080643,,0,ZZ,999999999999,9999.0,7.0,2
2008050569,,0,,,,7.0,1
2008075782,,0,,,,3.0,3
2009007666,,0,FL,C5374M,2009.0,7.0,2
2008138256,,0,PA,FJA7764,2008.0,1.0,2
2008133313,,0,,,,8.0,2
2009021905,,0,,RM,,3.0,1
2008064912,,0,PA,XL22259,2009.0,7.0,1
2008047384,,0,PA,M57AZK,,7.0,1
2008108366,,0,GQ,H,,,1
2008056753,,0,SC,PV42328,2008.0,6.0,1
2008026365,,0,ID,TD3143,2008.0,7.0,1
2008096171,,0,,,,8.0,1
2008132938,,0,,1,,,2
2008061414,,0,,,,9.0,1
2008029160,,0,,,,,1
2008091442,,0,PA,BN01097,2009.0,8.0,2
2008085332,,0,ZZ,UNKNOWN,2099.0,3.0,1
2008062278,,0,PA,XN28400,2001.0,3.0,2
2009025373,,0,LA,R40672,,7.0,2
2008131013,,0,IA,TF1571,2008.0,7.0,1
2008123360,,0,NJ,TDX74P,,3.0,2
2008043258,,0,PA,X6YI556,,3.0,2
2008114588,,0,NL,11C052D,,7.0,1
2008114588,,0,ZZ,999999999999,9999.0,7.0,2
2008044478,,0,,,,,1
2008111813,,0,ME,1139812,2011.0,6.0,2
2008102183,,0,ZZ,UNKNOWN,1999.0,7.0,1
2009007287,,0,MX,1273158,2009.0,7.0,2
2008043811,,0,NC,BT52081,2008.0,7.0,1
2008043811,,0,ME,09730076,2009.0,7.0,2
2008070969,,0,ME,1162213,2006.0,7.0,1
2008118926,,0,,1,,9.0,1
2008118926,,0,,H,,9.0,2
2008064166,,0,PA,XDG7396,2008.0,7.0,1
2008027005,,0,TA,B430YZ0,,3.0,2
2008039058,,0,MA,32281,2008.0,7.0,2
2008012905,,0,PA,PT9579K,2000.0,6.0,1
2009024761,,0,,999999999999,9999.0,7.0,2
2008066943,,0,ZZ,UNKNOWN,9999.0,8.0,1
2008101800,,0,PA,PT3599D,2009.0,6.0,1
2008050998,,0,I,11,,,1
2009006101,,0,UT,AS036SI,,7.0,2
2008095207,,0,PA,PT5067M,2009.0,7.0,2
2008084721,,0,PA,XY85942,2009.0,3.0,1
2008127400,,0,PA,XV19353,2009.0,7.0,1
2008059573,,0,PA,AF10953,2008.0,7.0,2
2008046976,,0,,PT198K,,7.0,2
2008091272,,0,PA,XP86985,1999.0,3.0,1
2008140845,,0,TN,T595427,,7.0,1
2008118460,,0,PA,XCN2538,2007.0,6.0,1
2008090995,,0,NJ,TYIZ6U,2012.0,7.0,2
2009006879,,0,ME,1273158,2009.0,7.0,1
2008059485,,0,PA,XW-89623,2010.0,3.0,2
2008077607,,0,NE,159702,,7.0,1
2008122222,,0,ZZ,UNKNOWN,9999.0,9.0,2
2008102667,,0,IL,T195105,1998.0,7.0,1
2008118618,,0,,,,9.0,2
2008100137,,0,NJ,TDJ80H,2010.0,7.0,1
2008072047,,0,,,,3.0,2
2008102182,,0,IL,T210224,2009.0,7.0,2
2008067651,,0,,XCG6239,,7.0,1
2008098598,,0,NJ,TGB57P,2008.0,3.0,3
2008130717,,0,ZF,999999,2099.0,8.0,1
2008127414,,0,PA,EBJ3840,2008.0,3.0,2
2008089485,,0,IN,P146585,2007.0,6.0,1
2008075996,,0,ZZ,UNKNOWN,2008.0,7.0,1
2009019280,,0,NJ,T33P5Y7,2008.0,3.0,1
2008084295,,0,PA,PT1324F,1994.0,7.0,1
2008111157,,0,OH,TPB2798,2008.0,7.0,2
2008071501,,0,ZZ,UNKNOWN,9999.0,8.0,1
2008051482,,0,,M,,,1
2008090623,,0,PA,XDM2303,2005.0,3.0,1
2008090623,,0,PA,PT2445L,1997.0,7.0,2
2008086820,,0,ZZ,NONE,9999.0,8.0,1
2008023061,,0,ME,1175592,2004.0,7.0,2
2008126882,,0,TN,T872310,9999.0,7.0,2
2008101000,,0,,H539I47,,7.0,1
2008085098,,0,TN,T200456,2009.0,7.0,2
2008049781,,0,,,,7.0,1
2008122571,,0,,JKZEH,,,1
2008113325,,0,PA,XR75636,2009.0,7.0,2
2008040027,,0,,WM93,,3.0,2
2008040040,,0,,,,,2
2008078912,,0,,,,9.0,1
2008119130,,0,J,,,,2
2008098413,,0,ZZ,RVH5114,9999.0,7.0,1
2008064971,,0,,????????????,,7.0,1
2008093213,,0,TN,T437066,2099.0,7.0,2
2008140643,,0,NJ,TFK41F,2009.0,6.0,2
2008100457,,0,PA,XCY1882,2008.0,3.0,2
2008102263,,0,PA,PAXR-10205,2009.0,7.0,2
2008111124,,0,PA,NONE,2008.0,3.0,1
2008111814,,0,ME,1139812,2011.0,7.0,2
2008076958,,0,ME,1173860,2011.0,6.0,2
2009013656,,0,,8WW7,,,1
2008098636,,0,,6,,,2
2009015093,,0,HW,M,,8.0,2
2008054847,,0,PA,XBE1169,2008.0,3.0,1
2008104281,,0,PA,XBD6781,2010.0,3.0,2
2008140531,,0,PA,XDB4085,2009.0,3.0,1
2008110572,,0,PA,PT9784L,9999.0,7.0,1
2008110572,,0,ME,1612127,9999.0,7.0,2
2008110572,,0,OK,8124DA,9999.0,7.0,3
2008050775,,0,,,,6.0,2
2008070837,,0,IL,TI62YA,,6.0,2
2008122979,,0,PA,PT5602K,2009.0,6.0,1
2008104801,,0,NJ,TEJ81V,2009.0,7.0,1
2008070940,,0,PA,XCE7186,2008.0,7.0,1
2008049349,,0,IL,T388142,2008.0,6.0,1
2009098140,,0,ME,1017081,2010.0,7.0,2
2009099475,,0,NJ,T81H1W,2012.0,7.0,2
2009030187,,0,NY,AP2YD0,,7.0,2
2009030354,,0,ME,M26H,,7.0,2
2009066767,,0,ZZ,UNKNOWN,9999.0,7.0,1
2009068271,,0,PA,XBK5934,2010.0,6.0,2
2009071624,,0,,,,1.0,1
2009127252,,0,IN,PZ15421,2010.0,7.0,2
2010011110,,0,NJ,TCS76H,,7.0,2
2009041859,,0,IA,TF1574,2009.0,7.0,2
2009067644,,0,,,,6.0,2
2009130782,,0,AL,4354B,2009.0,7.0,1
2009007126,,0,NJ,TDA96G,2012.0,7.0,1
2009059125,,0,ME,1170398,2012.0,7.0,1
2009079005,,0,PA,XDH6223,9999.0,7.0,2
2009029671,,0,PA,NONE,2099.0,3.0,2
2009010468,,0,ME,1366358,2001.0,7.0,2
2010006414,,0,ME,075BI,,7.0,1
2009090489,,0,,,,7.0,2
2009047414,,0,NY,2IJ5BI,,7.0,2
2009028791,,0,ME,1167431,2011.0,7.0,2
2009069946,,0,,XBGW8W,,3.0,1
2009032209,,0,IN,P212575,2009.0,7.0,1
2009093167,,0,,7B5G0,,7.0,1
2009017834,,0,PA,YKD6512,,2.0,1
2009100631,,0,,P7IG6,,6.0,1
2009120078,,0,PA,PT5794E,,7.0,3
2009050241,,0,PA,PT2716H,2005.0,7.0,2
2009086078,,0,ME,2727075,2010.0,7.0,1
2009066322,,0,ME,1278008,2012.0,6.0,2
2009094749,,0,FL,631XHP,2009.0,3.0,2
2009010443,,0,PA,XBF4290,2009.0,7.0,2
2009012453,,0,OK,8438EH,2009.0,7.0,1
2010011194,,0,,,,7.0,2
2009066417,,0,,,,7.0,2
2009047823,,0,NJ,TGS53W,2010.0,7.0,4
2009063611,,0,PA,XT47787,1997.0,3.0,2
2009075439,,0,,,,7.0,1
2009074576,,0,KY,35079PI,,7.0,2
2009125893,,0,PA,PT7116K,,7.0,2
2009046110,,0,ME,1297468,2010.0,7.0,1
2009068529,,0,,,,9.0,2
2009054449,,0,,SLMN4,,8.0,1
2009096856,,0,TN,T8655X,,7.0,1
2009089575,,0,ME,1452440,2010.0,7.0,1
2009063008,,0,ME,1430741,2014.0,7.0,1
2009085856,,0,FL,1184CB,2009.0,7.0,2
2009111585,,0,,TEUQW,,7.0,1
2009111567,,0,IL,363571ST,2099.0,7.0,1
2009113538,,0,OR,HQ69991,1999.0,7.0,2
2009048666,,0,,7IRI0E,,6.0,1
2009092318,,0,IL,T439504,2099.0,7.0,2
2009049427,,0,PA,M60293D,,9.0,1
2009104636,,0,PA,PT4430H,9999.0,7.0,1
2009010938,,0,WI,457784,2009.0,7.0,2
2009037280,,0,PA,PI5S25I0,,7.0,2
2009105202,,0,ME,1556519,2020.0,7.0,2
2009131275,,0,,WMWJ,,7.0,2
2009117462,,0,PA,PT3390F,2009.0,7.0,2
2009018677,,0,QC,L372910,2069.0,7.0,2
2009029755,,0,,,,6.0,2
2009084057,,0,PA,H00904H,2020.0,8.0,1
2009084249,,0,PA,XEW5,,7.0,1
2009028782,,0,ZZ,UNKNOWN,2099.0,7.0,1
2009052248,,0,MS,039963A,2009.0,7.0,2
2009042250,,0,DE,T65972,2010.0,6.0,2
2009042712,,0,PA,PT6089D,9999.0,7.0,1
2009131089,,0,IL,T251500,2010.0,7.0,2
2009115778,,0,TN,T865214,,7.0,2
2009085860,,0,NJ,TDL13E,2010.0,7.0,1
2009033750,,0,ME,1065515,1986.0,7.0,1
2009098533,,0,NY,AU79606,2010.0,6.0,1
2009052090,,0,,,,1.0,2
2010001083,,0,MD,99231G,2009.0,7.0,2
2009048371,,0,PA,PT5366N,,6.0,2
2009056292,,0,ZZ,UNKNOWN,9999.0,7.0,1
2009056292,,0,PA,XZ62720,2010.0,3.0,6
2009040473,,0,PA,DWG7762,2010.0,1.0,2
2009067128,,0,,,,8.0,1
2009067128,,0,,,,8.0,2
2009042246,,0,ME,1345991,2009.0,7.0,1
2009042246,,0,OK,9567FN,2009.0,7.0,3
2009103604,,0,MD,728613G,2010.0,7.0,2
2009029423,,0,IL,T441796,2009.0,7.0,2
2009090345,,0,ZZ,999999999999,9999.0,7.0,1
2009114706,,0,PA,XR3777,2010.0,3.0,1
2009108526,,0,PA,XDN6599,2009.0,3.0,2
2009115367,,0,PA,XL-11156,2010.0,6.0,1
2009028065,,0,PA,PT1Y68M,,7.0,1
2009108734,,0,PA,UNKNOWN,9999.0,3.0,1
2009066012,,0,PA,XN35325,2010.0,3.0,2
2009048218,,0,PA,XBH9452,2004.0,6.0,1
2009045977,,0,OK,7704DL,2009.0,7.0,2
2009120581,,0,,I7E6BJ,,7.0,2
2009124413,,0,,NIR,,,2
2009033792,,0,TN,02161HV,2000.0,7.0,2
2009117798,,0,VT,AHY737,2010.0,7.0,1
2009017569,,0,PA,YJV2408,2010.0,3.0,2
2009098747,,0,PA,XFL-6600,,3.0,3
2009067093,,0,,,,6.0,1
2009035850,,0,PA,XW12108,2009.0,3.0,2
2009085762,,0,NY,AU49298,2010.0,8.0,1
2009081727,,0,PA,PT3677A,2020.0,6.0,2
2009062884,,0,ME,1427093,2014.0,7.0,1
2009110650,,0,PA,PT4439H,2099.0,7.0,1
2009027599,,0,IL,192122ST,2009.0,7.0,1
2009091823,,0,PA,XFK4925,2009.0,3.0,1
2009042978,,0,PA,XY94802,9999.0,3.0,1
2009086967,,0,PA,XT71843,2099.0,7.0,2
2009086967,,0,NJ,T94N7U,2010.0,7.0,3
2009116716,,0,PA,PT9561K,2099.0,7.0,1
2009027462,,0,UT,15919P,2009.0,7.0,2
2009064526,,0,IL,169140ST,9999.0,7.0,2
2009068827,,0,PA,PT0925F,2099.0,7.0,1
2009027342,,0,TN,U036635,2010.0,6.0,1
2010002282,,0,PA,PB340,2012.0,3.0,3
2009032227,,0,MN,97926ST,2000.0,6.0,1
2009075831,,0,ME,1843148,2099.0,7.0,2
2009072010,,0,IL,T449394,2010.0,6.0,1
2009035250,,0,UT,A507205,1998.0,7.0,2
2009023138,,0,,,,6.0,2
2009095289,,0,PA,YTW1480,2009.0,1.0,2
2009034357,,0,NJ,T18G6E,2009.0,7.0,3
2009029422,,0,TN,0855465,2009.0,7.0,2
2009116458,,0,PA,FMP1647,2010.0,1.0,2
2009007931,,0,PA,PT7158H,2009.0,3.0,2
2009050208,,0,PA,XDY8546,1989.0,8.0,1
2009099429,,0,TN,T669489,2005.0,7.0,2
2009045114,,0,PA,PT1500H,2099.0,7.0,2
2009075570,,0,PA,PT1616J,2010.0,9.0,2
2009082656,,0,PA,XW52203,2010.0,7.0,1
2009046118,,0,PA,PT7193,2099.0,7.0,2
2009018687,,0,ZZ,UNKNOWN,2099.0,7.0,1
2009016540,,0,,G,,,1
2009061424,,0,ME,2124899,2021.0,6.0,1
2009021594,,0,PA,XV88815,2009.0,7.0,1
2009120254,,0,,,,9.0,2
2009046794,,0,OK,2502BR,2009.0,7.0,2
2009046794,,0,OK,4426BH,2009.0,7.0,3
2009027029,,0,PA,PT6135E,9999.0,7.0,1
2009110669,,0,OK,6158DN,2000.0,7.0,1
2009065677,,0,PA,XFF6731,2010.0,3.0,1
2009108235,,0,NY,AD83620,2009.0,7.0,2
2009076448,,0,QC,RY45556,2011.0,7.0,2
2009111568,,0,NJ,TDR20C,2010.0,7.0,1
2009052494,,0,PA,RT49858,,7.0,2
2009006986,,0,VT,AKX109,,7.0,2
2009124051,,0,NJ,TAB9377,,7.0,1
2009044024,,0,,,,3.0,1
2009109944,,0,IL,T338762,,7.0,2
2009047424,,0,QC,RE55136,2006.0,7.0,2
2009016106,,0,PA,PT7155M,2009.0,7.0,1
2009098048,,0,PA,XFA6721,2010.0,3.0,1
2009130265,,0,PA,XFE7464,2009.0,3.0,2
2009047607,,0,ME,1433912,2008.0,7.0,1
2009123898,,0,PA,PT5913F,2003.0,7.0,1
2009123898,,0,ME,1096179,9999.0,7.0,4
2009029528,,0,IN,P67860,2009.0,7.0,3
2009062256,,0,OK,7364ET,2010.0,7.0,1
2009096440,,0,IA,RZ0683,2010.0,7.0,3
2009097907,,0,PA,XW12827,2010.0,7.0,2
2009085948,,0,,,,6.0,1
2009099612,,0,IL,T258621,2010.0,7.0,1
2009061660,,0,ME,1337289,9999.0,7.0,2
2009071787,,0,PA,XBJ9WS,2009.0,3.0,1
2009071787,,0,ZZ,999999999999,9999.0,7.0,2
2009118508,,0,ME,1017080,2011.0,7.0,2
2009017986,,0,PA,PT7170L,2009.0,7.0,2
2009127261,,0,NE,153984,2002.0,6.0,1
2009110041,,0,PA,AF38419,2010.0,6.0,1
2009093861,,0,PA,XR 46802,2010.0,6.0,2
2009086025,,0,PA,PT306L,9999.0,7.0,2
2009051719,,0,OK,5809GK,2009.0,7.0,1
2009125426,,0,,,,7.0,1
2009057357,,0,PA,DNL-1519,2010.0,1.0,1
2009057357,,0,PA,UNKNOWN,9999.0,1.0,2
2010014359,,0,MO,864541,2010.0,7.0,2
2009035283,,0,WI,ST19786,2009.0,7.0,2
2009074797,,0,IN,P162144,2010.0,7.0,2
2009036078,,0,PA,PT2106L,2005.0,3.0,3
2009032228,,0,ME,A966530,2010.0,7.0,2
2009096862,,0,PA,A7BI0C,,7.0,1
2009075764,,0,PA,XV57771,2009.0,3.0,2
2009061426,,0,ME,1278830,2009.0,7.0,1
2009030292,,0,ME,1077435,2010.0,7.0,1
2009090474,,0,,XZW0W8,,3.0,1
2009107017,,0,NJ,T736XG,,5.0,1
2009063089,,0,ZZ,999999999999,9999.0,7.0,1
2010002806,,0,PA,XSM37U0,,3.0,1
2009069358,,0,FL,,,6.0,2
2009097331,,0,,,,3.0,2
2009080034,,0,NJ,TDP66M,2006.0,7.0,1
2009085315,,0,PA,PT2331J,2009.0,6.0,1
2009048509,,0,OK,9847D0,2009.0,6.0,1
2009054297,,0,,,,1.0,2
2009015751,,0,OK,6366FN,2009.0,7.0,1
2009059010,,0,IL,5948851,2011.0,7.0,2
2009061153,,0,PA,XBL6134,2009.0,3.0,2
2009081320,,0,NE,84890,2010.0,7.0,3
2009088904,,0,PA,XVZO916,,3.0,1
2009030802,,0,,T69L8U,,7.0,1
2009128513,,0,NC,BM45326,2010.0,7.0,1
2009055970,,0,PA,XV01514,1995.0,6.0,2
2010001658,,0,PA,PT9657D,2002.0,7.0,2
2009038466,,0,SC,BR84657,2009.0,3.0,2
2009087581,,0,PA,XR63184,1999.0,3.0,1
2009074255,,0,CA,4DS2330,2099.0,7.0,1
2009101007,,0,,,,1.0,4
2009108540,,0,ZZ,999999999999,9999.0,7.0,1
2009118421,,0,PA,XR25135,2010.0,7.0,2
2010010481,,0,NE,178216,2010.0,7.0,1
2009074455,,0,,,,1.0,1
2009109095,,0,PA,XY92225,2010.0,3.0,2
2009029036,,0,ME,1293528,2009.0,6.0,1
2009068633,,0,ZZ,UNKNOWN,2099.0,7.0,4
2009109903,,0,,,,8.0,1
2009059391,,0,ZZ,UNKNOWN,9999.0,7.0,1
2009070625,,0,PA,PT6511N,2009.0,7.0,1
2009093909,,0,PA,GFD8810,2010.0,1.0,1
2009087576,,0,VA,723632TR,2009.0,7.0,2
2009088424,,0,NJ,TAZ62N,2009.0,3.0,2
2009117175,,0,PA,PT9406N,2099.0,6.0,3
2009049265,,0,TN,P66116,2009.0,7.0,2
2009100696,,0,,,,9.0,2
2009020948,,0,NJ,TDK50V,2009.0,8.0,1
2009118833,,0,OR,HU42988,2010.0,7.0,1
2010005413,,0,NJ,TFT11F,2012.0,7.0,1
2009128128,,0,NJ,TGN12L,2010.0,7.0,1
2009065123,,0,PA,XDE0011,9999.0,3.0,1
2009033616,,0,ME,2520410,2009.0,7.0,3
2010005731,,0,,,,7.0,1
2009013173,,0,ZZ,999999999999,2099.0,7.0,1
2009019575,,0,TN,U065516,2009.0,7.0,1
2009047722,,0,NV,1334BE,,7.0,2
2009100515,,0,AZ,I2J8I0I,,7.0,1
2009055720,,0,ME,1261469,1992.0,7.0,1
2009120427,,0,GA,L542Q,,3.0,2
2009082699,,0,PA,X001015,2010.0,3.0,1
2009115677,,0,ME,1651056,2012.0,6.0,1
2009092334,,0,PA,XFD3963,2010.0,3.0,1
2009071521,,0,,,,8.0,2
2009073237,,0,PA,XDT1997,2009.0,3.0,2
2009080644,,0,PA,PT5550L,2099.0,7.0,2
2009128746,,0,TN,T954338,2010.0,7.0,1
2009044172,,0,ME,1017053,2010.0,6.0,1
2009085025,,0,PA,XM99069,,,1
2009033288,,0,PA,XDJ7010,2013.0,3.0,1
2009018692,,0,OH,TNY2979,2009.0,6.0,2
2010011423,,0,,,,9.0,3
2009043347,,0,ZZ,999999999999,9999.0,7.0,3
2009103222,,0,PA,XC6885,9999.0,3.0,2
2009033754,,0,OK,8215GA,2009.0,7.0,2
2009078023,,0,IL,T128566,2010.0,7.0,1
2009070634,,0,ME,1158760,2009.0,7.0,1
2010010482,,0,PA,PT3434C,2010.0,7.0,1
2009100747,,0,IL,T343B53,,7.0,1
2009089299,,0,ZZ,,,3.0,2
2009080932,,0,PA,PT6363B,2099.0,7.0,2
2009034358,,0,IN,P39423,2010.0,6.0,1
2009097330,,0,UT,A502126,2009.0,6.0,1
2009081177,,0,PA,XP07363,,3.0,2
2009028280,,0,NJ,T52X7X,2009.0,7.0,1
2009079808,,0,TN,U008418,2009.0,6.0,2
2009073837,,0,PA,XS60353,2009.0,3.0,1
2009093120,,0,NC,PT69600,2004.0,7.0,1
2010001673,,0,NJ,TEK68L,2010.0,7.0,1
2010006517,,0,OK,9370FR,9999.0,7.0,1
2009121536,,0,OR,HP66236,2010.0,7.0,1
2009074267,,0,OK,6246GB,2008.0,6.0,1
2009035091,,0,ZZ,999999999999,9999.0,7.0,2
2009110315,,0,DE,T81570,2010.0,3.0,1
2009110315,,0,PA,XZ57429,2010.0,3.0,2
2009134264,,0,WI,557209,2004.0,7.0,2
2010067199,,0,PA,XS97391,1986.0,3.0,1
2009079510,,0,,,,6.0,2
2009029304,,0,NY,AD35232,2009.0,7.0,1
2009111137,,0,GA,2C5850,,6.0,1
2009107808,,0,ZZ,UNKNOWN,9999.0,7.0,2
2009088930,,0,,,,7.0,1
2009105241,,0,NJ,TGN93K,2011.0,7.0,1
2009109611,,0,AZ,74493,2010.0,6.0,1
2009109611,,0,ME,143626,2010.0,6.0,2
2009080152,,0,PA,PT3159K,2005.0,7.0,2
2009094580,,0,PA,XFD3344,2010.0,7.0,3
2009101135,,0,PA,XCZ6293,1999.0,7.0,1
2009049480,,0,MO,876W0,,6.0,1
2009027464,,0,NJ,T52N3W,2013.0,7.0,2
2010009755,,0,PA,PT607,2009.0,6.0,4
2009110292,,0,PA,XLG3570,2011.0,3.0,1
2009061109,,0,PA,PT6281E,9999.0,7.0,2
2009110523,,0,PA,XDZ1993,2011.0,3.0,3
2009118905,,0,,A567BM,,7.0,1
2009075616,,0,PA,PT0685H,9999.0,6.0,3
2009055747,,0,OR,HS41754,9999.0,7.0,2
2009125838,,0,PA,XM19707,1998.0,7.0,2
2009106983,,0,AL,AO18269,9999.0,7.0,2
2009124865,,0,PA,X0B7786,,3.0,2
2009113678,,0,PA,XZ81841,1973.0,3.0,3
2009090114,,0,PA,XDG6395,2009.0,5.0,1
2009133922,,0,PA,XK37960,2010.0,7.0,1
2009088910,,0,,YCB38I,,7.0,2
2009100331,,0,PA,XN22583,2014.0,6.0,1
2009129805,,0,PA,XCV8799,2014.0,3.0,2
2009085787,,0,IL,T302530,2009.0,7.0,2
2009080243,,0,NB,TKG888,2011.0,7.0,1
2009080243,,0,PA,PT6613M,2068.0,7.0,2
2009046106,,0,OK,8563EV,2009.0,7.0,2
2009036751,,0,TN,TNUB8,,7.0,2
2009127546,,0,MD,999999999999,9999.0,7.0,2
2009040457,,0,ZZ,999999999999,9999.0,7.0,2
2009060641,,0,PA,PT4628E,2010.0,7.0,2
2010008530,,0,ZZ,999999999999,9999.0,7.0,2
2009123850,,0,PA,XDN3438,,7.0,2
2009108832,,0,PA,XBH2382,2010.0,3.0,2
2009100915,,0,PA,XZO4217,2013.0,3.0,2
2009031902,,0,ZZ,1924499,9999.0,6.0,1
2009027894,,0,IN,P169303,2009.0,7.0,1
2009055745,,0,PA,PT8630N,2099.0,7.0,1
2009054908,,0,PA,FI6243H,,7.0,1
2009088426,,0,IL,364752ST,2099.0,7.0,3
2009078301,,0,ZZ,UNKNOWN,2099.0,7.0,2
2009082595,,0,CT,47721A,2009.0,7.0,3
2009074107,,0,ME,1552396,,7.0,1
2009113657,,0,IA,TE9051,2009.0,7.0,1
2009106502,,0,ZZ,XN36850,2010.0,3.0,2
2009105710,,0,ZZ,999999999999,9999.0,7.0,5
2009110390,,0,NJ,TDH38F,1992.0,7.0,2
2009056360,,0,,7VI4K,,6.0,2
2010004867,,0,NJ,T58X4G,2011.0,6.0,2
2009035308,,0,ZZ,999999999999,9999.0,7.0,2
2010018885,,0,,,,1.0,2
2009038230,,0,PA,XDS0171,7.0,7.0,2
2009053383,,0,OK,3516EB,2009.0,7.0,2
2009066068,,0,NJ,85AK,,3.0,2
2009118209,,0,PA,XDW2022,2010.0,3.0,1
2009092600,,0,DE,T34294,2002.0,3.0,1
2009007829,,0,PA,PT4127L,2099.0,6.0,2
2009092918,,0,ME,2SI287,,7.0,2
2009112605,,0,PA,PT9792H,9999.0,6.0,1
2009082960,,0,NJ,2630810,2026.0,7.0,2
2009051995,,0,PA,PT9882H,9999.0,7.0,1
2009066585,,0,,XDW3HL,,3.0,2
2009020950,,0,NJ,TDF91W,2007.0,7.0,1
2009056032,,0,PA,XL37243,2009.0,8.0,1
2009064084,,0,ZZ,UNKNOWN,9999.0,6.0,1
2009053874,,0,PA,XZ74729,2009.0,6.0,2
2009016323,,0,W,W,,,1
2009016323,,0,,4,,,2
2009061261,,0,ME,1440683,1982.0,7.0,2
2010074762,,0,NJ,VR10,2010.0,3.0,2
2009108867,,0,,,,7.0,2
2009094958,,0,OK,7678FL,2009.0,7.0,2
2009032433,,0,NJ,TGE18W,2009.0,7.0,1
2009062165,,0,PA,XCY9373,2012.0,6.0,1
2009046116,,0,ZZ,UK,2010.0,7.0,1
2009050449,,0,PA,XFA7833,2009.0,3.0,2
2009072629,,0,PA,XZ78287,2010.0,8.0,1
2009052876,,0,PA,XBJ8909,2004.0,3.0,2
2009113537,,0,OK,4735EZ,2099.0,6.0,1
2009049519,,0,,,,9.0,1
2009049519,,0,,,,8.0,2
2009102288,,0,PA,XK73668,2010.0,3.0,1
2009130270,,0,PA,XDS2524,1993.0,3.0,1
2009118398,,0,ME,B208290,2010.0,7.0,2
2010002695,,0,IN,P182018,2009.0,6.0,1
2010005043,,0,ME,1350127,1987.0,7.0,1
2009122585,,0,PA,XM70444,2010.0,3.0,2
2009060054,,0,PA,XBL3269,2003.0,3.0,2
2009128745,,0,TN,T419186,2010.0,7.0,2
2009011439,,0,ME,1022122,2009.0,7.0,1
2009111834,,0,ME,6I585,,7.0,1
2009113206,,0,ZZ,UNKNOWN,9999.0,9.0,2
2009128286,,0,IN,P57518,10.0,7.0,2
2009055631,,0,PA,XCK0653,2010.0,3.0,1
2009088308,,0,PA,PT4931F,2009.0,6.0,2
2009031530,,0,PA,PT-4871K,,7.0,2
2009035371,,0,TN,U127429,,6.0,2
2009019581,,0,IN,P68227,2009.0,7.0,1
2010003195,,0,,,,1.0,2
2009034359,,0,PA,PT2842N,2009.0,7.0,2
2009083146,,0,TN,T436997,2000.0,7.0,2
2009098286,,0,NE,193189,9999.0,7.0,2
2009098286,,0,OK,7971GL,2009.0,7.0,3
2009064178,,0,NJ,T88G1S,2011.0,6.0,1
2009049898,,0,PA,PT8566F,9999.0,7.0,2
2009028783,,0,PA,PT5957N,2009.0,7.0,2
2009034279,,0,OK,2JK875,2009.0,7.0,1
2009044805,,0,PA,PT5064D,2099.0,7.0,1
2009029667,,0,PA,PT7260H,1990.0,7.0,2
2009071411,,0,,,,7.0,2
2009031917,,0,PA,XR64935,2009.0,3.0,2
2009115674,,0,OH,TPC5532,2010.0,6.0,2
2009073217,,0,NE,187408,,7.0,1
2009048940,,0,,,,9.0,2
2009074270,,0,OK,8612FD,2005.0,6.0,2
2009091992,,0,,,,6.0,2
2009035251,,0,ME,1357498,1996.0,7.0,1
2009109158,,0,ON,E7645T,2009.0,7.0,2
2009048245,,0,MO,11C0FZ,2009.0,7.0,2
2009132543,,0,OK,3677EB,2010.0,6.0,2
2009075261,,0,PA,XFD0018,2010.0,3.0,3
2009021506,,0,PA,PT1180J,2005.0,7.0,2
2009029388,,0,PA,PT8840E,2020.0,7.0,3
2009073496,,0,ME,1027176,,6.0,1
2009047272,,0,ME,874414,,7.0,3
2009082438,,0,PA,PT5286M,2009.0,7.0,2
2009127239,,0,NY,AV87991,2010.0,7.0,2
2009010716,,0,PA,XS17966,2009.0,7.0,2
2009079254,,0,,,,7.0,3
2009061664,,0,,N1A,,3.0,1
2009068263,,0,PA,FARM VEHICLE,,7.0,1
2009076847,,0,,,,8.0,2
2009097337,,0,MN,A696784,1995.0,7.0,2
2009063308,,0,PA,XZ77683,2010.0,3.0,2
2009034259,,0,MS,A252958,2009.0,6.0,3
2009088065,,0,ZZ,NONE,1999.0,8.0,2
2009127688,,0,ME,2630050,2026.0,7.0,2
2009015744,,0,ME,B118040,2009.0,3.0,2
2009029420,,0,QC,RAO666Y5,2009.0,6.0,2
2009077052,,0,NE,158763,2009.0,7.0,2
2009077052,,0,ME,2124925,2009.0,7.0,3
2009086877,,0,NJ,T3S886,2010.0,7.0,1
2009010477,,0,PA,GVA4577Q,2009.0,,2
2009023429,,0,ME,1655121,9999.0,7.0,1
2009134209,,0,,,,1.0,2
2009037871,,0,ME,1154536,2011.0,7.0,1
2009037871,,0,ME,1370044,2013.0,7.0,2
2009034252,,0,MB,R20298,2020.0,7.0,3
2009094323,,0,PA,XCP3014,2010.0,3.0,2
2009037372,,0,,8O0MFIH,,3.0,2
2009078943,,0,PA,XN78696,,8.0,1
2009102126,,0,DE,T186123,2010.0,7.0,2
2009095145,,0,PA,PT5304J,2099.0,7.0,1
2010001430,,0,NJ,TAS28K,2011.0,6.0,3
2009037612,,0,TN,T933637,2007.0,7.0,1
2009108989,,0,PA,XCC9423,2013.0,6.0,1
2009122775,,0,IN,P241636,2012.0,7.0,1
2009116065,,0,PA,XR64152,10.0,3.0,1
2009129724,,0,IN,P161537,9999.0,7.0,2
2009109279,,0,OK,4174FS,2010.0,7.0,1
2009101319,,0,PA,XCJ7133,9999.0,3.0,1
2009100665,,0,,,,7.0,1
2009111347,,0,TN,X89968,1994.0,7.0,1
2009121651,,0,ME,1814124,2022.0,7.0,1
2009032023,,0,PA,XDB2884,2007.0,3.0,1
2009093517,,0,OK,676YFP,9999.0,7.0,1
2009039091,,0,PA,M8849G,,7.0,2
2009048232,,0,PA,XR56081,2009.0,7.0,1
2009095640,,0,PA,XY50300,2010.0,3.0,1
2009091022,,0,PA,XCG4240,10.0,5.0,2
2009100454,,0,PA,XN25864,2014.0,3.0,2
2009114657,,0,KS,T759S2,2010.0,7.0,3
2009086201,,0,,B3S2958,,6.0,2
2009047593,,0,PA,XDD-4254,2002.0,6.0,1
2009052255,,0,PA,XL37339,2110.0,3.0,2
2009095140,,0,PA,XDL6943,2013.0,3.0,1
2009044119,,0,IL,33MW6T,,7.0,2
2009018289,,0,ME,1060754,2010.0,7.0,1
2009089602,,0,ON,A2315A,2027.0,6.0,2
2009091851,,0,IN,P686685,2009.0,6.0,2
2009087912,,0,IL,T344373,2009.0,6.0,2
2009047079,,0,,,,6.0,2
2009132601,,0,ME,1291120,2008.0,7.0,2
2009088579,,0,ME,15TLR41117,2006.0,7.0,1
2009088579,,0,NJ,TEG84B,1997.0,7.0,2
2009023753,,0,ZZ,UNKNOWN,9999.0,7.0,2
2009036912,,0,IN,P184503,2009.0,7.0,2
2009105265,,0,PA,XR46942,2009.0,6.0,2
2009093271,,0,PA,XN01713,1996.0,7.0,2
2009050216,,0,MN,TR88434ST,2009.0,7.0,1
2009099622,,0,NE,110183,2010.0,7.0,2
2009023342,,0,CA,HT09668,2011.0,6.0,1
2009023342,,0,PA,XZ52743,2009.0,6.0,3
2009025444,,0,,PV38492,,7.0,1
2009030700,,0,ME,109530B,2010.0,7.0,1
2009099351,,0,IL,373599ST,2009.0,7.0,1
2009067894,,0,PA,PR3822G,2099.0,7.0,1
2009067894,,0,PA,AE60231,2099.0,7.0,2
2009040646,,0,,,,7.0,3
2009070018,,0,VT,AHG842,2009.0,7.0,1
2009032019,,0,PA,1356048,2009.0,6.0,1
2009050245,,0,OH,PVD2820,2005.0,7.0,1
2009015658,,0,,,,7.0,2
2009045104,,0,ME,2715708,2020.0,7.0,1
2009060330,,0,PA,PT5476E,1997.0,3.0,2
2009063004,,0,OK,4617D0,2010.0,7.0,2
2009114596,,0,PA,XFE3323,9999.0,8.0,2
2009120206,,0,OK,9684GA,2010.0,7.0,1
2009068660,,0,ZZ,UNKNOWN,9999.0,8.0,2
2010007800,,0,TX,W10923,2010.0,7.0,1
2009074080,,0,PA,XBJ7712,2010.0,8.0,1
2009041656,,0,OK,1863DU,2009.0,7.0,2
2009127575,,0,PA,XBA2060,2010.0,6.0,2
2009036962,,0,,,,9.0,1
2010001603,,0,MI,RA30361,2009.0,7.0,1
2009115358,,0,PA,EDB7118,2010.0,1.0,2
2009006453,,0,PA,PT317OC,2009.0,7.0,1
2009094458,,0,IA,TF6530,2010.0,7.0,2
2009037078,,0,PA,PT5020N,2099.0,7.0,4
2009116739,,0,PA,PT8547L,2099.0,7.0,2
2009062034,,0,PA,XBF2821,2009.0,3.0,3
2009082072,,0,PA,XDP4924,2008.0,3.0,1
2009037813,,0,PA,PT300C,9999.0,7.0,2
2009122113,,0,PA,PT5169L,2010.0,7.0,2
2009042245,,0,NJ,TEJ22E,2009.0,3.0,1
2009083562,,0,PA,XS975,,3.0,2
2009050201,,0,PA,XDX8414,2009.0,6.0,2
2009110230,,0,IA,TE7000,2006.0,7.0,1
2009115884,,0,PA,XV67343,2010.0,6.0,2
2009105724,,0,MA,I3552Z6B,,7.0,1
2009055018,,0,IL,T405045,2010.0,7.0,2
2009030120,,0,PA,XCZ7M0,,3.0,1
2009064667,,0,,,,1.0,1
2009093548,,0,,,,9.0,1
2009128771,,0,NY,AP59815,2010.0,7.0,2
2009102347,,0,PA,PT63066,2010.0,6.0,1
2010011437,,0,,,,1.0,2
2009081849,,0,NJ,T71N7L,2010.0,7.0,1
2009007409,,0,PA,XZ-41241,2004.0,3.0,1
2009115809,,0,NJ,T8OU5T,2010.0,7.0,1
2009077205,,0,PA,PT5438L,2009.0,7.0,2
2009118950,,0,,,,3.0,1
2009127484,,0,TN,T873595,2009.0,7.0,2
2009125453,,0,,B95D2,,6.0,2
2009010353,,0,DE,T37306,2009.0,7.0,2
2009051883,,0,IN,P26152,2009.0,6.0,1
2009094671,,0,ME,AE81539,2009.0,6.0,3
2009059341,,0,OH,TPE9144,2009.0,6.0,2
2009085603,,0,IL,T393440,2010.0,7.0,2
2009030438,,0,,4JY8BY,,6.0,1
2010002210,,0,NJ,TEH-43N,1992.0,7.0,3
2009104897,,0,PA,HBY7145,2010.0,1.0,2
2009104897,,0,PA,GWW1423,2010.0,1.0,4
2009041735,,0,CA,4HZ4261,2013.0,6.0,1
2009077812,,0,ME,2631465,2009.0,7.0,1
2009011900,,0,ME,1364387,2013.0,7.0,2
2009018923,,0,IL,TO7750,,7.0,1
2009083704,,0,PA,K8OB5M,,3.0,1
2009101151,,0,IL,330768ST,2010.0,7.0,2
2009007584,,0,WI,27878,2009.0,7.0,2
2009101259,,0,TX,Y10734,2010.0,7.0,1
2009077285,,0,PA,PT5412G,2012.0,7.0,1
2009034179,,0,NJ,T94E7A,2010.0,7.0,2
2009067050,,0,,,,6.0,1
2009039835,,0,WI,T34136W,2009.0,6.0,1
2009070096,,0,PA,PT5475F,1996.0,7.0,2
2009048776,,0,,170997,,7.0,3
2009125174,,0,,I4QH774,,6.0,1
2009088179,,0,,,,7.0,1
2009100080,,0,ZZ,999999999999,9999.0,7.0,2
2009100838,,0,ZZ,UNKNOWN,9999.0,8.0,1
2009035243,,0,NJ,T95G2L,2009.0,7.0,2
2009035243,,0,IA,3514BT,2009.0,7.0,3
2010003560,,0,ME,I03829,,7.0,2
2009124391,,0,NC,A0975,,3.0,2
2009098280,,0,ZZ,999999999999,9999.0,7.0,2
2009034963,,0,PA,T-98942,2009.0,3.0,2
2009038601,,0,PA,XY18047,2002.0,3.0,1
2009039553,,0,NJ,T7HY6B,,6.0,1
2009054991,,0,ON,B8891E,2009.0,7.0,2
2009076450,,0,PA,XV42976,2000.0,3.0,1
2009027688,,0,PA,PT2288L,2007.0,3.0,1
2009077211,,0,VA,880190TRVA,1999.0,7.0,1
2009065136,,0,,,,9.0,3
2009080764,,0,NC,AY67085,2009.0,7.0,3
2009007094,,0,IL,225853ST,2003.0,7.0,1
2009007094,,0,OR,HR80023,1977.0,7.0,2
2009047413,,0,PA,XDX6508,,3.0,1
2009061944,,0,NJ,TCJ61H,2009.0,7.0,3
2009092587,,0,PA,XN38926,1996.0,8.0,3
2009107236,,0,IL,P62557,,7.0,2
2009065456,,0,,,,9.0,2
2009042163,,0,NJ,AH711Z,,7.0,1
2009062255,,0,NJ,TCY27G,2010.0,3.0,1
2009081656,,0,,,,2.0,2
2009092581,,0,ZZ,UNKNOWN,1999.0,7.0,2
2009103375,,0,PA,XY56090,2003.0,8.0,1
2009114167,,0,PA,XM81390,9999.0,3.0,1
2010006364,,0,ZZ,999999999999,9999.0,7.0,2
2009097791,,0,PA,XDB6372,2014.0,8.0,2
2009049562,,0,NY,IW7B4,,6.0,2
2009023874,,0,OK,162-0FX,2009.0,7.0,1
2009072769,,0,PA,XDW8963,2009.0,8.0,1
2009075966,,0,,,,8.0,2
2009029982,,0,IL,TJO0S0,,7.0,2
2009096160,,0,PA,XM32533,2010.0,3.0,1
2009067558,,0,PA,M7046E,9999.0,7.0,2
2012011926,,0,NJ,THG85S,2010.0,7.0,1
2009086599,,0,NY,AG27295,2009.0,7.0,2
2009067571,,0,ME,I0648H,,7.0,2
2009041133,,0,TN,009563S,2009.0,7.0,2
2009110670,,0,TX,W73390,2009.0,6.0,2
2009096966,,0,IL,T44BO8S,,7.0,2
2009042150,,0,PA,XCK4260,709.0,3.0,2
2009071377,,0,,,,6.0,1
2009118420,,0,ZZ,999999,2099.0,7.0,1
2009051922,,0,,0I7O663,,7.0,1
2009042398,,0,ZZ,UNKNOWN,9999.0,8.0,2
2009050212,,0,MI,B501626,2009.0,7.0,2
2009068629,,0,MD,34511910,2004.0,3.0,3
2009019583,,0,OR,HS72979,2009.0,6.0,2
2009028786,,0,PA,PT7291D,2099.0,7.0,2
2009108306,,0,SD,5003A48,2010.0,6.0,2
2009127689,,0,,,,7.0,2
2009038283,,0,MD,767231G,2010.0,7.0,1
2009038283,,0,ME,2710967,2010.0,7.0,2
2010001701,,0,OK,7675GG,2099.0,7.0,2
2009056034,,0,ZZ,UNKNOWN,9999.0,7.0,1
2009069549,,0,PA,XR15215,2011.0,6.0,2
2009058607,,0,VA,197149TL,2009.0,7.0,1
2009092922,,0,NV,TCC68Y,,7.0,2
2009102058,,0,NJ,TCK25P,1999.0,7.0,2
2009016696,,0,ZZ,999999999999,9999.0,7.0,2
2009056666,,0,NJ,TBX87S,2010.0,7.0,1
2009018579,,0,NY,AS16252,2009.0,7.0,2
2009079424,,0,PA,XL10968,1990.0,3.0,2
2009123517,,0,PA,PT5631N,2001.0,7.0,1
2009123478,,0,NJ,TGM51K,2013.0,7.0,1
2009085083,,0,PA,XDD5029,2010.0,8.0,1
2009061761,,0,TN,T596112,10.0,7.0,1
2009080784,,0,PA,XT12864,2010.0,3.0,1
2009051762,,0,IL,T415042,2011.0,7.0,1
2009052651,,0,,,,1.0,2
2009118074,,0,ME,ME1835681,2010.0,7.0,2
2009079171,,0,OR,HS8547,,7.0,2
2009038282,,0,PA,PT6100F,2009.0,7.0,2
2009085253,,0,PA,PTA313J,99.0,7.0,1
2009039756,,0,,,,2.0,2
2009045421,,0,MX,1826218,2018.0,7.0,2
2009116572,,0,OK,2NF060,2009.0,7.0,2
2009099547,,0,PA,PT0934H,1995.0,7.0,1
2009016740,,0,PA,PT0361M,9999.0,7.0,2
2009056340,,0,,,,7.0,1
2009035325,,0,PA,XNS6272,2010.0,7.0,3
2010003681,,0,,,,7.0,1
2009119006,,0,PA,PT4489P,,7.0,1
2009018946,,0,PA,FIA8IR,,7.0,2
2009062994,,0,OK,1533FN,2007.0,7.0,1
2009058289,,0,TN,T863770,2009.0,7.0,3
2009005227,,0,PA,XCA0502,2013.0,3.0,2
2009094403,,0,ZZ,UNKNOWN,9999.0,7.0,1
2009053221,,0,VA,173627TL,1996.0,7.0,2
2009128215,,0,NJ,T78W7Y,2010.0,5.0,1
2009004263,,0,PA,GWJ7568,2009.0,1.0,2
2009004263,,0,PA,YFP7058,2009.0,2.0,3
2009079901,,0,MD,109160G,2013.0,6.0,1
2009079901,,0,NJ,T94D4U,2010.0,6.0,2
2009009804,,0,ME,1837264,2018.0,7.0,2
2009114670,,0,ZZ,T297598,9999.0,7.0,1
2009081190,,0,PA,XDK-3589,2009.0,3.0,1
2009031904,,0,PA,XCD2539,2009.0,7.0,1
2009081916,,0,ME,116351B,1995.0,7.0,3
2009105499,,0,OH,TND7758,2009.0,6.0,1
2009105499,,0,TN,T527934,2009.0,6.0,2
2009037400,,0,PA,G570,,3.0,1
2009094103,,0,,,,8.0,2
2009108942,,0,,,,7.0,1
2009106827,,0,MN,8495STA,2099.0,7.0,1
2009082080,,0,NJ,TCX95K,2010.0,3.0,1
2009067470,,0,,,,9.0,1
2009061691,,0,PA,PT1961N,2010.0,6.0,2
2009111430,,0,,,,1.0,1
2009095199,,0,TN,11043815,2010.0,6.0,2
2009057858,,0,NE,98782,2010.0,7.0,1
2010005401,,0,PA,PT5462L,1986.0,7.0,2
2009044374,,0,,4QI5,,8.0,2
2009086721,,0,MD,07102TL,2010.0,6.0,2
2009095652,,0,PA,PT4099E,2009.0,7.0,1
2009092606,,0,IL,T104876,2010.0,7.0,2
2009095871,,0,PA,XN91225,,3.0,1
2009098748,,0,ME,12TLR2945B,9999.0,7.0,2
2009098878,,0,PA,XCC9408,2010.0,5.0,2
2009111421,,0,ME,IA49590,,7.0,1
2009064809,,0,NY,55384S,2009.0,3.0,1
2009021954,,0,OR,HRS9960,,7.0,1
2009029981,,0,,AIIIBK,,6.0,1
2009025603,,0,ME,Q42H7,,7.0,2
2009049310,,0,,,,1.0,2
2009064800,,0,PA,PT5380L,2099.0,7.0,1
2009101037,,0,,0I,,,1
2009093174,,0,,0,,,2
2009011201,,0,OK,3096EL,2009.0,7.0,2
2009109869,,0,PA,XFB0763,2010.0,6.0,2
2009016197,,0,OH,TNK5819,2009.0,7.0,2
2009130605,,0,NJ,TCB78A,2010.0,6.0,1
2009126631,,0,PA,XDN6760,2010.0,6.0,2
2009099611,,0,ME,1286166,2009.0,7.0,2
2009052832,,0,NJ,T85V6H,2011.0,7.0,2
2009064112,,0,PA,XBN1248,2010.0,3.0,2
2009017273,,0,PA,XY77J65,2003.0,7.0,2
2009062097,,0,PA,XDN5372,1998.0,3.0,1
2009055456,,0,PA,XCE9913,,6.0,2
2009087723,,0,TN,U202279,2010.0,6.0,2
2009124161,,0,PA,XV51361,2006.0,6.0,1
2009056504,,0,,,,7.0,2
2009113267,,0,PA,HGB9824,10.0,8.0,2
2009121212,,0,NJ,TFH42N,2009.0,7.0,1
2009085763,,0,PA,PT8188N,2010.0,6.0,1
2009114143,,0,TN,T168215,2009.0,6.0,4
2009088744,,0,SC,PVISS74,,7.0,1
2009051886,,0,PA,HDX4390,2010.0,1.0,1
2009038766,,0,TN,TB7304S,,7.0,2
2009079582,,0,PA,XCJ7309,2009.0,3.0,2
2009087928,,0,NJ,T7G783,1995.0,7.0,1
2009026539,,0,NY,2739B2,2012.0,7.0,2
2009106179,,0,VA,887681TR,2009.0,7.0,1
2009106179,,0,TX,W87486,2009.0,7.0,2
2009040321,,0,PA,M43740,9999.0,7.0,2
2009058495,,0,NJ,TAS69K,2012.0,7.0,1
2009017400,,0,NJ,T57U5T,2009.0,6.0,1
2009046258,,0,PA,XR03845,2009.0,3.0,2
2009107190,,0,NJ,TFM95N,2010.0,3.0,2
2009107190,,0,NJ,TEW58H,2010.0,3.0,4
2009078760,,0,NJ,TEK94P,2011.0,6.0,1
2009114133,,0,NJ,AJ570C,2010.0,2.0,2
2009077578,,0,ME,1255251,2009.0,6.0,3
2009086216,,0,,,,6.0,1
2009036278,,0,PA,PR5229G,,7.0,2
2009122321,,0,NJ,TGG99B,2012.0,7.0,3
2009072378,,0,PA,PT32810,1998.0,7.0,2
2009064077,,0,NJ,T86G8H,9999.0,7.0,1
2009079633,,0,PA,XR73199,2010.0,3.0,1
2009100600,,0,,T02Y8IK,,3.0,2
2009105786,,0,,,,7.0,1
2009035244,,0,ZZ,UNKNOWN,9999.0,6.0,1
2009097626,,0,NJ,TFH33K,2010.0,6.0,1
2009093430,,0,,,,3.0,2
2009113915,,0,MN,4707E,9999.0,7.0,2
2009018678,,0,ZZ,UNKNOWN,9999.0,7.0,1
2009033820,,0,,,,7.0,1
2009125400,,0,,,,3.0,2
2009082867,,0,PA,PT3500D,2002.0,7.0,2
2009111790,,0,,,,6.0,2
2009058292,,0,PA,6341L,2004.0,6.0,1
2009076100,,0,NJ,TAS97M,2005.0,7.0,2
2009030245,,0,PA,XK70YB,,3.0,2
2009042788,,0,IA,TB1018,2009.0,6.0,1
2009044377,,0,,I6508,,6.0,2
2009067611,,0,,I73B69Y,,7.0,2
2009090789,,0,ZZ,UNKNOWN,1999.0,7.0,1
2009085278,,0,TN,T628664,,7.0,1
2009073631,,0,ME,1276259,2012.0,7.0,2
2009123783,,0,ZZ,UNKNOWN,9999.0,7.0,1
2009027893,,0,ZZ,999999999999,9999.0,7.0,2
2009111094,,0,,,,1.0,1
2009080684,,0,PA,PT0598G,2010.0,6.0,2
2009128223,,0,IL,251892ST,2010.0,7.0,1
2010011068,,0,,,,2.0,2
2009096188,,0,NJ,TFZ90J,2013.0,7.0,1
2009083602,,0,ZZ,TAA4524,2010.0,3.0,1
2009118454,,0,IL,P625939,2010.0,7.0,1
2009092610,,0,NJ,TEW32P,2010.0,5.0,1
2009112373,,0,PA,PT6509C,2099.0,7.0,2
2009079060,,0,,92023,,3.0,2
2009120484,,0,PA,XN59363,2010.0,7.0,2
2009133691,,0,NJ,TCX59A,2010.0,7.0,1
2009084897,,0,PA,XDS8894,,3.0,2
2009111046,,0,PA,XZ07566,2013.0,7.0,1
2009133847,,0,MD,A900142,2009.0,3.0,1
2009077054,,0,NJ,TGR82D,2009.0,7.0,1
2010008611,,0,PA,XP50498,2010.0,3.0,1
2009128392,,0,NJ,TGR99F,2010.0,7.0,2
2009090595,,0,PA,XBL07ZG,,3.0,2
2009086966,,0,FL,855OCB,9999.0,7.0,1
2009083037,,0,NJ,TCC68Y,2009.0,6.0,1
2009038715,,0,TN,T932Z96,,7.0,2
2009050353,,0,ME,0925819,2009.0,7.0,1
2009060269,,0,,,,8.0,1
2009048348,,0,PA,PT4303H,1999.0,6.0,2
2009029529,,0,IN,P67860,2009.0,7.0,2
2010007699,,0,NJ,T28W7Z,2011.0,6.0,1
2009077200,,0,IL,T393840,2099.0,7.0,2
2009077200,,0,PA,XBH9650,2010.0,7.0,3
2009067296,,0,,N0NE,,8.0,1
2009087742,,0,ZZ,UNKNOWN,2099.0,7.0,2
2009133784,,0,CA,4GE5859,2045.0,7.0,1
2009132603,,0,IN,P106001,2010.0,7.0,1
2009049309,,0,,,,1.0,2
2009044799,,0,OK,3313DT,2009.0,7.0,2
2009048204,,0,PA,XBL-4384,2008.0,3.0,1
2009039974,,0,TN,Z76137,2009.0,7.0,1
2009107516,,0,PA,PT3820E,,6.0,2
2009027572,,0,IN,P140008,2010.0,6.0,1
2010034195,,0,,,,7.0,2
2010016211,,0,PA,PT8058B,2000.0,7.0,1
2010079440,,0,ZZ,999999999999,9999.0,7.0,1
2010077999,,0,PA,XCF1364,2011.0,8.0,1
2010037538,,0,MI,C107222,2010.0,7.0,2
2010050584,,0,PA,PT2253,2099.0,7.0,2
2010113133,,0,,,,8.0,2
2010032651,,0,,,,9.0,2
2011005093,,0,WV,C201323,2011.0,7.0,2
2010027870,,0,PA,XFB6080,2010.0,3.0,1
2010066949,,0,ME,2520567,2005.0,7.0,2
2010110413,,0,ZZ,999999999999,9999.0,7.0,1
2010069199,,0,,IVI,,,1
2010120677,,0,ME,B306712,2010.0,7.0,1
2010107696,,0,PA,XCC5516,2006.0,7.0,1
2010098775,,0,ME,1459162,2014.0,7.0,1
2010091153,,0,IL,296419ST,2010.0,7.0,3
2010099648,,0,DE,T64301,2012.0,6.0,1
2010093747,,0,TN,R851660,2006.0,7.0,3
2010037963,,0,OK,5588FA,2010.0,6.0,1
2010118619,,0,PA,PT0609M,9999.0,7.0,3
2010128710,,0,ZZ,UNKNOWN,2010.0,7.0,1
2010016182,,0,NY,AR99388,2010.0,7.0,2
2010029003,,0,IA,TA6733,2010.0,7.0,2
2010053102,,0,PA,XL95608,2010.0,3.0,1
2010042464,,0,PA,XT63093,2010.0,3.0,1
2010047480,,0,ZZ,99999,2099.0,7.0,1
2010101626,,0,NJ,TGJ63C,2012.0,7.0,1
2010085478,,0,PA,XBE9512,2010.0,3.0,1
2010062008,,0,,XCZM68Q,,7.0,1
2010085603,,0,MT,T39594,2008.0,7.0,1
2010110903,,0,,W,,,1
2010110903,,0,F,P,,,2
2010099516,,0,MN,68222,2011.0,7.0,1
2010068359,,0,ZZ,999999999999,2010.0,6.0,2
2010103328,,0,ZZ,999999999999,9999.0,7.0,2
2010037211,,0,PA,PT2393F,2099.0,7.0,2
2010117956,,0,,RE10730,2009.0,7.0,2
2010057300,,0,OK,8691GL,2010.0,7.0,1
2010071314,,0,PA,PT6341B,1998.0,7.0,2
2010040154,,0,PA,XP34153,2010.0,6.0,2
2010007239,,0,PA,PT4365K,9999.0,6.0,1
2010045380,,0,IL,T378752,2006.0,7.0,1
2010045380,,0,IN,P161637,2007.0,7.0,2
2010021677,,0,KS,0I8BTB,,7.0,1
2010085739,,0,ME,1538353,2011.0,7.0,2
2010041588,,0,ME,59511,9999.0,7.0,1
2010090806,,0,TN,T861759,2011.0,7.0,2
2010029400,,0,IL,183202ST,2002.0,7.0,1
2010105689,,0,,,,1.0,2
2010021876,,0,,,,8.0,4
2010043509,,0,NJ,TBU-60L,2010.0,7.0,1
2010042998,,0,PA,XL28993,2011.0,6.0,1
2010064450,,0,PA,PT6065G,2099.0,7.0,1
2010020466,,0,NJ,T24F8B,2010.0,7.0,1
2010021099,,0,PA,XY66055,2010.0,3.0,2
2010073864,,0,PA,FLB8023,2002.0,1.0,2
2010054540,,0,PA,XCE8263,2010.0,6.0,2
2010054540,,0,PA,SME491V,2010.0,3.0,3
2010029244,,0,PA,XCP9487,2010.0,7.0,1
2010057072,,0,OH,TPF2544,2005.0,7.0,1
2010112843,,0,NJ,TDH64X,2011.0,5.0,2
2010110450,,0,OK,86066A,2009.0,7.0,1
2010042267,,0,PA,XFE9133,2010.0,3.0,1
2010047399,,0,ME,1941687,2010.0,7.0,2
2010036556,,0,NJ,TEH47K,2013.0,7.0,2
2010103852,,0,QC,RA2426Y,,7.0,2
2010023785,,0,TN,T952210,2007.0,6.0,2
2010014536,,0,PA,XCS3622,10.0,6.0,1
2010100910,,0,,,,7.0,2
2010023817,,0,MS,88123T,9999.0,7.0,1
2010111113,,0,PA,XBH4147,2010.0,3.0,1
2010092614,,0,PA,XM77756,2010.0,7.0,2
2010051282,,0,IL,310042ST,2010.0,6.0,1
2010007670,,0,PA,XR97020,2010.0,7.0,1
2010074054,,0,NJ,T93P7A,2010.0,6.0,1
2010108299,,0,ME,292139Z,9999.0,7.0,2
2010079621,,0,PA,XY12715,2011.0,3.0,1
2010054409,,0,DE,T87808,2010.0,3.0,1
2010081261,,0,NJ,TCM84W,2011.0,7.0,2
2010049540,,0,PA,PT1822H,2010.0,7.0,3
2010041245,,0,PA,PT4044J,9999.0,7.0,1
2010020997,,0,IN,3463674,2003.0,7.0,1
2010029179,,0,MO,871249,2008.0,7.0,1
2010088853,,0,PA,4273Z,,7.0,2
2010078714,,0,PA,XM85531,2011.0,3.0,2
2010127334,,0,WI,53549W,2011.0,7.0,1
2010092724,,0,NJ,TGE52K,2012.0,7.0,1
2010076826,,0,ZZ,999999999999,9999.0,3.0,1
2010077174,,0,PA,XM998834,2011.0,3.0,2
2010018388,,0,PA,PT8283H,2010.0,7.0,1
2010065082,,0,NY,AV84953,2010.0,3.0,1
2010065082,,0,PA,XDV9178,1997.0,7.0,2
2010101606,,0,PA,XBK-5522,2011.0,6.0,3
2010086597,,0,IL,257362,9999.0,7.0,2
2010119629,,0,GA,LE2338C,2010.0,7.0,2
2010090896,,0,TN,U141479,2009.0,7.0,2
2010121150,,0,FL,C0150X,1994.0,7.0,1
2010005488,,0,PA,XBG4927,2010.0,7.0,1
2010005488,,0,IL,T435348,2010.0,7.0,2
2010029736,,0,WV,C42686,2010.0,7.0,1
2010035375,,0,IL,T250215,2010.0,7.0,1
2010113790,,0,,,,7.0,2
2010023348,,0,TN,U080135,2012.0,6.0,1
2011000965,,0,MO,63W6,,7.0,2
2010071091,,0,PA,XK85849,2001.0,7.0,1
2010062366,,0,PA,UNKNOWN,9999.0,7.0,1
2010066218,,0,PA,XCM6698,2011.0,6.0,2
2010005005,,0,ME,B116780,2010.0,7.0,1
2010033911,,0,PA,XGF5002,2010.0,3.0,1
2010053206,,0,PA,XFL7234,2009.0,6.0,2
2010040536,,0,IL,8ZI9M9,,7.0,3
2010079347,,0,TN,U043815,9999.0,7.0,2
2010082699,,0,NJ,TBC83B,2010.0,8.0,1
2010028115,,0,TN,U5672S,,7.0,1
2010020468,,0,ME,1160253,2011.0,7.0,1
2010019740,,0,PA,XDV1366,2002.0,7.0,1
2010026636,,0,NJ,TGX97L,2013.0,6.0,1
2010100430,,0,PA,PT2171P,2010.0,6.0,2
2010077090,,0,ZZ,UNKNOWN,9999.0,7.0,1
2010066830,,0,TX,17241F,2010.0,7.0,1
2010013067,,0,IL,T456060,2009.0,7.0,1
2010066940,,0,OR,HR80894,2010.0,7.0,2
2010111072,,0,NJ,THP58X,2011.0,7.0,2
2010027565,,0,OK,9660EU,2004.0,7.0,2
2010117554,,0,ZZ,UNKNOWN,9999.0,7.0,2
2010071790,,0,,,,7.0,1
2010093653,,0,IL,T447860,2010.0,7.0,2
2010057887,,0,PA,PT-2069B,2011.0,7.0,1
2010078869,,0,PA,42221ST,1998.0,7.0,2
2010025054,,0,IA,TC6174,2010.0,7.0,1
2010052419,,0,,G4X36Y6,,8.0,1
2010052419,,0,,,,8.0,2
2010046182,,0,PA,PT9964G,2099.0,7.0,1
2010041734,,0,CA,5YLD147,,1.0,2
2010098887,,0,ON,H1357A,2010.0,6.0,2
2010108634,,0,PA,XZM6UR2,9999.0,6.0,1
2010067457,,0,PA,XFB-1968,2011.0,3.0,1
2010105799,,0,OR,HR35194,,7.0,2
2010039322,,0,MN,I3I25I0,,6.0,1
2010063088,,0,PA,XCR8187,2012.0,3.0,1
2010105103,,0,,,,9.0,1
2010025447,,0,OR,HU3411,,7.0,1
2011001730,,0,NJ,THKWAB,,7.0,1
2010117293,,0,PA,PT3519E,2099.0,7.0,2
2010122929,,0,PA,PT0209P,2007.0,7.0,2
2010030653,,0,,,,7.0,2
2010012763,,0,NM,59640TRH,2010.0,3.0,1
2010068043,,0,PA,YCG4545,2011.0,6.0,1
2010092725,,0,PA,PT80256,2011.0,7.0,2
2010104639,,0,PA,XFS1482,2010.0,7.0,3
2010129605,,0,ZZ,999999999999,9999.0,7.0,1
2010029250,,0,PA,GTC5026,2010.0,1.0,3
2010054856,,0,PA,XL-02398,2010.0,7.0,1
2010125296,,0,NJ,THU34G,2011.0,7.0,2
2010064451,,0,PA,XN75995,2011.0,8.0,2
2010073759,,0,ME,1549302,2010.0,7.0,2
2010080110,,0,NJ,TCK20N,2011.0,3.0,1
2010073921,,0,MO,4069PC,2011.0,7.0,2
2010098517,,0,ME,A926262,2012.0,3.0,1
2010041109,,0,PA,PT1143Y,2010.0,7.0,1
2010118029,,0,,,,1.0,1
2010118029,,0,,,,1.0,2
2010118029,,0,,,,1.0,3
2010008817,,0,TX,W45722,2010.0,7.0,2
2010122366,,0,,,,8.0,1
2010115232,,0,OK,8796AN,9999.0,7.0,2
2010078531,,0,NJ,TGH49K,2010.0,7.0,2
2010083106,,0,,XLL9LZ,,6.0,3
2010118615,,0,PA,PT3949H,9999.0,7.0,1
2010055120,,0,OK,6520GW,2007.0,7.0,1
2010029491,,0,VA,636-937 TK,,7.0,2
2010091990,,0,MO,871458,2010.0,7.0,2
2010101341,,0,NJ,T96Y3G,2011.0,7.0,3
2010020843,,0,IL,314645,2011.0,7.0,1
2010020902,,0,IN,P40270,1999.0,7.0,1
2010105722,,0,PA,MG9899B,9999.0,6.0,2
2010057108,,0,ME,1338887,1984.0,7.0,2
2011031581,,0,NC,UNKNOWN,1999.0,7.0,1
2010009933,,0,PA,XDA0517,2006.0,3.0,2
2010031946,,0,IN,P91849,2010.0,7.0,1
2010001477,,0,TN,T289912,,7.0,2
2010111687,,0,PA,PT7111C,2011.0,3.0,2
2010047279,,0,FL,C8934R,9999.0,7.0,2
2010048032,,0,PA,PT7537F,2010.0,7.0,1
2010029949,,0,PA,XY21310,2010.0,6.0,1
2010047853,,0,ME,12TLR94211,2011.0,7.0,1
2010095205,,0,,,,7.0,1
2010021995,,0,PA,PT7000M,2010.0,7.0,2
2010059661,,0,,,,1.0,2
2010068821,,0,ZZ,UNKNOWN,2099.0,6.0,1
2010007058,,0,PA,HJW5706,2010.0,1.0,2
2010053063,,0,ME,1426445,2011.0,7.0,2
2010022590,,0,OK,2644DA,2010.0,7.0,1
2010093773,,0,NJ,T72N1P,9999.0,7.0,2
2010060794,,0,PA,XT59013,2011.0,8.0,1
2010088924,,0,,,,7.0,1
2010072024,,0,TN,T179239,2010.0,7.0,1
2010116083,,0,PA,XDS2725,1989.0,7.0,1
2010067177,,0,ME,1532215,2010.0,7.0,1
2010041302,,0,MO,8790PA,2009.0,7.0,1
2010022547,,0,NJ,TAZ51E,2013.0,7.0,1
2010093957,,0,DE,153225TR,1995.0,7.0,2
2010115643,,0,,,,7.0,1
2010084190,,0,PA,X00855,,8.0,2
2010098511,,0,ME,1633873,2013.0,7.0,3
2010050616,,0,PA,XN75161,2010.0,7.0,1
2010033581,,0,PA,DA5D41,2002.0,1.0,1
2010057393,,0,ME,1731718,2010.0,7.0,1
2010103630,,0,PA,XDA0035,2011.0,3.0,1
2010032805,,0,,,,8.0,3
2010066042,,0,VA,93688TL,9999.0,7.0,1
2010067818,,0,IL,364278ST,2020.0,7.0,1
2010106672,,0,,,,7.0,2
2010112750,,0,PA,PT2212R,2010.0,6.0,2
2010040548,,0,,,,6.0,3
2010074469,,0,,,,7.0,1
2010045922,,0,ZZ,UNKNOWN,2099.0,7.0,2
2010067474,,0,IN,P75981,2010.0,7.0,1
2010067474,,0,ME,1276099,2010.0,7.0,2
2010020469,,0,ZZ,UNKNOWN,2010.0,9.0,1
2010106350,,0,PA,PT4814P,2003.0,6.0,2
2010074045,,0,VA,591286,2010.0,7.0,1
2010037003,,0,PA,XDS5878,2011.0,3.0,3
2010107919,,0,ON,B9468P,2011.0,7.0,2
2010122576,,0,,,,7.0,2
2010059635,,0,,,,1.0,2
2010061038,,0,PA,PT7543H,2000.0,7.0,1
2010091584,,0,,,,6.0,2
2011018104,,0,ME,1663024,2016.0,7.0,2
2010019342,,0,NY,FRHT-999,2010.0,6.0,1
2010059998,,0,PA,RC647G,,5.0,2
2010113301,,0,WI,500215,2010.0,7.0,2
2010058154,,0,IL,T411140,2011.0,7.0,1
2011000736,,0,NJ,T26F5Y,2099.0,7.0,2
2010035908,,0,IN,P98931,9999.0,7.0,1
2010090318,,0,PA,XN53614,2010.0,7.0,3
2010107548,,0,PA,XDP8375,1996.0,3.0,1
2010050536,,0,PA,XT02076,2011.0,3.0,1
2010044162,,0,ME,1461391,9999.0,7.0,1
2010054967,,0,PA,PT4740M,2010.0,7.0,2
2010050693,,0,IL,T376890,2009.0,7.0,1
2010028204,,0,NC,TX40621,2010.0,7.0,1
2010034416,,0,ZZ,999999999999,9999.0,7.0,2
2010031789,,0,PA,PT1771H,2010.0,3.0,2
2010052952,,0,NJ,TGW11Y,2011.0,8.0,1
2010111983,,0,ZZ,UNKNOWN,9999.0,7.0,2
2010078919,,0,PA,PT0896M,2012.0,7.0,2
2010056627,,0,NJ,TGE29S,2010.0,7.0,1
2010027131,,0,PA,XFN0604,2011.0,3.0,1
2010074208,,0,PA,XFG4398,2009.0,3.0,2
2010121825,,0,PA,PT8873E,2011.0,9.0,2
2011023479,,0,ZZ,UNKNOWN,9999.0,7.0,2
2010102400,,0,PA,XCN77M,,3.0,1
2011011011,,0,PA,,2011.0,8.0,1
2010013438,,0,PA,PT8841H,2005.0,7.0,2
2010049279,,0,VA,78122I,2099.0,7.0,1
2010045334,,0,PA,PT7170J,2010.0,7.0,2
2010059195,,0,PA,XT72972,2010.0,6.0,2
2010045921,,0,PA,XFD2180,2010.0,6.0,2
2010125403,,0,PA,UNKNOWN,9999.0,3.0,3
2010120340,,0,NJ,TAE4170,2011.0,7.0,2
2010081964,,0,PA,XBA6374,2011.0,6.0,2
2011046972,,0,MI,A0785M,1999.0,7.0,2
2010046205,,0,NJ,T20Y5D,2011.0,7.0,1
2010046482,,0,PA,PT0376G,2011.0,7.0,2
2010062518,,0,PA,PT9597L,2011.0,7.0,2
2010091564,,0,PA,PT7495G,2010.0,7.0,1
2010043236,,0,IA,TC2785,2003.0,7.0,2
2010057854,,0,NJ,TBV81G,1982.0,7.0,1
2010031745,,0,NJ,T34G8H,2011.0,7.0,2
2010077967,,0,NJ,T39-V8R,2010.0,7.0,2
2010102360,,0,,,,7.0,1
2010035529,,0,MO,PX6417,2008.0,7.0,1
2010017907,,0,NJ,TGN70C,2010.0,7.0,1
2010087789,,0,,,,3.0,2
2010021322,,0,OK,1529FN,2010.0,7.0,2
2011017701,,0,ME,1592925,2005.0,6.0,2
2010009765,,0,NJ,TEK60L,2008.0,7.0,2
2010100596,,0,NE,119744,2010.0,7.0,1
2010077962,,0,ID,TA8078,2005.0,7.0,2
2010019268,,0,ZZ,999999999999,9999.0,7.0,2
2010019268,,0,ZZ,999999999999,9999.0,7.0,3
2010019268,,0,ME,0966880,1986.0,7.0,4
2010091324,,0,WI,561734,2011.0,7.0,1
2010081789,,0,,,,9.0,1
2010041293,,0,PA,PT4822P,2010.0,7.0,2
2010099738,,0,PA,0YZ783,,8.0,2
2010047012,,0,OK,4668DC,2011.0,7.0,1
2010080448,,0,ME,2812090,9999.0,7.0,1
2010115856,,0,CA,4FP6859,9999.0,7.0,2
2010062784,,0,ME,15TLR60581,2010.0,7.0,2
2010042637,,0,ME,1838911,2018.0,7.0,2
2010052900,,0,PA,PT66294,2099.0,7.0,2
2010101879,,0,NJ,T51U1V,2014.0,7.0,1
2010016930,,0,PA,ITEDB,,6.0,2
2011011012,,0,OK,2855EV,2011.0,6.0,1
2010107115,,0,,,,6.0,1
2010120093,,0,ME,1375376,2013.0,7.0,1
2010069682,,0,OK,2Y45GI,,7.0,2
2010054600,,0,OH,TPM2661,2010.0,8.0,1
2010056556,,0,PA,XV58924,2010.0,3.0,1
2010118706,,0,PA,PT7624J,2006.0,7.0,2
2010101084,,0,PA,PT3775D,2013.0,7.0,2
2010050804,,0,IA,RW8651,2010.0,7.0,1
2010112596,,0,ZZ,NONE,9999.0,8.0,2
2010085549,,0,ME,15TLR61915,2006.0,6.0,2
2010117168,,0,NJ,WJ17,2011.0,7.0,1
2010058753,,0,,,,1.0,1
2010090866,,0,NJ,T40B1K,9999.0,7.0,1
2010048887,,0,WI,S5I943,,6.0,1
2010038561,,0,DE,T186355,2010.0,7.0,2
2010018034,,0,,NI2V,,7.0,2
2010054492,,0,IN,P31164,2011.0,7.0,1
2010067064,,0,,H2IO8,,7.0,1
2010120876,,0,PA,XR09521,2011.0,8.0,1
2010009772,,0,NJ,TFM51E,2010.0,7.0,2
2010052743,,0,PA,XP40827,2001.0,7.0,1
2010106440,,0,NJ,TEW62S,2009.0,8.0,1
2010050583,,0,PA,XDT4497,2099.0,3.0,2
2010037968,,0,PA,PT3213P,2010.0,6.0,1
2010026297,,0,NJ,5707L,2010.0,7.0,3
2010103866,,0,IL,398248ST,,6.0,2
2010038249,,0,PA,XN01599,2010.0,7.0,1
2010116044,,0,QC,RV76027,9999.0,7.0,3
2010114440,,0,WI,561686,9999.0,7.0,1
2010122416,,0,PA,J76Y3IJ,,3.0,2
2010068448,,0,NJ,T48G6S,2011.0,7.0,2
2010100881,,0,NJ,TGZ17L,2013.0,7.0,1
2010100881,,0,NY,156031,2010.0,7.0,3
2010073722,,0,NJ,TFT41E,2012.0,7.0,2
2010073722,,0,DE,T4311,2011.0,7.0,4
2010037496,,0,PA,XDM8136,2010.0,3.0,2
2010097389,,0,NJ,T6U357,2011.0,8.0,2
2010097185,,0,PA,YGA3528,2010.0,2.0,2
2010097185,,0,PA,FMZ5672,2010.0,1.0,3
2010099097,,0,PA,XP14919,2011.0,3.0,1
2010047723,,0,NJ,T2T-32A,2011.0,7.0,2
2010099638,,0,PA,XFL6910,2011.0,3.0,2
2010043491,,0,PA,999999999999,2010.0,8.0,2
2010050602,,0,PA,PT4411L,2010.0,6.0,1
2010109703,,0,ME,2127837,2010.0,6.0,2
2010018649,,0,PA,PT9805M,2099.0,7.0,1
2010122469,,0,,010L,,7.0,1
2010031829,,0,ME,1194991,2011.0,7.0,2
2010034354,,0,,,,8.0,1
2010111683,,0,PA,XT03866,2011.0,7.0,1
2010035123,,0,ME,1060421,2010.0,7.0,2
2010096647,,0,PA,PT3638H,2010.0,7.0,1
2010033406,,0,PA,XP99696,2010.0,7.0,1
2010059781,,0,ME,1591148,2013.0,7.0,1
2010058748,,0,PA,88IQH,,6.0,2
2010030705,,0,KY,24342T,2004.0,7.0,1
2011011616,,0,OK,114594,2011.0,3.0,2
2010043685,,0,ZZ,999999999999,9999.0,7.0,2
2010098654,,0,IN,3027E,2011.0,5.0,2
2010032228,,0,TN,T950979,2010.0,7.0,1
2010036099,,0,PA,PT7099G,9999.0,7.0,1
2010029944,,0,WA,AO1121J,2010.0,6.0,2
2010102337,,0,PA,AE98642,2011.0,7.0,2
2010050802,,0,PA,XFC4942,2010.0,3.0,1
2010050802,,0,IN,SP240AAC,2011.0,7.0,2
2010057843,,0,TN,U024768,2010.0,7.0,1
2010099374,,0,PA,XM39023,2011.0,6.0,1
2010076234,,0,NJ,UNKNOWN,9999.0,7.0,1
2010105435,,0,NJ,T80L3P,2013.0,7.0,2
2010091156,,0,,,,9.0,2
2010048822,,0,FL,CM041,9999.0,1.0,2
2010062817,,0,,,,8.0,2
2010103699,,0,IL,395016ST,2011.0,7.0,1
2010128641,,0,VA,CT647136,2011.0,6.0,2
2010083749,,0,PA,XZ47319,2011.0,7.0,1
2010039412,,0,ME,1560581,1999.0,7.0,3
2010012022,,0,TN,T951925,2010.0,7.0,2
2010104299,,0,OK,3786GW,2030.0,7.0,1
2010038208,,0,PA,XDV3941,2009.0,7.0,1
2010054968,,0,PA,PT5438L,2011.0,7.0,1
2010058325,,0,OH,TNK5437,2010.0,7.0,1
2010047844,,0,ZZ,UNKNOWN,2099.0,9.0,1
2010073790,,0,PA,YSX7975,10.0,1.0,2
2010035581,,0,PA,XFF8882,2007.0,3.0,1
2010096129,,0,NE,158986,9999.0,7.0,1
2010122514,,0,PA,T89G5C,,7.0,1
2010128116,,0,TN,UO32076,2007.0,7.0,3
2010046963,,0,PA,AF-36494,2010.0,6.0,2
2010095337,,0,TX,Y68960,2011.0,7.0,1
2010080193,,0,,,,7.0,1
2010041107,,0,ZZ,UNK,2010.0,7.0,2
2010044322,,0,ME,304332Z,2030.0,7.0,2
2010049269,,0,ZG,6628317,2010.0,7.0,2
2010049269,,0,ME,1549314,2010.0,7.0,3
2010086016,,0,NJ,TFZ648,,7.0,1
2010113195,,0,PA,MG9288D,9999.0,6.0,2
2010110934,,0,TX,Y23926,2011.0,7.0,1
2010125575,,0,TN,T222026,2011.0,6.0,2
2010092705,,0,OK,2060BT,2010.0,6.0,2
2010102658,,0,PA,PZ134N,2011.0,1.0,1
2010094125,,0,,,,6.0,2
2010021574,,0,PA,XDNS9,,7.0,2
2010014554,,0,PA,PT5366N,10.0,6.0,1
2011015188,,0,NJ,T24P3V,2013.0,7.0,2
2010113899,,0,ZZ,999999999999,9999.0,7.0,1
2010117309,,0,NJ,TAC58Z,2011.0,7.0,2
2010087039,,0,ME,1457313,2014.0,7.0,2
2010050531,,0,PA,XCJ7256,2011.0,3.0,1
2010050531,,0,NJ,THF12D,2013.0,7.0,2
2010063044,,0,ME,124564B,2012.0,6.0,1
2010095378,,0,PA,PT4871K,9999.0,7.0,1
2010037967,,0,OK,8470FE,2005.0,6.0,1
2010094283,,0,,,,7.0,1
2010062881,,0,ME,117394A,2099.0,7.0,3
2010042419,,0,PA,PT7829M,2010.0,7.0,1
2010068090,,0,PA,PT1536N,9999.0,7.0,1
2010061223,,0,IN,SP266ABX,9999.0,7.0,1
2010019216,,0,PA,XCR2114,2010.0,7.0,2
2010037966,,0,ME,1570847,2015.0,7.0,3
2010115630,,0,ME,1172480,9999.0,7.0,1
2010086167,,0,OK,4552CW,2011.0,7.0,1
2010042732,,0,IL,P90482,2010.0,7.0,1
2010067454,,0,IL,T259315,2010.0,7.0,3
2010028159,,0,,,,1.0,2
2010062560,,0,PA,XY31130,2011.0,6.0,1
2010066173,,0,PA,PT5616J,2010.0,7.0,2
2010066173,,0,VA,T321084,2011.0,7.0,3
2010066173,,0,PA,Z31890,2011.0,7.0,4
2010116277,,0,TN,T970482,2011.0,7.0,1
2010049286,,0,IL,154927ST,2099.0,7.0,1
2010084575,,0,,,,9.0,2
2010089574,,0,NJ,TCA99H,2012.0,7.0,1
2010080060,,0,ZZ,8738896,2010.0,7.0,2
2010083802,,0,MS,65043A,2010.0,7.0,1
2010011050,,0,TN,T865267,1996.0,7.0,3
2010064822,,0,PA,FN484A,2010.0,6.0,3
2010096984,,0,PA,PT4874P,9999.0,7.0,2
2010038762,,0,,,,7.0,2
2010095794,,0,PA,PT5036L,2011.0,7.0,1
2010095794,,0,PA,PT8122F,2010.0,7.0,2
2010083777,,0,ON,H5768F,2010.0,7.0,1
2010096318,,0,PA,XM88395,9999.0,3.0,2
2010083887,,0,MS,065811A,2010.0,7.0,1
2010019787,,0,PA,PT7826M,2010.0,7.0,1
2010019787,,0,ME,2124968,2010.0,7.0,2
2010091349,,0,PA,XS11736,2010.0,6.0,2
2010047475,,0,IN,769072,2011.0,7.0,2
2010108371,,0,IL,279859ST,2099.0,7.0,1
2010064668,,0,TN,0Q77,,7.0,1
2010087535,,0,PA,XDL3546,2011.0,8.0,1
2010078357,,0,IL,285459ST,2007.0,7.0,1
2011001693,,0,NJ,TJG67Y,2014.0,7.0,1
2010052970,,0,IN,T673140,2010.0,7.0,2
2010031323,,0,FL,5671CF,2010.0,7.0,3
2010034003,,0,IL,T450118,2010.0,7.0,1
2010009509,,0,ME,1347131,1996.0,7.0,1
2010070811,,0,ME,1444181,2014.0,6.0,1
2010069721,,0,PA,05368N,,3.0,2
2010021023,,0,ME,1349820,2013.0,7.0,2
2010069629,,0,,1294629,,7.0,1
2010113493,,0,NJ,THB58J,2011.0,7.0,2
2010045419,,0,ZZ,UNKNOWN,9999.0,7.0,1
2010098240,,0,,,,3.0,4
2010048085,,0,,,,1.0,2
2010080450,,0,PA,XBG3540,,6.0,2
2010112409,,0,ME,1557806,,7.0,2
2010075608,,0,IN,P54327,2011.0,7.0,2
2010074545,,0,,,,9.0,1
2010094399,,0,PA,XCY5472,,7.0,2
2010072285,,0,TN,T941858,2006.0,7.0,2
2010077598,,0,PA,XP20265,2013.0,3.0,2
2010060324,,0,PA,XN97804,1995.0,3.0,2
2010007655,,0,,NONE,,8.0,1
2010022036,,0,ME,1267013,2012.0,7.0,2
2010042541,,0,IL,T360158,2010.0,7.0,3
2010090997,,0,ME,1442107,2013.0,7.0,1
2010066565,,0,ZZ,999999999999,9999.0,3.0,2
2010042757,,0,ME,2411990,2024.0,7.0,1
2010101955,,0,ME,1333141,2010.0,7.0,2
2010090319,,0,PA,PT7486P,2008.0,7.0,1
2010089780,,0,PA,XFK7412,9999.0,3.0,2
2010078160,,0,KS,U1254,2010.0,3.0,1
2010078160,,0,KS,U2741,2010.0,3.0,2
2010105097,,0,ZZ,HMC5996,2002.0,2.0,2
2010044307,,0,TN,T595855,2011.0,7.0,3
2010026206,,0,PA,NONE,2010.0,8.0,2
2010026206,,0,OK,8601GH,2012.0,7.0,3
2010113507,,0,,,,1.0,1
2010038558,,0,TN,T870182,2099.0,7.0,2
2010038497,,0,PA,XFX8688,,3.0,1
2010048781,,0,,19863B,,7.0,1
2010051949,,0,PA,XFE9988,1996.0,3.0,2
2010020898,,0,UT,42878N,2099.0,7.0,3
2010127486,,0,OK,608SFE,2006.0,7.0,1
2010119041,,0,PA,XCP6902,2011.0,7.0,5
2010001970,,0,PA,PT5046N,9999.0,7.0,3
2010061790,,0,PA,PT0185K,2011.0,7.0,2
2010006584,,0,ZZ,UNKNOWN,9999.0,1.0,1
2010038152,,0,PA,XCX8628,2010.0,6.0,1
2010073629,,0,ME,118376,2010.0,7.0,2
2010039999,,0,PA,XL98279,1995.0,3.0,1
2010059379,,0,PA,PT3441L,2010.0,7.0,2
2010040895,,0,PA,PT5491M,2011.0,7.0,1
2010051153,,0,PA,XFC3284,2011.0,3.0,1
2010070247,,0,PA,XDP1351,2011.0,6.0,1
2010117680,,0,PA,XFH8455,2011.0,3.0,1
2010051868,,0,ME,1343433,2008.0,7.0,1
2010042362,,0,CT,V88175,2010.0,7.0,1
2010089206,,0,DE,T58338,2011.0,3.0,2
2010095331,,0,IN,SE837AAK,2011.0,7.0,1
2010101671,,0,PA,XBM3527,2011.0,3.0,1
2010023933,,0,IL,223464ST,2010.0,7.0,1
2010019993,,0,PA,XK26301,2010.0,3.0,2
2010028613,,0,,,,1.0,1
2010101522,,0,PA,XN16328,2011.0,3.0,2
2010124589,,0,ZF,UNK,2011.0,7.0,1
2010093383,,0,MI,7941DN,2000.0,7.0,1
2010065444,,0,FL,K353EF,2011.0,3.0,1
2010064612,,0,KS,456AFE,2010.0,3.0,1
2010111270,,0,OK,2823FA,2005.0,7.0,1
2010084074,,0,ZZ,UNKNOWN,2099.0,9.0,1
2010117307,,0,ME,2022878,2020.0,7.0,2
2010025536,,0,ZZ,UNKNOWN,2010.0,7.0,1
2010094167,,0,PA,1731505,,7.0,2
2010083751,,0,TN,T937348,2010.0,6.0,1
2010085128,,0,OK,4986EG,,7.0,1
2010006647,,0,PA,XBJ1819,2005.0,3.0,2
2010078397,,0,PA,PT7757H,2006.0,7.0,2
2011001554,,0,NJ,T72DK,9999.0,7.0,1
2010098397,,0,PA,XCX0787,2010.0,3.0,1
2010080977,,0,PA,47366MG,2010.0,3.0,3
2010009780,,0,MS,028788,2010.0,6.0,1
2011027471,,0,ME,1571104,2011.0,7.0,1
2010061363,,0,ZZ,UNKNOWN,9999.0,7.0,1
2010016609,,0,IN,L26983,2006.0,7.0,1
2010033937,,0,IL,T436653,2010.0,7.0,1
2010013304,,0,ZZ,UNKNOWN,2099.0,7.0,5
2010019189,,0,IL,285906ST,2010.0,7.0,2
2010045494,,0,ZZ,UNKNOWN,2099.0,9.0,1
2010102073,,0,OK,3534CQ,2011.0,7.0,2
2010016047,,0,ME,1293719,2010.0,7.0,2
2010028703,,0,PA,PT5707L,2020.0,7.0,2
2010054964,,0,,,,9.0,1
2010113749,,0,,,,7.0,1
2010016769,,0,TN,U177072,2010.0,7.0,2
2010103652,,0,PA,PT7666J,2010.0,7.0,2
2010019250,,0,IL,T180744,2010.0,7.0,1
2010019250,,0,TN,U108315,2099.0,7.0,2
2010066690,,0,ME,1652169,2011.0,7.0,1
2010078237,,0,ME,1272359,2012.0,7.0,1
2010087195,,0,PA,XL75005,2011.0,7.0,2
2010107052,,0,OK,6991FH,9999.0,7.0,1
2010007611,,0,TN,T983341,2000.0,7.0,2
2010050810,,0,PA,PT2285N,2010.0,8.0,2
2010079460,,0,TX,21E521,2010.0,7.0,1
2010117169,,0,ME,2727108,2011.0,7.0,1
2010079870,,0,IL,T132240,2010.0,7.0,1
2010029530,,0,IN,P106297,2007.0,7.0,1
2010090810,,0,PA,PT9584F,2011.0,7.0,1
2010124892,,0,CA,4GB4498,,7.0,2
2010018277,,0,MA,1435672,2014.0,7.0,1
2010097381,,0,ME,16TLR44403,2010.0,7.0,1
2010026593,,0,PA,NONE,2010.0,6.0,2
2010062032,,0,PA,XFN-4089,2010.0,6.0,2
2010067184,,0,PA,XFD0254,2010.0,7.0,1
2011002298,,0,PA,PT3560N,2011.0,7.0,2
2010127597,,0,PA,XK87328,2000.0,3.0,1
2010004049,,0,ME,118931B,2011.0,7.0,2
2010126973,,0,NJ,TAS40M,2012.0,7.0,1
2010042755,,0,OK,7974EH,2010.0,7.0,3
2010059092,,0,WV,C41969,2010.0,7.0,2
2010093950,,0,PA,EPE1574,2002.0,1.0,2
2010090325,,0,TN,T364461,2010.0,6.0,1
2010053191,,0,IN,P68958,2010.0,7.0,2
2010103653,,0,ME,1271411,2012.0,7.0,1
2011000764,,0,,T808576,,7.0,1
2010051010,,0,ME,B124601,1978.0,7.0,1
2010010782,,0,NJ,TED19P,2009.0,7.0,1
2010036218,,0,ZZ,UNKNOWN,9999.0,7.0,1
2010124509,,0,TX,Y77660,9999.0,7.0,3
2010019976,,0,ME,1523470,2015.0,7.0,1
2010112404,,0,,,,1.0,1
2010016888,,0,PA,PT7669B,2010.0,7.0,2
2010028985,,0,PA,YTE2089,2010.0,2.0,2
2010015474,,0,NJ,TFK42M,2008.0,3.0,1
2010098426,,0,PA,XDM6305,2011.0,3.0,2
2010070045,,0,,PV5B9,,3.0,1
2010064753,,0,ME,I4553B2,,7.0,2
2010080128,,0,PA,XFN2990,2010.0,7.0,2
2010109026,,0,PA,XN27329,2011.0,3.0,3
2011008379,,0,,60798,,7.0,1
2010103949,,0,,,,7.0,1
2010103949,,0,,,,7.0,2
2010082163,,0,PA,PT5477F,2010.0,7.0,1
2010060294,,0,,WM1,,7.0,1
2010062970,,0,ME,218899,2017.0,7.0,2
2010102034,,0,PA,PT5125N,2011.0,6.0,1
2010115226,,0,GA,TL7W469,2011.0,7.0,1
2010062234,,0,IL,42197,2010.0,7.0,1
2010097122,,0,ZZ,UNKNOWN,9999.0,7.0,2
2010101277,,0,IN,P69111,2010.0,7.0,2
2011001578,,0,PA,PT4506L,9999.0,7.0,1
2010090805,,0,PA,XCS7809,2011.0,3.0,1
2010005232,,0,MT,T42875,,7.0,1
2010015765,,0,ON,E8256T,2010.0,7.0,1
2010080453,,0,PA,PT1976F,9999.0,7.0,2
2010056625,,0,ZZ,UNKNOWN,9999.0,7.0,1
2010121516,,0,PA,XC,2008.0,3.0,2
2010037752,,0,PA,PT6602G,2010.0,7.0,2
2010012028,,0,ME,1541306,2012.0,7.0,2
2010076493,,0,ME,75979,2010.0,7.0,1
2010051877,,0,PA,PT8205K,1999.0,7.0,1
2010109716,,0,ME,1351573,2011.0,6.0,3
2010036333,,0,NJ,THG54V,2011.0,7.0,1
2010051474,,0,SC,PV53033,,7.0,1
2010025055,,0,IL,351634ST,2010.0,7.0,2
2010065938,,0,PA,XDJ2870,2011.0,3.0,1
2010060751,,0,ME,B248797,9999.0,7.0,1
2010068096,,0,TN,T792849,2006.0,6.0,1
2010085966,,0,TN,U100119,2099.0,7.0,1
2010048546,,0,PA,M7IML,,7.0,1
2010123191,,0,TN,T281276,2010.0,7.0,1
2010085553,,0,NJ,T86T3L,2014.0,6.0,2
2010116261,,0,PA,GFW3617,2011.0,8.0,1
2010102342,,0,NJ,TAS51M,2012.0,7.0,1
2010118446,,0,,00N2,,8.0,1
2010096645,,0,PA,PT6702M,2011.0,7.0,1
2010125585,,0,NY,2018B2,2012.0,7.0,1
2010037986,,0,NJ,TAT90W,2011.0,7.0,1
2010075879,,0,GA,LE3424,,6.0,1
2010018233,,0,TN,U048063,2010.0,7.0,1
2010039765,,0,PA,PT4687A,2011.0,7.0,2
2010100880,,0,PA,PT6558E,2011.0,7.0,1
2010028339,,0,,,,7.0,2
2010031048,,0,ME,14TLR30700,,7.0,2
2010093359,,0,PA,XDK8694,2010.0,7.0,1
2010036464,,0,PA,PT2385H,,6.0,2
2010013662,,0,MD,A9000017,2010.0,7.0,1
2010033293,,0,NJ,TCZ44K,2014.0,7.0,1
2010044806,,0,,,,9.0,2
2010046037,,0,PA,XFD2496,1990.0,3.0,2
2010078167,,0,TN,U030593,2011.0,7.0,1
2010082697,,0,MO,3573PC,2010.0,7.0,1
2010068731,,0,PA,XCY1049,11.0,3.0,1
2010118348,,0,OK,5943FC,2010.0,7.0,2
2010025612,,0,ME,1238770,2010.0,7.0,2
2010036538,,0,PA,XCY9207,2011.0,7.0,2
2010109239,,0,FL,C562RJ,2010.0,3.0,1
2010057076,,0,PA,XFF4328,2008.0,7.0,2
2010033910,,0,PA,XCV8243,2011.0,3.0,1
2010100097,,0,PA,XR50506,2011.0,7.0,2
2010040380,,0,NJ,TGP63C,2010.0,7.0,1
2010077970,,0,IA,TG0356,2010.0,7.0,1
2010065242,,0,ME,1742018,2017.0,7.0,2
2011075948,,0,,,,7.0,1
2010102903,,0,PA,XBC7421,2011.0,6.0,2
2010126990,,0,PA,XFN4945,2011.0,8.0,1
2010078561,,0,IN,P171910,2010.0,7.0,1
2010081944,,0,,NIA,,1.0,1
2010045435,,0,PA,XCH9042,2005.0,3.0,1
2010119654,,0,PA,PT6396F,9999.0,7.0,2
2010027539,,0,TX,43M6518,2010.0,7.0,1
2010044325,,0,IN,P103756,2010.0,7.0,1
2010093062,,0,OK,5739GH,2010.0,6.0,1
2010129701,,0,NJ,TAS91K,2012.0,7.0,1
2010123529,,0,OK,3346DU,2010.0,7.0,2
2010068451,,0,NJ,TGE51W,2011.0,7.0,1
2010110038,,0,TN,T7783321,9999.0,7.0,1
2010074758,,0,PA,XCM9058,1990.0,3.0,2
2010083364,,0,PA,XW13184,1990.0,6.0,2
2010070364,,0,ME,B208299,2010.0,7.0,1
2010109241,,0,NJ,TJD39G,2011.0,3.0,1
2010127539,,0,PA,PT9293J,9999.0,7.0,2
2010085264,,0,TN,T487054,999.0,7.0,1
2010095873,,0,VA,935275TR,9999.0,3.0,1
2010098514,,0,IN,P162165,2012.0,6.0,2
2010059278,,0,,,,8.0,1
2010094723,,0,ME,112719A,2010.0,7.0,1
2010061510,,0,PA,XBF4243,2004.0,3.0,2
2010049316,,0,GA,LE7142A,,7.0,1
2010082549,,0,ZZ,UNK,2010.0,8.0,1
2010115666,,0,,,,7.0,1
2010104320,,0,NJ,TGA95P,2010.0,7.0,1
2010122720,,0,PA,XFN2117,2011.0,3.0,2
2010086166,,0,PA,XDC6276,2013.0,3.0,3
2010028366,,0,,,,9.0,1
2010069713,,0,,XV95WX,,7.0,2
2011000065,,0,TX,F34868,2007.0,7.0,1
2011000944,,0,IN,T46623I,,8.0,2
2010023658,,0,IL,371905ST,2010.0,7.0,2
2010048928,,0,OH,7770HB,,7.0,2
2010031380,,0,NJ,T79Z5J,2012.0,7.0,1
2010116618,,0,,,,8.0,1
2010033573,,0,ZZ,999999999999,2099.0,7.0,1
2010034327,,0,NJ,TFJ222H,2010.0,7.0,2
2010026581,,0,MO,872597,2010.0,6.0,1
2010027619,,0,ME,B110488,2010.0,7.0,2
2010077081,,0,NC,BX21329,2011.0,7.0,1
2010088633,,0,IN,WM6623,2011.0,7.0,1
2010072419,,0,NJ,T33H8P,2011.0,6.0,1
2010032290,,0,IN,L767625,2010.0,7.0,2
2010083089,,0,PA,PT8276B,2010.0,7.0,1
2010083089,,0,IL,239728ST,2010.0,7.0,3
2010093095,,0,PA,XV85014,2011.0,3.0,2
2010093257,,0,IN,P36758,2011.0,7.0,2
2010072270,,0,PA,XDE8490,2007.0,3.0,3
2010016832,,0,ME,1055695,2010.0,7.0,2
2010002177,,0,,,,7.0,2
2010100493,,0,PA,XZ54518,2011.0,3.0,2
2010059986,,0,PA,XDR9966,9999.0,3.0,1
2010112009,,0,ZZ,999999999999,2099.0,7.0,2
2010109023,,0,FL,8359CB,2011.0,7.0,2
2010126978,,0,NJ,TEG30P,2011.0,7.0,2
2010072023,,0,PA,PT8779P,2099.0,7.0,1
2010048117,,0,CA,4AG7650,2011.0,6.0,1
2010075452,,0,PA,XBM3000,2011.0,3.0,1
2010025662,,0,PA,XS94168,1998.0,3.0,2
2010035609,,0,,,,3.0,2
2010007251,,0,,,,1.0,1
2010087781,,0,ME,1180691,2007.0,7.0,2
2011003354,,0,PA,XFS7176,2007.0,3.0,1
2010096377,,0,TN,T960348,2010.0,7.0,1
2010068793,,0,PA,XV77799,2011.0,6.0,3
2010007372,,0,NJ,T71H5B,2010.0,7.0,3
2010106922,,0,PA,XGA7858,2011.0,7.0,1
2010065058,,0,NJ,NYK3293,2010.0,7.0,1
2010091566,,0,VA,887692,2010.0,7.0,1
2010088868,,0,,,,6.0,1
2010089808,,0,KS,465814,2009.0,7.0,1
2010036984,,0,PA,XDJ1100,2011.0,3.0,1
2010010453,,0,ME,1337950,2013.0,7.0,1
2010079458,,0,NJ,TFA24X,2009.0,7.0,1
2010090670,,0,OH,TPG5019,2011.0,7.0,1
2010086260,,0,PA,XFP4614,2011.0,6.0,2
2010119171,,0,ME,2628384,2026.0,7.0,1
2010051530,,0,PA,UNKNOWN,1999.0,3.0,1
2010093935,,0,PA,XL98510,1992.0,6.0,3
2010057426,,0,PA,XFK3665,2011.0,3.0,2
2010053517,,0,KY,512899,2011.0,7.0,2
2010039052,,0,NJ,TAC85Z,2010.0,7.0,3
2010042073,,0,PA,HLF7824,2010.0,1.0,2
2010089573,,0,OR,HU39957,2010.0,7.0,1
2011017909,,0,IN,P161700,2011.0,7.0,1
2010121367,,0,ME,1358436,2010.0,3.0,2
2010086162,,0,ME,1544823,2099.0,7.0,2
2010029609,,0,PA,PT8203B,2010.0,7.0,2
2011005406,,0,NJ,T62S5R,2011.0,7.0,4
2011001093,,0,,153Y258,,7.0,2
2010121531,,0,IL,T172301,9999.0,7.0,1
2010022586,,0,ME,28TLR3356Z,2010.0,7.0,1
2011002449,,0,,,,6.0,1
2010022754,,0,WI,515256,2010.0,7.0,1
2010041212,,0,TN,U157787,9999.0,7.0,1
2010039366,,0,ME,15TLR84655,10.0,7.0,1
2010002365,,0,ZZ,UNKNOWN,9999.0,7.0,1
2010106641,,0,PA,XDD7618,2010.0,3.0,1
2010023811,,0,NJ,XN237J,9999.0,2.0,2
2010004152,,0,ZZ,999999999999,9999.0,7.0,2
2010027856,,0,NJ,TDU83Z,2010.0,7.0,1
2010074835,,0,,877I83,,7.0,1
2010068804,,0,NJ,T3X998,2011.0,3.0,1
2010093734,,0,PA,PT5796R,,7.0,2
2010009785,,0,QC,RE63374,2010.0,6.0,2
2010034000,,0,,,,8.0,2
2010069247,,0,PA,R6BHP,,7.0,2
2010064940,,0,PA,XN10583,2011.0,3.0,1
2010084743,,0,NJ,TBG26T,2013.0,7.0,2
2010104371,,0,PA,MG8001B,2011.0,8.0,1
2010034431,,0,NJ,TGB43S,2008.0,7.0,2
2010024709,,0,ME,1197307,2011.0,7.0,2
2010002382,,0,ZZ,UNKNOWN,9999.0,7.0,2
2010006061,,0,NJ,TCW74W,2010.0,7.0,1
2010060737,,0,PA,XFJ2360,2011.0,3.0,1
2010103898,,0,PA,XY74212,2011.0,3.0,2
2010087553,,0,ME,1458285,2014.0,7.0,1
2010016783,,0,ME,20158554,2011.0,7.0,2
2010082695,,0,TN,T638140,2011.0,7.0,2
2010012230,,0,NJ,TEV69S,2099.0,7.0,1
2010012230,,0,NC,BM42369,2009.0,7.0,2
2011000735,,0,IN,P113044,2011.0,7.0,2
2010021848,,0,PA,PT0925F,1999.0,7.0,2
2010012744,,0,NJ,T66D4T,2011.0,7.0,1
2011000741,,0,PA,PT7078D,2099.0,7.0,2
2010075225,,0,,NONE,,8.0,2
2010049609,,0,PA,XDM8098,2010.0,3.0,1
2011001732,,0,,6,,,3
2010056283,,0,PA,PT4009P,2010.0,7.0,2
2010060945,,0,ME,1472547,2014.0,7.0,1
2010122714,,0,NJ,TFZ91W,2011.0,7.0,2
2010056410,,0,PA,PT2547L,9999.0,7.0,2
2010005572,,0,ME,30I5402,,7.0,2
2010071751,,0,IL,T-190309,2010.0,6.0,1
2010111705,,0,ME,1435280,2013.0,7.0,2
2010121463,,0,,,,9.0,4
2010036754,,0,PA,XFJ1935,2010.0,7.0,1
2010103304,,0,OK,4631GH,2010.0,6.0,1
2010023763,,0,PA,J31943J,2008.0,5.0,1
2010013020,,0,PA,PT1298F,1999.0,7.0,2
2010063259,,0,NJ,TGP40D,2099.0,7.0,2
2010086906,,0,PA,XFD2451,2011.0,3.0,2
2010106225,,0,PA,XR56561,2011.0,3.0,2
2010067322,,0,IL,183203 ST,2010.0,7.0,1
2010004785,,0,NC,BD38214,1993.0,7.0,2
2010052950,,0,OK,5151GP,2012.0,7.0,1
2010052950,,0,PA,PT2717H,2012.0,7.0,4
2010044949,,0,PA,XY23621,2002.0,3.0,1
2010102470,,0,,,,8.0,1
2010098454,,0,PA,XCZ4335,2007.0,3.0,2
2010035599,,0,IL,15TK54651,2005.0,7.0,1
2010106580,,0,MN,4119STC,2010.0,7.0,1
2010058039,,0,IN,P201483,2010.0,7.0,1
2010088584,,0,PA,PT4980J,2011.0,3.0,1
2010014868,,0,ZZ,1312465,,7.0,2
2010125634,,0,PA,XM78058,2011.0,6.0,2
2010125279,,0,PA,PT4503P,1999.0,7.0,1
2010014387,,0,ME,1655193,2016.0,7.0,1
2010064502,,0,NJ,AL854G,1919.0,7.0,2
2010089211,,0,PA,XCG8940,2011.0,3.0,1
2011005409,,0,IN,P168577,2011.0,7.0,2
2010097124,,0,OK,3N76E,,6.0,2
2010039925,,0,IL,T438372,1995.0,7.0,2
2010004784,,0,NC,BD38214,9999.0,7.0,2
2010108138,,0,PA,MG1418D,1985.0,3.0,2
2010099721,,0,PA,8UH2QP,,7.0,1
2010099721,,0,OK,Z63GLBP,,7.0,2
2010104656,,0,NJ,TDH92W,2011.0,7.0,1
2010040119,,0,NJ,TGC38E,2010.0,7.0,2
2010104769,,0,NC,AA50559,2011.0,7.0,1
2010023612,,0,NJ,TEH 80H,2012.0,7.0,1
2010083465,,0,IN,1189206,2010.0,7.0,2
2010017232,,0,K,S046Y,,7.0,1
2010120822,,0,WI,544061,9999.0,7.0,1
2010119353,,0,IL,T352123,2011.0,7.0,2
2010123495,,0,ME,12TLR80755,2011.0,7.0,2
2011006244,,0,PA,PT3158E,2011.0,7.0,2
2011037029,,0,NJ,TJK34X,2012.0,6.0,2
2011012957,,0,MD,60654TL,2011.0,7.0,1
2011107725,,0,PA,XK64184,2013.0,3.0,2
2011045742,,0,TN,T192124,2012.0,7.0,2
2011101756,,0,TN,U276025,2011.0,6.0,1
2011027997,,0,ZZ,999999999999,9999.0,7.0,2
2011100296,,0,,,,6.0,3
2011019418,,0,PA,XDP6330,2013.0,6.0,1
2011058887,,0,PA,XFT9048,,8.0,1
2011043459,,0,PA,MG87896,2007.0,3.0,2
2012005782,,0,IL,T446752,2011.0,7.0,2
2011096054,,0,ME,161136A,2012.0,7.0,1
2011067937,,0,VA,131873TR,2011.0,7.0,2
2011012244,,0,NY,AT50072,2011.0,7.0,2
2011119878,,0,PA,XGL7043,2012.0,3.0,1
2011115493,,0,,,,7.0,3
2011077660,,0,,,,7.0,1
2011037705,,0,ZZ,UNKNOWN,2011.0,6.0,1
2011037705,,0,ZZ,UNKNOWN,2011.0,6.0,2
2011039992,,0,PA,XDS0001,2005.0,3.0,2
2011054287,,0,,,,9.0,3
2011010547,,0,TN,U170485,2011.0,6.0,2
2011063306,,0,PA,XY10940,2014.0,3.0,2
2011046297,,0,PA,XCF2962,2013.0,8.0,1
2011121685,,0,PA,PT1464L,2012.0,7.0,1
2011099811,,0,PA,YVR3665,11.0,3.0,2
2011073677,,0,ME,1217392,2012.0,3.0,1
2011071443,,0,OK,1369FA,2011.0,7.0,2
2011011816,,0,TN,T919020,9999.0,7.0,2
2011114471,,0,,,,8.0,1
2011104509,,0,PA,PT6141L,2011.0,7.0,3
2012009569,,0,IA,TF3111,2012.0,7.0,1
2011035375,,0,ME,1941713,,7.0,1
2011034858,,0,PA,XV88343,2011.0,3.0,2
2011051824,,0,PA,UNKNOWN,,6.0,1
2011037152,,0,NJ,T17B8M,2011.0,7.0,2
2011109403,,0,PA,XCX0796,2012.0,3.0,1
2011096290,,0,PA,AF77077,2012.0,7.0,2
2011118696,,0,PA,PT4011E,2011.0,7.0,2
2011082520,,0,,,,7.0,3
2011053013,,0,PA,PT1646M,2012.0,6.0,2
2011100051,,0,PA,XFV0986,2012.0,6.0,2
2011050487,,0,PA,PT4510D,2011.0,7.0,1
2011053850,,0,NJ,TEH37K,2012.0,7.0,2
2011043221,,0,ON,C4600C,2011.0,7.0,2
2011003254,,0,PA,XN94328,2011.0,7.0,3
2011122468,,0,NJ,128856A,2011.0,7.0,2
2011104826,,0,PA,PT7028C,,7.0,1
2011127812,,0,ME,1265988,9999.0,7.0,1
2011053557,,0,,,,1.0,2
2011054342,,0,PA,87I599L,,7.0,1
2011074838,,0,PA,XGF5557,2011.0,6.0,1
2011003617,,0,PA,YYB2538,2011.0,7.0,2
2011093730,,0,SC,PV74567,2012.0,7.0,1
2011019091,,0,NJ,T9W210,2011.0,7.0,2
2011091106,,0,TN,U203776,2012.0,7.0,1
2011091106,,0,MD,838579G,2006.0,7.0,3
2011058439,,0,PA,XBE2211,2011.0,3.0,2
2011122505,,0,PA,TT0481N,2012.0,7.0,1
2011056736,,0,PA,PT1674P,2011.0,7.0,1
2011042815,,0,OK,7160GZ,2010.0,7.0,2
2011088760,,0,PA,XGC6428,2012.0,3.0,2
2011071241,,0,IL,333404ST,2012.0,7.0,1
2011120355,,0,IN,P133088,2007.0,7.0,3
2011113349,,0,PA,XN32498,2012.0,3.0,1
2011125781,,0,PA,XFT7219,2012.0,3.0,1
2011007966,,0,PA,404SF,2012.0,7.0,2
2011070961,,0,PA,XON80,,3.0,1
2011058767,,0,PA,XN82980,2011.0,7.0,1
2012004211,,0,,XC277Y7,,3.0,3
2011135062,,0,PA,XFV6733,2012.0,7.0,1
2011126043,,0,PA,XGJ3984,2012.0,3.0,1
2011056936,,0,PA,PT2772K,,7.0,2
2011057578,,0,MO,873940,2011.0,7.0,2
2011023889,,0,PA,PT4438H,2013.0,7.0,1
2012004939,,0,,,,7.0,2
2011046400,,0,IL,T60172,,7.0,2
2011043378,,0,PA,XP19429,2011.0,6.0,3
2012008759,,0,ME,B323461,1989.0,6.0,2
2011021320,,0,PA,PT5002R,2011.0,7.0,2
2011059268,,0,MD,722547G,2012.0,6.0,1
2011055117,,0,PA,XFK1681,11.0,3.0,1
2011101476,,0,OK,9078EP,2012.0,7.0,2
2011079769,,0,PA,XGB6282,2005.0,3.0,2
2011061682,,0,ON,F6608L,2012.0,6.0,1
2011098646,,0,IN,P62557,2012.0,7.0,1
2011103277,,0,PA,HRR9796,2012.0,1.0,2
2011083130,,0,PA,PT4159J,2012.0,6.0,2
2011033731,,0,NJ,TJE56H,2014.0,7.0,1
2011078246,,0,PA,XDR0807,9999.0,3.0,2
2011104725,,0,NJ,TGT80U,2012.0,7.0,1
2011061773,,0,,,,7.0,1
2011011801,,0,OK,1104DY,2011.0,7.0,2
2011086732,,0,OK,2656BP,2011.0,6.0,2
2011028765,,0,OK,6201EN,2011.0,7.0,2
2011086534,,0,NY,AD45860,2011.0,7.0,2
2011124381,,0,AL,9100100,2011.0,7.0,1
2011087764,,0,ZZ,UNKNOWN,9999.0,7.0,2
2011095460,,0,,HSB698,,7.0,2
2011132578,,0,ME,16TLR54153,2012.0,7.0,2
2011076059,,0,,,,7.0,1
2011098068,,0,,5586R,,7.0,1
2011068055,,0,PA,PT6625L,9999.0,7.0,1
2011043375,,0,PA,PT2584H,9999.0,7.0,1
2011021499,,0,IN,SP752ABZ,2011.0,6.0,3
2011092016,,0,PA,XGG4546,11.0,3.0,1
2011058442,,0,PA,PT2657L,2011.0,7.0,2
2011100643,,0,,,,9.0,1
2011028960,,0,ME,NY292Y,,6.0,2
2011106204,,0,,PU50O6,,8.0,3
2011033175,,0,CA,4JW7850,2011.0,6.0,2
2011103078,,0,IN,P23746,2011.0,7.0,1
2011043508,,0,SC,P760628,2002.0,7.0,2
2011103384,,0,PA,XDP7639,2001.0,7.0,1
2011079734,,0,PA,XDN7589,9999.0,6.0,1
2011126046,,0,PA,PT6520E,2012.0,7.0,2
2011063191,,0,PA,XFD1324,2012.0,7.0,1
2011102871,,0,PA,XZ56008,2012.0,3.0,1
2011085058,,0,PA,XDG6172,,3.0,2
2011104551,,0,NJ,TAD69M,2012.0,3.0,2
2011108814,,0,,2IE2I8,,7.0,1
2011096392,,0,PA,XY63586,2012.0,3.0,2
2011063132,,0,IL,286284ST,1996.0,7.0,2
2011008608,,0,NJ,T13Y2K,2011.0,7.0,2
2011078426,,0,ZZ,NONE,2000.0,7.0,1
2011104138,,0,PA,XT24251,2012.0,3.0,2
2011123170,,0,CA,4JA5162,2010.0,7.0,1
2011104286,,0,PA,XFC-0799,2014.0,3.0,1
2011066153,,0,,,,1.0,1
2011072820,,0,ME,14551189,2014.0,7.0,1
2011093630,,0,ON,A2541N,2012.0,7.0,1
2011127615,,0,PA,PT0165T,2012.0,7.0,1
2011045503,,0,NJ,THC78K,2011.0,7.0,2
2011129341,,0,PA,PT2605C,9999.0,7.0,2
2012002749,,0,ZZ,UNKNOWN,2012.0,7.0,2
2011130738,,0,TN,U139782,2011.0,7.0,1
2011003540,,0,OK,4036IA,2011.0,6.0,1
2011112635,,0,PA,NONE,2011.0,3.0,1
2011083143,,0,PA,MG0513B,2011.0,3.0,2
2011043223,,0,ME,1289250,2012.0,7.0,1
2011043025,,0,WI,558738,2011.0,7.0,2
2011096682,,0,IL,357885,2011.0,7.0,1
2011069574,,0,PA,XCS3123,,2.0,1
2011076289,,0,TN,278841,2012.0,7.0,2
2011087965,,0,ON,FM43W,,7.0,2
2011019779,,0,NJ,THF89D,2012.0,7.0,2
2011011172,,0,ME,1449418,2014.0,7.0,3
2011031716,,0,IL,T187347,1998.0,7.0,1
2011031716,,0,ON,002455014,2000.0,7.0,2
2011053482,,0,PA,XCRHSI,,9.0,3
2011078200,,0,NJ,T19P9M,2013.0,3.0,1
2011125857,,0,ME,2337013,2023.0,7.0,1
2011125857,,0,PA,XFA0759,2012.0,6.0,2
2011094107,,0,PA,XN-82580,2012.0,7.0,2
2011111990,,0,PA,XK75449,2012.0,6.0,1
2011038767,,0,OR,HR44300,2012.0,7.0,2
2012012292,,0,PA,X6B80811,2012.0,3.0,2
2011072931,,0,PA,XGD2658,2012.0,3.0,2
2011028261,,0,IL,389516,2009.0,7.0,2
2011024678,,0,,T0IH08,,7.0,2
2011029361,,0,NS,PT62318,2013.0,7.0,2
2011072264,,0,CA,1KU8186,2011.0,5.0,2
2011134247,,0,PA,PT9479K,2008.0,5.0,2
2011021008,,0,IN,P131522,2011.0,7.0,1
2011106057,,0,ZZ,999999999999,9999.0,8.0,1
2011086191,,0,PA,XFP4686,2006.0,3.0,1
2011050586,,0,OR,HR17125,2099.0,7.0,1
2011064456,,0,IL,T472200,2011.0,7.0,2
2011020988,,0,TN,T992524,2011.0,6.0,2
2011029549,,0,IL,T463671,2011.0,7.0,1
2011036363,,0,NJ,TJJ83K,2011.0,7.0,2
2011122470,,0,IN,P128844,2012.0,7.0,1
2012001296,,0,PA,PT9714L,2012.0,7.0,1
2011109397,,0,ME,B249219,2012.0,7.0,1
2011109397,,0,,,,7.0,2
2011086589,,0,PA,XGC2766,2012.0,6.0,1
2011059166,,0,ME,1442631,2014.0,7.0,1
2011125129,,0,NY,EKK1762,2008.0,1.0,1
2011013618,,0,IN,P208154,2011.0,7.0,2
2011013618,,0,PA,PT3713J,2013.0,7.0,3
2011113256,,0,TN,T312400,2011.0,7.0,1
2011112990,,0,CA,4DN5996,2012.0,7.0,2
2011097660,,0,,,,7.0,2
2011040729,,0,ME,1670399,2014.0,7.0,2
2011094105,,0,PA,HFH4760,2011.0,1.0,2
2011126288,,0,ZZ,8D5HS,9999.0,7.0,1
2011077780,,0,IN,Z78361,2014.0,6.0,2
2012007356,,0,PA,PT4257S,2012.0,7.0,2
2011088709,,0,PA,XP35816,,3.0,1
2011125842,,0,,,,8.0,2
2011049178,,0,ME,1427384,2014.0,7.0,1
2011051447,,0,ME,1357823,2013.0,7.0,1
2011051447,,0,ME,1932543,2019.0,7.0,2
2011114910,,0,ME,2711888,2011.0,7.0,1
2011061335,,0,NJ,TFH38C,2011.0,7.0,1
2011019798,,0,IL,T397214,2011.0,7.0,1
2011112627,,0,IL,T262916,2012.0,7.0,1
2011014899,,0,PA,XDM4897,,3.0,3
2011045708,,0,PA,PT1498K,9999.0,7.0,2
2011050597,,0,WI,614420,2012.0,7.0,1
2011062099,,0,,,,8.0,2
2011018771,,0,VA,58588PY,2005.0,7.0,1
2012022604,,0,,,,1.0,2
2012022604,,0,,,,1.0,3
2011043382,,0,PA,PT4470M,9999.0,7.0,2
2011017794,,0,IL,216595,9999.0,7.0,4
2011078145,,0,PA,XGG2359,2012.0,3.0,2
2011042091,,0,IN,P104393,2011.0,7.0,2
2011075830,,0,,XFC47H,,3.0,2
2011039594,,0,,,,1.0,1
2011043785,,0,DE,T2473,11.0,6.0,1
2011071243,,0,NJ,T93Y1G,2011.0,7.0,1
2011081479,,0,ZZ,UNK,2011.0,9.0,2
2011032794,,0,NJ,TEK15S,2011.0,7.0,2
2011092772,,0,PA,XFA9277,2014.0,6.0,1
2011104559,,0,ME,153396,2011.0,7.0,1
2011020078,,0,PA,XZ97577,2011.0,7.0,2
2011079195,,0,MI,A977808,2012.0,7.0,1
2011026140,,0,NY,2695B1,2011.0,7.0,2
2011104732,,0,NJ,TGC90D,2004.0,7.0,1
2011027472,,0,PA,XFS7519,2012.0,6.0,1
2011047903,,0,ME,1378484,,7.0,2
2011031276,,0,,,,8.0,1
2011031276,,0,,,,9.0,2
2011057428,,0,PA,PT0417N,9999.0,7.0,3
2011095047,,0,MI,B789011,2012.0,6.0,2
2011067558,,0,PA,XDJ0448,2011.0,3.0,2
2011019492,,0,TX,16E800,2015.0,7.0,2
2011054511,,0,OK,1677FN,2011.0,7.0,1
2011091794,,0,PA,GSV8290,2012.0,3.0,1
2011004287,,0,ZZ,UNKNOWN,1999.0,7.0,2
2011011751,,0,CA,4LD4226,2099.0,7.0,1
2011054309,,0,,U0KN6N,,3.0,1
2012034889,,0,ZZ,UNKNOWN,2099.0,7.0,1
2011042932,,0,OK,2PH001,2011.0,7.0,2
2011115822,,0,OH,TPF2930,2011.0,7.0,2
2011058570,,0,OR,HS62002,2012.0,7.0,1
2011096426,,0,SC,PV63571,1999.0,6.0,1
2011119496,,0,PA,PT4698R,12.0,6.0,2
2011046015,,0,PA,XN94006,2016.0,3.0,2
2011053127,,0,NJ,TDU22T,2015.0,7.0,1
2011083923,,0,PA,DPG8845,2012.0,1.0,1
2011083923,,0,PA,GZD5161,2012.0,1.0,2
2011079595,,0,PA,XFH6704,2016.0,3.0,2
2011100348,,0,PA,XK68441,2012.0,7.0,1
2011114893,,0,NJ,T24U4M,2014.0,7.0,2
2011053007,,0,IL,240462ST,1998.0,6.0,2
2011108890,,0,,8D,,7.0,2
2011045707,,0,PA,XCK9219,2011.0,3.0,2
2011100014,,0,TN,T380192,2012.0,7.0,2
2011056333,,0,ZZ,99999,2099.0,3.0,2
2011103767,,0,PA,XDR3816,2012.0,3.0,2
2011027333,,0,PA,PT8155K,9999.0,7.0,1
2011117907,,0,OK,3295FE,2012.0,7.0,2
2011035690,,0,PA,XFP9034,9999.0,6.0,1
2011036834,,0,WI,529018,2099.0,7.0,1
2011036834,,0,PA,PA87109,2099.0,7.0,2
2011022311,,0,PA,PT8519G,2011.0,7.0,2
2011028713,,0,PA,PT7935F,2011.0,7.0,1
2011118238,,0,,,,7.0,2
2011106772,,0,ME,17TRL49152,2011.0,7.0,1
2011002975,,0,PA,XFK8936,2011.0,8.0,2
2011023342,,0,,,,1.0,5
2011027430,,0,ZZ,UNKNOWN,2011.0,7.0,2
2011043509,,0,ME,1461635,2014.0,6.0,2
2011014302,,0,ME,1166289,2010.0,7.0,2
2011036714,,0,NJ,THZ73T,2012.0,7.0,1
2011042089,,0,ZZ,UNKNOWN,9999.0,7.0,3
2011020370,,0,ME,0763758,2007.0,7.0,1
2011116585,,0,ME,1837493,2012.0,7.0,1
2012006673,,0,VA,308726TL,2005.0,7.0,2
2011036741,,0,PA,XV76416,2011.0,3.0,2
2011028527,,0,PA,YYJ1978,2011.0,8.0,1
2011003570,,0,OH,TN28080,2011.0,7.0,2
2011090189,,0,ME,1841420,2018.0,7.0,1
2011070059,,0,IA,548493,2011.0,7.0,1
2011093337,,0,PA,XV10891,2012.0,3.0,1
2011027432,,0,NJ,T2A919,2011.0,7.0,1
2011031787,,0,CA,4HT4810,2012.0,7.0,1
2011050587,,0,TN,T993440,2099.0,7.0,1
2011094863,,0,IN,P222212,2011.0,7.0,1
2011126964,,0,PA,XDX8622,,6.0,2
2012013300,,0,WI,614547,2006.0,7.0,3
2011042291,,0,PA,XFL6146,2011.0,6.0,2
2011013780,,0,ME,1352633,2011.0,7.0,2
2011048452,,0,NJ,THG66Y,2012.0,7.0,1
2011056066,,0,PA,XFA5710,2012.0,3.0,1
2011057781,,0,NJ,T63S4K,2012.0,7.0,1
2011057781,,0,MO,8718PB,2012.0,7.0,2
2011088344,,0,CA,4FT4810,1995.0,6.0,1
2011062479,,0,PA,XFG6185,2011.0,3.0,2
2011122990,,0,PA,PT6404P,2003.0,7.0,1
2011023016,,0,IL,T254842,9999.0,7.0,2
2011047918,,0,OK,3314DT,,7.0,1
2011035206,,0,NC,AA22792,2011.0,7.0,1
2011035206,,0,NJ,THM24V,2012.0,7.0,2
2011112365,,0,PA,XCV8788,2000.0,3.0,1
2011077722,,0,,,,8.0,2
2011115050,,0,TN,T994160,1997.0,6.0,1
2011104375,,0,PA,XBE2211,2011.0,3.0,2
2011113388,,0,ME,1449457,2013.0,7.0,1
2011118738,,0,,,,3.0,2
2011019461,,0,AL,AD74571,2011.0,7.0,2
2011024583,,0,ME,14TRL48425,2012.0,7.0,2
2011128956,,0,ME,1482146,2011.0,7.0,1
2011036703,,0,IN,SE258AAL,2012.0,7.0,1
2011131153,,0,PA,PT0867H,2012.0,7.0,2
2011005381,,0,ME,1467150,2014.0,7.0,1
2011077506,,0,PA,PT3502S,9999.0,7.0,2
2011096083,,0,MO,PN8648,2012.0,7.0,2
2011010449,,0,PA,XS88518,2011.0,7.0,2
2011024125,,0,MO,PRO736,2007.0,7.0,1
2011091400,,0,TN,U088521,2012.0,7.0,2
2011081028,,0,PA,XM25975,2011.0,3.0,1
2011070388,,0,ME,1847323,2010.0,7.0,1
2011026628,,0,OH,TLP4676,2011.0,7.0,1
2012004765,,0,,,,7.0,2
2011116905,,0,FL,J170PZ,1999.0,3.0,2
2011029444,,0,,,,7.0,1
2011065017,,0,PA,XDC6769,2011.0,8.0,2
2011065980,,0,NJ,YZ13,2012.0,8.0,2
2011106686,,0,NJ,THD29Y,2008.0,7.0,2
2011134951,,0,TN,T972735,9999.0,7.0,1
2011086523,,0,NJ,THP93W,2012.0,6.0,1
2011132987,,0,PA,XBH2362,2011.0,3.0,1
2011013947,,0,ME,1638125,2016.0,7.0,1
2011063389,,0,PA,PT5593K,2004.0,6.0,1
2011129235,,0,,,,7.0,1
2011114748,,0,OK,7078DJ,12.0,6.0,1
2011094325,,0,NJ,THC78K,2012.0,6.0,1
2011114545,,0,NJ,THX34S,2012.0,6.0,2
2011115662,,0,NY,2490C6,2016.0,7.0,2
2011060268,,0,ME,1378512,1998.0,7.0,1
2011097336,,0,PA,PT1633M,2011.0,7.0,2
2011071606,,0,DE,T64269,2012.0,3.0,1
2011050124,,0,TN,UO42154,2011.0,7.0,1
2011107273,,0,IL,428095ST,2012.0,7.0,2
2011049586,,0,IL,T360366,2011.0,6.0,6
2011091022,,0,,,,8.0,2
2011091022,,0,,,,8.0,3
2011132033,,0,PA,XS37920,2013.0,3.0,2
2011131315,,0,RI,24008,,6.0,2
2011012337,,0,PA,1913-515,2011.0,1.0,2
2011061804,,0,PA,XN2702Y,,3.0,3
2011048412,,0,OK,1596EV,2011.0,6.0,1
2011079992,,0,ME,1398829,2011.0,7.0,1
2011079992,,0,TN,T540627,2011.0,6.0,2
2011106006,,0,IL,421098ST,2011.0,7.0,3
2011009477,,0,TN,TN410409,2011.0,7.0,1
2011009477,,0,PA,PT5434L,2011.0,7.0,2
2011135602,,0,WV,C279085,2007.0,6.0,2
2012011928,,0,IL,T474721,,7.0,1
2012002564,,0,,,,8.0,2
2011062993,,0,ME,1663027,2011.0,7.0,2
2011091405,,0,TN,T671237,2011.0,7.0,1
2011007673,,0,PA,XW52203,2011.0,7.0,1
2011087487,,0,IL,18234ST,2011.0,6.0,3
2011038763,,0,PA,PT5437L,2012.0,7.0,1
2011038198,,0,OK,2IL5IG,,7.0,2
2011048560,,0,NE,192631,2011.0,7.0,1
2011121958,,0,PA,XK76439,2013.0,3.0,2
2011120536,,0,TN,U154045,2020.0,7.0,2
2011098657,,0,PA,XV17639,2008.0,8.0,1
2011089863,,0,PA,NONE,2011.0,3.0,1
2011128187,,0,MI,RA72805,2012.0,7.0,1
2011112367,,0,TX,FBR1954,2012.0,3.0,1
2011064207,,0,PA,XDR1166,2007.0,9.0,2
2011044562,,0,,,,7.0,1
2011030347,,0,ZZ,00,2011.0,7.0,2
2011074288,,0,NY,BA20057,2012.0,1.0,1
2011122027,,0,,,,8.0,2
2011083001,,0,CO,652JDC,2011.0,7.0,1
2011082929,,0,ME,1212179,2012.0,7.0,2
2011102167,,0,NJ,T97U8S,2012.0,6.0,2
2011031704,,0,PA,XBH6823,2011.0,6.0,2
2011122998,,0,ME,12125467A,2099.0,7.0,1
2011081470,,0,PA,XGD7441,2012.0,6.0,2
2011072424,,0,PA,XP46627,2012.0,3.0,2
2011129350,,0,PA,XFZ4373,2015.0,3.0,2
2011092697,,0,PA,XL38597,2012.0,3.0,2
2011117306,,0,PA,XL51657,1965.0,7.0,1
2012008056,,0,IL,IS4-343,2000.0,7.0,1
2011090703,,0,OK,5577DF,2012.0,7.0,1
2011104554,,0,ZG,072803,2011.0,7.0,2
2011078076,,0,IL,279870ST,2011.0,7.0,1
2011032038,,0,IL,T298095,,7.0,1
2012013312,,0,PA,NONE,2013.0,8.0,1
2011047161,,0,PA,GVG-6492,2011.0,1.0,2
2011117457,,0,PA,XCX2514,2012.0,7.0,1
2011134333,,0,SC,PT69752,2012.0,7.0,2
2011072912,,0,PA,PT3695R,2011.0,7.0,1
2011051464,,0,PA,XP22493,2011.0,3.0,2
2012000962,,0,NY,2751B1,2012.0,7.0,1
2011134929,,0,PA,PT0843J,2006.0,7.0,1
2011078825,,0,PA,XFK-3693,2007.0,3.0,2
2012004827,,0,QC,IZB520C,,6.0,1
2011082516,,0,MA,72E5Q397,,7.0,1
2011115949,,0,OR,6246GT,9999.0,7.0,3
2012020996,,0,,,,7.0,2
2011082119,,0,IN,P208322,2099.0,7.0,1
2011082119,,0,PA,XFV9022,2012.0,3.0,4
2011040662,,0,PA,PT9427N,2011.0,7.0,1
2011047314,,0,NJ,B4B3B,,6.0,1
2011124469,,0,PA,XFS4829,,3.0,1
2011030487,,0,PA,PT1459P,2011.0,6.0,1
2011058463,,0,IN,P206449,2011.0,7.0,1
2011070743,,0,IL,T397875,2007.0,7.0,3
2011070585,,0,OH,TNV4169,2011.0,7.0,2
2011027824,,0,OH,TNM5234,1997.0,7.0,2
2011046086,,0,ME,1840460,2009.0,7.0,1
2011135609,,0,TN,U088077,2012.0,7.0,1
2011099747,,0,PA,PT4188H,2012.0,7.0,1
2011087918,,0,,,,7.0,1
2011053131,,0,OH,TNJ3136,2011.0,7.0,1
2011090745,,0,PA,XL38561,2014.0,3.0,1
2011129900,,0,TN,U136372,2000.0,7.0,2
2011125775,,0,PA,PT7781N,2012.0,7.0,2
2011081043,,0,PA,XY25983,2011.0,3.0,1
2011111231,,0,DE,DET40298,2011.0,8.0,1
2011088036,,0,,,,1.0,1
2011056643,,0,ME,1563819,2015.0,6.0,1
2011085554,,0,,,,7.0,3
2011079888,,0,MI,A528370,2011.0,7.0,1
2011117623,,0,NJ,TJB52H,2012.0,7.0,2
2011076081,,0,PA,YAC1643,2011.0,2.0,2
2011100965,,0,PA,XFG3551,2012.0,8.0,1
2011081475,,0,IL,T333854,2012.0,7.0,1
2011009055,,0,TN,Z07873,2014.0,7.0,2
2011076277,,0,NM,,,9.0,2
2011134088,,0,IN,P69829,2011.0,7.0,2
2011057145,,0,IN,P184374,2011.0,7.0,2
2011012238,,0,IL,T390329,2011.0,7.0,3
2011010374,,0,ON,999999999999,9999.0,7.0,1
2011111281,,0,ZZ,NONE,2000.0,1.0,1
2011076387,,0,PA,XFG3824,2011.0,7.0,1
2011064076,,0,,,,9.0,1
2011063863,,0,PA,NONE,2012.0,8.0,1
2011046982,,0,ME,I363H5,,7.0,1
2011080282,,0,PA,XW06904,2011.0,9.0,1
2011064101,,0,,H20B463,,7.0,1
2011015747,,0,ME,1536183,2011.0,7.0,2
2011005382,,0,NJ,TGA99L,2012.0,7.0,1
2011036823,,0,ZZ,UNKNOWN,9999.0,7.0,1
2011036540,,0,ME,1331545,2012.0,7.0,2
2011042429,,0,NC,BV24815,2012.0,7.0,1
2011040535,,0,PA,XDS0008,2011.0,3.0,1
2011076256,,0,PA,XDH5144,2012.0,5.0,1
2011076256,,0,ME,1591136,2012.0,7.0,2
2011051753,,0,PA,PT3016J,2099.0,7.0,2
2011122452,,0,ZZ,UNKNOWN,2011.0,7.0,1
2011020093,,0,PA,XFD4924,2011.0,6.0,1
2011020093,,0,ME,1191650,2011.0,7.0,2
2011049439,,0,IL,T122445,2011.0,7.0,1
2011119852,,0,PA,XDP9704,12.0,6.0,1
2011030899,,0,OR,HR99712,9999.0,7.0,2
2011126629,,0,ME,2328413,2012.0,6.0,1
2011122827,,0,,,,9.0,3
2011053067,,0,ME,1358676,2011.0,7.0,2
2011068004,,0,IN,P171911,9999.0,7.0,1
2011061714,,0,NJ,JW796,,3.0,1
2011020527,,0,PA,PT8981L,2011.0,7.0,1
2011038004,,0,,,,8.0,1
2011054520,,0,PA,NO REG.,2011.0,8.0,1
2011108990,,0,PA,XDZ1870,2015.0,3.0,3
2011032753,,0,TN,U041491,,7.0,2
2011035512,,0,DE,T48674,2011.0,3.0,1
2011044439,,0,NS,THR48M,,7.0,2
2011040747,,0,NJ,TBL73T,2013.0,7.0,2
2011121308,,0,PA,XM82820,2011.0,6.0,2
2011086943,,0,ME,B162035,2012.0,7.0,1
2011068482,,0,,,,7.0,1
2011104594,,0,PA,XS43679,2012.0,6.0,1
2011009083,,0,WI,481517,2005.0,7.0,2
2011067270,,0,PA,XW59939,2005.0,7.0,1
2011112748,,0,VA,GRDYMN,2000.0,6.0,1
2011110016,,0,,,,7.0,1
2011103946,,0,PA,XFX4477,2012.0,3.0,1
2011032242,,0,ME,158006A,2011.0,7.0,2
2011050959,,0,PA,XZ94716,2011.0,7.0,2
2011029384,,0,NJ,TFU71Y,2012.0,7.0,3
2011127044,,0,PA,0MS49,,3.0,1
2011084602,,0,IL,P17626,2012.0,7.0,3
2011039939,,0,PA,XCF8734,2015.0,3.0,2
2011023405,,0,PA,PT5897R,9999.0,7.0,1
2011066565,,0,IN,P54486,2012.0,7.0,2
2011031714,,0,DE,T95108,2012.0,7.0,1
2011119252,,0,OK,5601FL,2012.0,7.0,1
2011040363,,0,,,,7.0,2
2011077734,,0,OK,4839FP,2011.0,6.0,1
2011113278,,0,T,UNI6N06,9999.0,6.0,2
2011088453,,0,GA,LE9697C,2999.0,7.0,2
2011040106,,0,PA,XM86600,,3.0,1
2011029833,,0,ME,1591079,2015.0,3.0,2
2011059984,,0,OH,1487506,2014.0,7.0,1
2011022797,,0,ME,1565527,2011.0,7.0,2
2011065271,,0,NJ,TJC98T,2011.0,7.0,2
2011112422,,0,PA,PT5552N,2099.0,7.0,1
2011050956,,0,ZZ,UNKNOWN,2099.0,7.0,1
2011052295,,0,SC,PT63779,11.0,7.0,1
2011052295,,0,TN,T492248,11.0,7.0,2
2011125513,,0,PA,XP74267,2012.0,6.0,1
2011090494,,0,,,,1.0,1
2011066172,,0,,,,7.0,1
2011135441,,0,TN,T358889,2013.0,7.0,1
2011093041,,0,,1I770834,,6.0,1
2011087860,,0,PA,XL26418,,3.0,1
2011096056,,0,PA,XCV4325,2012.0,8.0,2
2011050231,,0,PA,XDP8349,2011.0,3.0,1
2011095070,,0,PA,PT5434D,2011.0,7.0,1
2011103677,,0,PA,PT8192S,2099.0,7.0,2
2011126481,,0,PA,TBY39G,2005.0,7.0,2
2011121071,,0,PA,,2012.0,3.0,2
2011071878,,0,OH,TLN3452,2012.0,7.0,1
2011093712,,0,PA,PT8252R,9999.0,7.0,1
2011093712,,0,ME,1747910,2017.0,7.0,2
2011007221,,0,PA,PT8299H,,7.0,1
2011056825,,0,IN,P2Y696,,7.0,1
2011132351,,0,PA,XDB9804,2007.0,3.0,2
2011036875,,0,PA,YSA5779,2011.0,2.0,2
2011131807,,0,PA,PT2178B,2012.0,7.0,2
2011014296,,0,IL,T460520,2011.0,7.0,2
2011016001,,0,,,,7.0,2
2012004793,,0,ZZ,UNKNOWN,9999.0,7.0,2
2011066021,,0,NC,BZ29326,2012.0,7.0,1
2011066021,,0,ME,1266097,2012.0,7.0,2
2011030093,,0,IA,7626D3,2007.0,7.0,2
2011070193,,0,IN,P227160,,7.0,1
2011112709,,0,NJ,T97U85,2012.0,8.0,1
2011133587,,0,PA,XGG4571,9999.0,3.0,3
2011030775,,0,ZZ,UNK,9999.0,8.0,3
2011063105,,0,ME,12TLR73609,12.0,7.0,2
2011015338,,0,ZZ,UNKNOWN,2099.0,7.0,1
2011046911,,0,PA,XDL4939,2011.0,7.0,2
2011023174,,0,,,,7.0,2
2011088128,,0,PA,XFK0259,2012.0,3.0,1
2011076016,,0,PA,PT4263L,2012.0,7.0,1
2011041439,,0,MS,033292A,2012.0,6.0,1
2011058584,,0,TN,T131265,2011.0,7.0,1
2011097831,,0,,NONE,,8.0,2
2011063540,,0,PA,PA96014,2012.0,8.0,1
2011097395,,0,PA,ZCT6210,2012.0,3.0,2
2011085798,,0,PA,PT8654J,9999.0,7.0,1
2011110794,,0,NJ,TGP28M,9999.0,7.0,1
2011123000,,0,ME,23TLR35412,2099.0,7.0,2
2011009500,,0,IN,P227643,2011.0,7.0,2
2011050263,,0,PA,XFE2747,2012.0,6.0,2
2011091460,,0,PA,XFM0884,2010.0,8.0,1
2011028108,,0,PA,PT4771J,2006.0,7.0,2
2011118886,,0,NJ,T89R1R,2013.0,7.0,1
2011126042,,0,PA,PT8334B,2000.0,7.0,1
2011042575,,0,WI,356814,2011.0,6.0,2
2011052459,,0,NJ,TFK16F,9999.0,7.0,2
2011050060,,0,PA,PT85220,,7.0,1
2011066869,,0,PA,XP07415,2012.0,7.0,1
2011013305,,0,IN,1024236,2011.0,7.0,2
2011116708,,0,,,,8.0,1
2011129617,,0,TN,Z39498,2099.0,7.0,1
2011121232,,0,,NOT REQ'S,,8.0,2
2012004289,,0,,,,6.0,2
2011032913,,0,ME,1367285,2011.0,7.0,1
2011114894,,0,PA,PT48195,2011.0,3.0,1
2011030345,,0,PA,PT9276E,2011.0,6.0,2
2011085872,,0,PA,XBC4499,2016.0,6.0,1
2011067385,,0,MS,56600A,2002.0,7.0,1
2011088786,,0,PA,XDW1773,9999.0,3.0,2
2011066029,,0,ME,II6I38S4,,7.0,1
2011056602,,0,PA,XL66829,2016.0,3.0,1
2011035282,,0,ZZ,999999999999,9999.0,3.0,1
2011135219,,0,AL,41TR1948,2012.0,7.0,1
2011097835,,0,PA,PT5865H,9999.0,7.0,1
2011037900,,0,IA,8B0M90,,7.0,1
2011064883,,0,PA,PT8378R,2011.0,7.0,2
2011016749,,0,PA,PT2760H,2009.0,7.0,3
2011014343,,0,NS,PT60261,9999.0,7.0,1
2011014343,,0,PA,PT3414C,9999.0,7.0,2
2011128197,,0,ME,12-82958,2011.0,7.0,1
2011079601,,0,PA,PT7320M,9999.0,7.0,1
2011018267,,0,PA,PPWSC08,2011.0,1.0,2
2011020060,,0,ME,1471038,2011.0,6.0,2
2011039157,,0,ME,1398814,,7.0,2
2011009196,,0,ME,62366,2011.0,7.0,2
2011082650,,0,,V747SI,,7.0,1
2011044676,,0,PA,XFG3037,9999.0,3.0,3
2011125789,,0,NJ,T98M5Y,2012.0,7.0,1
2011054514,,0,IL,T448836,2011.0,7.0,1
2011067701,,0,TN,T836307,9999.0,7.0,3
2011035510,,0,PA,PT1886J,2099.0,6.0,2
2011108733,,0,,817A,,7.0,1
2011055973,,0,,,,8.0,2
2011019464,,0,ZZ,UNK,9999.0,7.0,1
2011070061,,0,TN,U063414,2007.0,7.0,1
2011067290,,0,ME,1737299,2017.0,7.0,3
2011055933,,0,NJ,THD12H,2012.0,3.0,2
2011097199,,0,ME,2837992,2013.0,7.0,3
2011133634,,0,ME,154666A,2012.0,7.0,2
2011067789,,0,NJ,T3A568,2012.0,7.0,3
2011076249,,0,PA,PT3742K,2011.0,7.0,1
2011112964,,0,WI,611486,2011.0,6.0,1
2011084982,,0,PA,XT51564,2012.0,6.0,1
2011085624,,0,ON,B1539Y,2012.0,6.0,2
2011127525,,0,NJ,T40C2H,2012.0,7.0,2
2011067273,,0,PA,YDJ2620,2012.0,8.0,1
2011108813,,0,,,,7.0,2
2011035720,,0,NJ,TCG18H,2011.0,7.0,1
2011080872,,0,PA,PT9891P,2012.0,7.0,4
2011096052,,0,MA,30848,2012.0,7.0,1
2011015801,,0,,I7I8,,7.0,2
2011113334,,0,NJ,THP82V,2013.0,7.0,1
2011032204,,0,ME,1578131,9999.0,7.0,1
2011081713,,0,PA,XFH5871,2014.0,3.0,2
2011097779,,0,MO,07A736,2012.0,7.0,2
2011119370,,0,PA,XGJ3984,2012.0,3.0,1
2011114166,,0,IN,P122881,,6.0,1
2011006605,,0,NJ,TBF56X,2013.0,7.0,1
2011035243,,0,NY,2482B3,2012.0,7.0,2
2011016942,,0,,XBS023,,6.0,1
2011052994,,0,PA,PT2850J,2011.0,7.0,1
2011052994,,0,PA,PT0327M,2011.0,7.0,2
2011100712,,0,,,,1.0,2
2011123126,,0,PA,XCV3511,2006.0,3.0,2
2011109815,,0,OK,9800EI,2011.0,7.0,1
2011021227,,0,GA,LE6153D,2011.0,7.0,1
2011016676,,0,OK,4788DX,2011.0,7.0,2
2011132029,,0,ME,1471524,2001.0,6.0,2
2011125723,,0,IL,T266330,2012.0,7.0,1
2011033815,,0,IL,T428961,,7.0,2
2011132716,,0,,Q87CH,,7.0,2
2011058880,,0,PA,XY61858,2015.0,3.0,2
2011043933,,0,VA,UNKNOWN,2011.0,9.0,1
2011050068,,0,NJ,THM14W,1992.0,3.0,1
2011116712,,0,PA,XGE5957,2016.0,6.0,2
2011065658,,0,ME,B332676,2013.0,7.0,1
2012001542,,0,ME,1533976,2015.0,7.0,2
2011075686,,0,NJ,759ZW,,7.0,1
2011100665,,0,NJ,TZ9XJM,,8.0,1
2011093533,,0,PA,PT2557G,2011.0,7.0,1
2011062006,,0,,9Q2ECW,,7.0,1
2011125022,,0,ZZ,999999999999,9999.0,3.0,1
2011071419,,0,NJ,T69W7Z,2012.0,7.0,2
2011003253,,0,PA,PT2244L,9999.0,7.0,2
2011017092,,0,ZZ,99999,2099.0,7.0,1
2011056600,,0,ZZ,999999999999,2011.0,7.0,2
2011027541,,0,NJ,THT35V,1999.0,7.0,1
2011135443,,0,IL,230853ST,2012.0,7.0,2
2011090466,,0,TN,UIB57Q,,7.0,1
2011105283,,0,ZZ,999999999999,9999.0,7.0,1
2011105283,,0,PA,XZ65013,2004.0,3.0,3
2011025431,,0,MA,15TLR91151,2011.0,7.0,1
2011026504,,0,NJ,THK66N,2011.0,7.0,1
2011098826,,0,PA,XCM3383,9999.0,6.0,2
2011128893,,0,OK,2753EQ,2011.0,7.0,1
2011023501,,0,IN,P203754,9999.0,7.0,1
2011053130,,0,OR,HR14397,9999.0,7.0,1
2011010632,,0,PA,XFP6898,2015.0,3.0,2
2011055935,,0,ZZ,UNKNOWN,2011.0,9.0,1
2011024152,,0,ME,1648313,2011.0,7.0,2
2011050962,,0,WI,552224,2011.0,7.0,1
2011103094,,0,IL,406262,2012.0,7.0,3
2011095798,,0,PA,XGH8633,2012.0,3.0,1
2011125325,,0,NJ,TFU24K,2011.0,6.0,1
2011058534,,0,NJ,TCR75S,2011.0,6.0,1
2011088119,,0,PA,XFX3724,2011.0,3.0,2
2012001546,,0,ZZ,0000,2012.0,7.0,1
2011022198,,0,NJ,T29F7G,2011.0,7.0,2
2011120438,,0,VA,347221TL,2011.0,6.0,1
2011047655,,0,PA,PT8833P,2011.0,7.0,2
2011101144,,0,ME,128955A,2012.0,7.0,1
2011057123,,0,PA,XN56279,9999.0,7.0,2
2011105505,,0,IL,3121568ST,2012.0,7.0,2
2011056171,,0,NJ,T46U5W,2012.0,7.0,2
2011027914,,0,ME,1578949,2001.0,7.0,1
2011066255,,0,,,,7.0,1
2011030485,,0,OK,7435CI,2011.0,7.0,1
2011049368,,0,DE,T76000,2012.0,7.0,1
2011024499,,0,,,,3.0,1
2011108674,,0,PA,PT7203L,2011.0,7.0,1
2011118517,,0,,,,7.0,2
2011033422,,0,,,,7.0,1
2011024574,,0,PA,XFD2784,2011.0,7.0,1
2011095797,,0,ME,1742025,2008.0,7.0,1
2011071242,,0,ME,13TLR55407,2012.0,7.0,1
2011107217,,0,NJ,TKD99V,2001.0,3.0,1
2011039659,,0,PA,XFT1143,2015.0,3.0,1
2011106099,,0,,NO TAG,,1.0,1
2011050182,,0,PA,XT16609,2012.0,3.0,2
2011090748,,0,MI,B467472,2012.0,7.0,2
2011084736,,0,IL,P603238,2012.0,6.0,2
2012003905,,0,IA,TF7078,2011.0,6.0,1
2011027343,,0,PA,XDN3443,2011.0,7.0,1
2011027343,,0,PA,XDW2882,2011.0,3.0,3
2011007248,,0,PA,XDZ1723,2011.0,7.0,1
2011067787,,0,VA,596289TR,2011.0,7.0,2
2011050904,,0,DE,T10662,2011.0,6.0,1
2011019782,,0,VA,934756,2002.0,7.0,2
2011072268,,0,PA,XBA2018,2011.0,3.0,1
2011082665,,0,MI,C0477W,,7.0,1
2011055472,,0,PA,PT6994C,2004.0,7.0,3
2011053129,,0,PA,XS45083,2012.0,7.0,1
2011076576,,0,PA,XCR8279,2012.0,6.0,2
2011102948,,0,ME,1496945,2011.0,6.0,1
2011014239,,0,PA,TGH21W,2011.0,7.0,3
2011074914,,0,PA,XDC6877,2013.0,3.0,1
2011021618,,0,OK,3390DU,2011.0,7.0,1
2011076903,,0,PA,PT0974K,2012.0,7.0,2
2011072889,,0,ZG,154QMBN,,6.0,1
2011108864,,0,MD,S02FI3,,6.0,1
2011120663,,0,ME,1689763,2016.0,6.0,2
2011134796,,0,,,,7.0,1
2011125376,,0,PA,PT1241K,9999.0,7.0,2
2011043537,,0,IN,P137763,2011.0,7.0,2
2011124396,,0,PA,ZDE1357,,3.0,1
2011040748,,0,ME,1384397,2011.0,7.0,2
2012002214,,0,ZZ,UKNOWN,2099.0,9.0,1
2011026142,,0,NJ,TJE69W,2011.0,7.0,2
2011029232,,0,MD,649708G,2011.0,6.0,2
2011053124,,0,NJ,TCF12W,2099.0,7.0,1
2011070340,,0,TN,T986354,2011.0,7.0,2
2011045974,,0,IN,P21027,2012.0,7.0,1
2011093632,,0,OK,9826EB,2011.0,7.0,1
2011069672,,0,PA,PT3293F,2014.0,7.0,1
2011076465,,0,PA,XGD4939,2012.0,3.0,1
2011062985,,0,VA,272673TL,2012.0,7.0,2
2011029201,,0,,,,8.0,2
2011121370,,0,PA,33865MG,9999.0,7.0,1
2011043660,,0,ME,129899B,2012.0,7.0,2
2011121305,,0,ME,1484607,2014.0,7.0,1
2011012631,,0,MI,B851871,2012.0,7.0,2
2011104437,,0,PA,XBB6582,,3.0,2
2012001292,,0,ME,1443873,2014.0,7.0,4
2011014774,,0,ME,1298472,2012.0,7.0,2
2012022618,,0,,,,9.0,1
2011068639,,0,PA,XCB4574,2005.0,3.0,1
2011132211,,0,IL,T419388,2012.0,7.0,3
2011076614,,0,ZZ,999999999999,9999.0,7.0,1
2011020252,,0,PA,XDR1008,2011.0,3.0,2
2011027184,,0,NY,AP46165,2011.0,7.0,3
2011050235,,0,PA,XFD4279,2011.0,3.0,2
2011081474,,0,NJ,TCF13W,2012.0,7.0,1
2011056714,,0,NE,149028,2005.0,7.0,2
2012004264,,0,IN,P75W3,,7.0,2
2011073649,,0,PA,XGC9048,2012.0,5.0,2
2012001298,,0,MI,C005900,2012.0,7.0,1
2011053852,,0,ME,1751119,2012.0,3.0,2
2011126663,,0,PA,999999,2011.0,8.0,2
2012009564,,0,PA,XCM1335,2011.0,3.0,1
2011121779,,0,PA,PT4210N,2012.0,7.0,2
2011038682,,0,PA,XFR8990,2015.0,6.0,2
2011124952,,0,PA,XFX4337,2012.0,6.0,1
2011060137,,0,PA,XDP2618,2011.0,7.0,1
2011112320,,0,ME,I6IZ03I,,7.0,1
2011120871,,0,,,,7.0,1
2012020946,,0,,,,7.0,2
2011030839,,0,PA,PT2910N,9999.0,7.0,2
2012002211,,0,ME,B114230,2012.0,7.0,2
2011079834,,0,PA,XFE8941,2015.0,3.0,1
2011121226,,0,ME,1696641,2016.0,7.0,1
2011040331,,0,,,,8.0,2
2011106224,,0,MC,XS8S65,,7.0,1
2011097948,,0,PA,999999999999,2011.0,7.0,1
2011011027,,0,RI,TRL31657,2011.0,7.0,1
2012011820,,0,ME,2037570,2012.0,7.0,2
2011050674,,0,PA,XX31226,2012.0,7.0,2
2011056414,,0,,????????????,,7.0,2
2011119380,,0,PA,XGK0681,2012.0,3.0,3
2011076736,,0,OH,TPK1980,2011.0,6.0,2
2011048830,,0,NJ,TDP21S,2012.0,7.0,2
2011042216,,0,PA,XZ-70735,2011.0,7.0,1
2011053265,,0,ZZ,NONE,9999.0,8.0,2
2012022587,,0,PA,HXBY8Z,,2.0,1
2011005923,,0,NJ,TFU71K,2011.0,6.0,2
2011032888,,0,IN,P96775,2011.0,7.0,1
2011032888,,0,IL,T314507,2011.0,7.0,2
2011066627,,0,PA,HRZ7978,2012.0,1.0,2
2011083345,,0,PA,4FY0860,,3.0,3
2011085880,,0,PA,XW20355,2011.0,3.0,2
2011026101,,0,PA,HDF-2649,2011.0,1.0,2
2011108599,,0,IL,293340ST,2012.0,6.0,3
2011049660,,0,,,,7.0,1
2011095469,,0,,P2S7DOI,,6.0,2
2011111288,,0,VA,9673ZE,2012.0,3.0,1
2011059444,,0,IL,263709ST,2012.0,7.0,4
2012022228,,0,,,,7.0,2
2011110996,,0,NJ,VDN61J,2013.0,1.0,2
2011098540,,0,PA,J90354J,2012.0,3.0,1
2011078102,,0,ME,2231493,2012.0,7.0,1
2011078102,,0,PA,XFY6889,2012.0,3.0,2
2011004911,,0,IN,P173859,9999.0,7.0,1
2011084105,,0,PA,XFP-8737,1995.0,8.0,2
2011105915,,0,PA,XT12012,2012.0,3.0,2
2011072333,,0,NE,183287,2011.0,7.0,1
2011118187,,0,,XN02I7O,,3.0,2
2011096852,,0,PA,HV9050,9999.0,2.0,1
2011125150,,0,NJ,TEY31N,2099.0,7.0,1
2011083579,,0,IN,P1036919,2012.0,7.0,2
2011094533,,0,TN,T191768,12.0,7.0,2
2011095467,,0,MO,PA86468,,6.0,2
2011077710,,0,PA,XBA7705,2011.0,6.0,2
2011127393,,0,NJ,TBK51T,2099.0,7.0,2
2011119375,,0,IN,P207712,2012.0,7.0,1
2011116088,,0,ME,1737288,2012.0,7.0,2
2011049416,,0,PA,XZ18618,2012.0,3.0,1
2011126798,,0,,,,7.0,2
2011129168,,0,NJ,TJS59X,2012.0,3.0,1
2011042690,,0,ZZ,9999999,2012.0,7.0,1
2011013967,,0,PA,XFR1599,2011.0,3.0,1
2011134925,,0,PA,PT3554E,2012.0,7.0,1
2011078084,,0,PA,PT4605G,2012.0,6.0,1
2011103971,,0,PA,XCC5501,2016.0,3.0,1
2011056492,,0,,,,3.0,2
2011095985,,0,PA,XS65144,2011.0,3.0,1
2011133466,,0,ME,615998,2012.0,7.0,2
2011030863,,0,PA,XFT2050,2011.0,8.0,2
2011116056,,0,PA,PT6509N,2012.0,7.0,2
2011113082,,0,PA,PT9898P,2012.0,7.0,2
2011053125,,0,NY,AP67027,2011.0,7.0,1
2011036012,,0,NJ,TFE96K,2011.0,3.0,1
2011023631,,0,PA,XDL8578,2011.0,7.0,1
2011091065,,0,PA,RT58266,2011.0,2.0,1
2011032873,,0,IN,P186225,2011.0,7.0,2
2011031942,,0,OR,HR57173,2099.0,7.0,2
2012004298,,0,IA,IZ66J,,6.0,1
2011034120,,0,OH,PVN6477,2011.0,7.0,2
2011032360,,0,PA,XS87206,2011.0,3.0,1
2011024427,,0,PA,XBM3306,2004.0,3.0,1
2011071049,,0,ME,1684441,2012.0,7.0,1
2011128896,,0,PA,AE42830,2011.0,7.0,1
2011104952,,0,PA,XM01013,2015.0,2.0,2
2011112667,,0,IL,T403606,2011.0,7.0,1
2011098537,,0,PA,XGM0380,2011.0,3.0,1
2011059433,,0,PA,XBH-6328,2013.0,3.0,3
2011101817,,0,PA,XBL3998,,3.0,1
2011056202,,0,IN,999999999999,9999.0,7.0,2
2011080761,,0,PA,PT0054J,2012.0,7.0,1
2012004308,,0,,,,9.0,3
2011085481,,0,,,,1.0,1
2011125786,,0,PA,PT5437L,2099.0,7.0,1
2011119293,,0,PA,PT7930P,2011.0,7.0,2
2011052511,,0,ME,2124896,2011.0,7.0,1
2011117426,,0,PA,YMH1844,2012.0,3.0,2
2011019799,,0,ZZ,UNK,9999.0,7.0,1
2011066184,,0,PA,PT92S8L,,7.0,1
2011134835,,0,PA,XS12425,2012.0,8.0,1
2011101852,,0,NJ,TEM73E,2011.0,6.0,1
2011098067,,0,,,,8.0,1
2011035516,,0,IL,T359301,2011.0,7.0,1
2011109270,,0,ON,F5209Z,2012.0,7.0,2
2011019594,,0,,,,7.0,1
2011118893,,0,OK,7552CJ,2012.0,6.0,2
2011134826,,0,OK,5070GL,,7.0,1
2011132418,,0,PA,XGL6307,2015.0,3.0,1
2011087390,,0,PA,XCV2442,2011.0,3.0,1
2011003213,,0,PA,PT8669N,2011.0,6.0,1
2011118196,,0,,,,7.0,2
2011090428,,0,PA,FR85967,,1.0,3
2011058084,,0,NY,BA20057,2009.0,3.0,1
2011098059,,0,,XFW9I5,,6.0,2
2011024651,,0,IL,TIN866,,7.0,1
2011067420,,0,PA,XGF8363,2012.0,6.0,2
2011130999,,0,PA,XGE9929,12.0,6.0,2
2011042627,,0,NE,186017,,7.0,1
2011065273,,0,MO,PX6417,2011.0,7.0,1
2012010517,,0,,HWZ8787,,1.0,3
2011039593,,0,PA,PT2320R,2011.0,7.0,2
2011080712,,0,NY,AB65470,2011.0,7.0,1
2011087124,,0,PA,XDV8836,2012.0,7.0,2
2011065508,,0,PA,PTXB40,,3.0,1
2011046007,,0,PA,XZ44786,2010.0,3.0,2
2011121464,,0,,,,7.0,2
2011066463,,0,PA,XCC2623,2012.0,3.0,2
2011067766,,0,NJ,T60T6K,2012.0,7.0,3
2011115649,,0,ME,2237403,2022.0,7.0,1
2011075573,,0,,,,1.0,1
2011050063,,0,TN,U065818,2011.0,7.0,2
2011125778,,0,TN,U100425,2099.0,7.0,1
2011055930,,0,PA,XDD1426,2012.0,7.0,2
2011055930,,0,VA,17667TL,2099.0,7.0,3
2011087112,,0,PA,XDS1693,2008.0,7.0,2
2011083009,,0,ZZ,UNKNOWN,9999.0,7.0,1
2011124678,,0,PA,PT7288D,2012.0,7.0,2
2011109572,,0,PA,XDX6466,2011.0,6.0,1
2011109572,,0,PA,PT7286H,2011.0,7.0,2
2011065342,,0,PA,GYG6435,2011.0,1.0,2
2011135439,,0,NJ,TGB28S,2013.0,7.0,1
2011135439,,0,VA,113045TL,2013.0,7.0,2
2011043794,,0,PA,XFG2009,2012.0,6.0,1
2011133344,,0,ME,1266373,2012.0,7.0,1
2011053883,,0,AZ,W23281,2011.0,7.0,1
2011063639,,0,NJ,TDA37G,2012.0,7.0,1
2011134629,,0,MI,B741165,2011.0,7.0,1
2011034939,,0,PA,PT4325R,2011.0,7.0,1
2011060647,,0,IN,Z78256,2012.0,7.0,1
2011065663,,0,PA,XFC1256,2012.0,3.0,2
2011059051,,0,WI,588479,2011.0,7.0,1
2011036134,,0,ME,1684475,,7.0,1
2011101229,,0,PA,XP14919,2012.0,3.0,2
2011073835,,0,NJ,THZ73X,2006.0,7.0,2
2011032659,,0,NC,PT70249,2008.0,7.0,2
2011134086,,0,ZZ,UNK,2012.0,1.0,1
2011104203,,0,OK,7795FZ,2009.0,7.0,2
2012006957,,0,OK,1P9970,2011.0,3.0,2
2011107813,,0,IL,T466400,2012.0,6.0,2
2011085755,,0,PA,WL17620,2012.0,7.0,1
2012040372,,0,,,,7.0,3
2012100375,,0,PA,PT21398,,7.0,2
2012044474,,0,PA,XL53570,2012.0,3.0,1
2012047277,,0,ZZ,999999999999,9999.0,7.0,2
2012066509,,0,,0W0J8,,8.0,1
2012044330,,0,PA,AF06647,2012.0,7.0,1
2012064289,,0,PA,XGR8525,2012.0,6.0,2
2012080548,,0,OH,TLG2766,2013.0,7.0,1
2012058643,,0,VA,227660TL,9999.0,6.0,2
2012038895,,0,,J7129N,,6.0,1
2012044118,,0,ME,1849026,2012.0,7.0,1
2012117361,,0,E,TC5Y8W,,7.0,2
2012110325,,0,ME,B382588,2001.0,6.0,3
2012126762,,0,PA,GYS0546,,3.0,1
2012022385,,0,PA,XS19504,2012.0,7.0,2
2012098660,,0,NJ,TJS60B,2011.0,6.0,1
2012123346,,0,,,,8.0,2
2012095130,,0,PA,XFE-2546,,3.0,2
2013009119,,0,IA,TJ7169,2013.0,6.0,2
2012012973,,0,PA,PT8811H,2012.0,7.0,2
2012055781,,0,ZZ,UNKNOWN,9999.0,7.0,1
2012067319,,0,ME,1768184,2012.0,7.0,1
2012036658,,0,ME,1458519,2014.0,7.0,2
2012051734,,0,ME,14TLR68792,2099.0,7.0,1
2012046145,,0,PA,XFY5378,2012.0,,1
2012102836,,0,IL,172268ST,2013.0,7.0,1
2012048516,,0,PA,TROLL,2012.0,1.0,1
2012063488,,0,PA,XDM5759,1999.0,3.0,1
2012025385,,0,ZZ,999999999999,9999.0,1.0,1
2012091008,,0,IN,P233825,2099.0,7.0,1
2012114500,,0,ME,1333128,2013.0,7.0,3
2012013664,,0,OK,9807FI,2012.0,6.0,3
2012121689,,0,OK,3164JS,2006.0,7.0,1
2012099913,,0,TN,T941693,2006.0,6.0,1
2012042027,,0,PA,XCZ7903,2013.0,3.0,1
2012130459,,0,PA,PT2219R,9999.0,7.0,2
2012043053,,0,PA,XL25591,2015.0,6.0,2
2012128841,,0,PA,PT310T,9999.0,7.0,1
2012052830,,0,IL,T282037,2012.0,7.0,1
2012098227,,0,,Y,,1.0,2
2012048788,,0,ZZ,99999,,7.0,1
2013017332,,0,PA,PA3158A,2013.0,8.0,2
2012090349,,0,TN,U146727,,7.0,1
2012026267,,0,,,,9.0,3
2012129825,,0,PA,PT7757R,2099.0,7.0,1
2012007714,,0,ME,1370047,2005.0,7.0,2
2012050232,,0,PA,XR84099,1993.0,3.0,2
2012038859,,0,PA,XGC1123,2012.0,3.0,3
2012064525,,0,PA,XCX7198,2003.0,8.0,1
2012037225,,0,NJ,THK68L,2013.0,3.0,1
2012120087,,0,,TACS73,,7.0,3
2012036277,,0,NJ,TFU71K,2009.0,6.0,3
2012055260,,0,PA,FPB1849,2013.0,1.0,2
2012044078,,0,GA,LE6045F,2009.0,7.0,1
2012131301,,0,PA,XGS6472,2006.0,7.0,1
2012032540,,0,OK,1096JH,2012.0,7.0,2
2012100441,,0,TN,T671269,2013.0,7.0,2
2012017386,,0,PA,XFT7915,11.0,3.0,1
2012110526,,0,PA,PT03995,2013.0,7.0,2
2012058363,,0,NJ,THG85J,2014.0,6.0,1
2013002034,,0,IN,P269711,2013.0,7.0,2
2012047061,,0,PA,XFR9865,2013.0,3.0,2
2012003815,,0,PA,XDA6270,2012.0,7.0,2
2012091088,,0,MD,1001JG,2012.0,6.0,1
2012119940,,0,NJ,TDF27U,2012.0,6.0,2
2012026919,,0,PA,XFV3083,2010.0,6.0,1
2012083811,,0,PA,PT2005V,9999.0,7.0,2
2012094728,,0,NJ,THT740,2012.0,7.0,2
2012066743,,0,,,,8.0,2
2012121889,,0,IL,458288ST,2013.0,7.0,2
2012054961,,0,PA,XFN6566,2013.0,3.0,1
2012073564,,0,PA,88YW60,9999.0,3.0,1
2012018574,,0,NJ,T6S828,2012.0,7.0,2
2012060433,,0,PA,XS85150,2012.0,7.0,2
2012031516,,0,,,,9.0,1
2012031516,,0,NJ,THL84L,2007.0,6.0,2
2012031870,,0,PA,UNKNOWN,2012.0,6.0,3
2012125668,,0,IL,403771ST,2012.0,7.0,1
2012067467,,0,ME,1380295,2013.0,7.0,1
2013015658,,0,PA,XS92933,2013.0,7.0,3
2012094697,,0,NJ,TJJ35U,2099.0,7.0,2
2012000689,,0,MD,161457A,2012.0,7.0,1
2012095722,,0,PA,XHC7226,2013.0,3.0,3
2012126001,,0,,,,9.0,2
2012098335,,0,I,1,,,1
2012074003,,0,PA,XGJ8378,2012.0,3.0,2
2012098209,,0,,,,9.0,1
2012119652,,0,OK,8223AB,1989.0,7.0,2
2012020849,,0,NJ,T65N6T,2001.0,7.0,2
2012117229,,0,,,,9.0,1
2012114555,,0,OK,9641EB,2013.0,7.0,1
2012078612,,0,ME,I66B269,,7.0,1
2012065498,,0,NJ,TKJ26B,2013.0,7.0,2
2012120381,,0,IN,P228055,2011.0,7.0,1
2012101982,,0,NC,AA53129,2012.0,7.0,1
2012016367,,0,PA,MP43950,2000.0,6.0,1
2013044318,,0,PA,PT6355M,2009.0,6.0,2
2012039284,,0,NJ,TFJ23W,2016.0,7.0,1
2012061373,,0,QC,RX40367,2012.0,7.0,1
2012112794,,0,PA,YCL2703,2013.0,6.0,2
2012051311,,0,PA,PT6860M,2009.0,6.0,2
2012023231,,0,PA,PT4886L,2012.0,7.0,1
2013003228,,0,NC,AA93499,2013.0,7.0,1
2012072572,,0,ME,1459164,2013.0,7.0,1
2012034410,,0,PA,XV06710,2012.0,3.0,1
2012056361,,0,ME,1842407,2018.0,7.0,2
2012029553,,0,ME,1669281,2099.0,7.0,2
2012060762,,0,,,,9.0,99
2012056196,,0,TN,U231469,2013.0,3.0,2
2012064786,,0,,,,8.0,1
2012088249,,0,NJ,T25W8Z,2015.0,7.0,1
2012121763,,0,ME,1847915,,6.0,1
2012012149,,0,ME,1841213,2012.0,7.0,1
2012109043,,0,NJ,T96V6G,2012.0,7.0,1
2012015499,,0,,,,7.0,1
2012127308,,0,PA,XFW7316,2005.0,3.0,2
2012026946,,0,NJ,TKR90E,12.0,7.0,1
2012123977,,0,NJ,TLJ97Y,2016.0,7.0,3
2012022523,,0,IL,T411912,2012.0,7.0,1
2012034003,,0,IL,405129,2012.0,7.0,2
2012035061,,0,FL,BBQZ03,2012.0,6.0,2
2012012447,,0,TN,T196831,2012.0,7.0,2
2012097250,,0,NJ,T70E7B,13.0,7.0,2
2012089864,,0,OK,8525HB,2004.0,7.0,1
2012049861,,0,OK,7979AB,,7.0,1
2012024506,,0,PA,XFA9636,2001.0,6.0,2
2012080849,,0,,,,3.0,2
2012095390,,0,,,,9.0,1
2012095390,,0,,,,9.0,2
2012095390,,0,,,,9.0,3
2012095390,,0,,,,9.0,4
2012042561,,0,MA,697I94,9999.0,7.0,1
2012067739,,0,MD,996464G,2013.0,6.0,2
2012022405,,0,NJ,TKB95K,2015.0,7.0,1
2012048764,,0,ME,2418165,2024.0,7.0,1
2012057776,,0,PA,XCG2274,2013.0,3.0,1
2012073002,,0,ME,1557057,2012.0,6.0,1
2012044769,,0,PA,XCE1966,2012.0,6.0,1
2012103308,,0,PA,XCW6447,2013.0,3.0,1
2012046895,,0,,,,8.0,1
2012026793,,0,PA,999999999999,9999.0,7.0,1
2012100151,,0,PA,THG65Y,2012.0,6.0,1
2012114724,,0,PA,PT9321P,2099.0,7.0,2
2012015442,,0,,,,3.0,1
2012084869,,0,,,,3.0,2
2012109887,,0,,,,9.0,1
2012083119,,0,,,,3.0,2
2012005427,,0,PA,XFX6496,2012.0,6.0,1
2012091038,,0,ME,1324427,2013.0,7.0,1
2012086597,,0,ME,1756857,2017.0,7.0,2
2012106725,,0,ME,284135Y,12.0,7.0,1
2012085079,,0,PA,PT7436T,2012.0,6.0,1
2012122388,,0,,,,2.0,2
2012034838,,0,NY,1529C6,2011.0,7.0,2
2012117217,,0,TN,U369J85,,6.0,1
2013003881,,0,PA,PT8965Y,,6.0,1
2012066028,,0,FL,C0086Y,2007.0,6.0,2
2012083931,,0,CT,V87689,2012.0,7.0,3
2012069059,,0,ME,1750527,2017.0,7.0,1
2012113448,,0,ME,1744091,2012.0,6.0,2
2012103314,,0,PA,PT55119T,2013.0,7.0,2
2012103314,,0,NJ,TDU98Z,2013.0,7.0,3
2012031596,,0,MN,8747STH,2099.0,7.0,2
2012087822,,0,PA,PT842N,9999.0,7.0,1
2012099130,,0,ZZ,UNKNOWN,2013.0,9.0,2
2012117470,,0,ME,B249387,12.0,6.0,1
2012035880,,0,PA,PT7358S,2012.0,6.0,1
2012128836,,0,PA,XDZ2833,2012.0,8.0,1
2012113554,,0,TN,U153024,2013.0,7.0,2
2012126502,,0,ME,1918906,2013.0,7.0,2
2012005132,,0,ME,2329831,2012.0,7.0,1
2012088466,,0,ME,1693074,2016.0,7.0,2
2012088674,,0,NJ,T938061,1992.0,7.0,1
2012111670,,0,,,,9.0,3
2012111670,,0,,,,9.0,4
2012111670,,0,,,,9.0,5
2012077484,,0,PA,XGS1453,2012.0,6.0,2
2012019001,,0,PA,PT2917P,9999.0,7.0,1
2012096108,,0,,,,7.0,2
2012073329,,0,TN,T419158,2099.0,7.0,2
2012054490,,0,PA,XDM8066,2012.0,3.0,3
2012121704,,0,PA,XJC7809,2013.0,6.0,2
2012014447,,0,WI,617466,2012.0,6.0,1
2012083658,,0,ME,1785746,2013.0,7.0,2
2012080321,,0,NJ,TKT26U,2012.0,7.0,2
2012107692,,0,PA,X669863,,3.0,1
2012012411,,0,NJ,THX27A,2012.0,7.0,1
2012034005,,0,OR,HU46232,2012.0,7.0,2
2012126913,,0,PA,PT4998C,9999.0,7.0,1
2012055943,,0,VA,81228TR,2012.0,7.0,2
2012091005,,0,ME,161427A,2016.0,3.0,2
2012075153,,0,,XMMM68,,7.0,2
2012049617,,0,ON,E1945L,2012.0,7.0,2
2012038463,,0,PA,XV21755,414.0,6.0,2
2012065384,,0,PA,XFC-7426,2012.0,7.0,1
2012065356,,0,PA,XFD4371,2012.0,3.0,1
2012046246,,0,TN,T540643,2012.0,6.0,2
2012054317,,0,PA,PT6260E,9999.0,7.0,3
2012036506,,0,TN,T393190,2012.0,7.0,2
2012090024,,0,SD,89090,2012.0,6.0,1
2012070299,,0,PA,PT5913C,2013.0,7.0,3
2012063559,,0,PA,XBL1784,2013.0,3.0,2
2012126128,,0,PA,XV15568,2013.0,7.0,2
2012047819,,0,ME,13TLR77691,2012.0,7.0,2
2012115144,,0,PA,PT4438H,2013.0,7.0,1
2012014660,,0,ME,153048A,2012.0,7.0,1
2012075465,,0,ME,2140466,2012.0,7.0,1
2012075465,,0,PA,XY91584,2012.0,7.0,2
2012113394,,0,PA,XFX4497,2016.0,3.0,1
2012073133,,0,PA,XGE1153,2012.0,3.0,2
2012097143,,0,OK,7813E2,2012.0,7.0,2
2012063578,,0,PA,PT0651S,2099.0,7.0,1
2012082564,,0,TN,T714146,2005.0,6.0,1
2012110984,,0,OK,3335GT,2012.0,3.0,1
2013045971,,0,PA,XDD1411,2013.0,3.0,2
2013007237,,0,ZZ,UNKNOWN,9999.0,7.0,1
2012109875,,0,,,,3.0,2
2012034143,,0,PA,PT4840P,2012.0,6.0,1
2012120427,,0,TN,X99867,2013.0,7.0,1
2012077953,,0,,,,7.0,1
2012054387,,0,ME,B181610,2012.0,7.0,1
2012122209,,0,IL,T352050,2013.0,7.0,1
2012087937,,0,ME,1449701,2012.0,7.0,2
2012069407,,0,PA,XY02948,2013.0,8.0,3
2012127092,,0,NJ,T85W6S,,7.0,2
2012071070,,0,NJ,THT60W,2012.0,6.0,2
2012127434,,0,ME,1755543,2012.0,3.0,1
2012030527,,0,,,,3.0,1
2013008510,,0,,,,8.0,3
2012095423,,0,,,,7.0,2
2012082642,,0,PA,PT7320D,,7.0,1
2012012975,,0,TN,T294720,2012.0,7.0,2
2012116944,,0,ME,1942302,2013.0,7.0,1
2012119168,,0,PA,XDV8753,2013.0,6.0,3
2012129961,,0,TX,ZRI02,9999.0,7.0,2
2012080552,,0,NJ,TJV32K,2013.0,3.0,2
2012126095,,0,PA,PT3267P,2013.0,7.0,2
2012056846,,0,ME,13TR38651,2013.0,7.0,3
2012122794,,0,IL,374924ST,2012.0,7.0,1
2012058578,,0,PA,PT9803H,2013.0,7.0,1
2012058578,,0,PA,PT642IN,2013.0,7.0,2
2012106543,,0,PA,PT9373G,2099.0,6.0,1
2012106543,,0,TN,T213472,2099.0,7.0,2
2012064103,,0,PA,NONE,2012.0,8.0,2
2012089427,,0,PA,GTV6746,2013.0,1.0,2
2012089427,,0,PA,ZCJ6193,2013.0,1.0,3
2012049260,,0,,,,8.0,1
2012056661,,0,PA,FT4QDG,,1.0,1
2012056661,,0,,4M32K,,1.0,2
2012047326,,0,PA,XGL6531,2008.0,3.0,2
2012088805,,0,PA,XW89325,2013.0,6.0,1
2012053638,,0,PA,PT0141S,2012.0,7.0,2
2012115902,,0,,,,1.0,2
2012069464,,0,PA,XCY4189,2012.0,6.0,2
2012121700,,0,SC,PV53796,2013.0,7.0,2
2012033802,,0,PA,XCY7782,2012.0,3.0,2
2012114221,,0,ZZ,UNKNOWN,9999.0,6.0,1
2012101147,,0,PA,XS 43655,2013.0,3.0,1
2012034292,,0,NJ,TCJ58J,2013.0,7.0,1
2012034292,,0,PA,XDA0563,2013.0,7.0,2
2012128192,,0,,,,9.0,1
2012128192,,0,,,,9.0,2
2012042091,,0,ZZ,999999999999,9999.0,7.0,2
2012015228,,0,OR,HR99717,,7.0,2
2012006282,,0,IL,P120659,2012.0,7.0,1
2012067320,,0,NJ,TFA84E,2012.0,7.0,1
2012026777,,0,ME,B251659,,7.0,1
2012081391,,0,PA,XCH7300,2012.0,3.0,4
2012122613,,0,PA,PT4565L,2012.0,7.0,1
2012040801,,0,IN,9925157,2002.0,7.0,1
2013004418,,0,,,,2.0,1
2012044003,,0,PA,XDW4125,2012.0,7.0,1
2012059053,,0,MI,B300662,2012.0,8.0,2
2012120264,,0,PA,PT9475R,2012.0,7.0,2
2012120264,,0,FL,6638CC,2012.0,7.0,3
2012056394,,0,PA,XBH5965,2013.0,3.0,1
2012095743,,0,ME,1650488,2016.0,7.0,1
2012031652,,0,NJ,T265YY,2015.0,7.0,2
2012049521,,0,ME,1597874,2012.0,7.0,1
2012110741,,0,ZZ,UNKN,9999.0,7.0,2
2013015671,,0,PA,PT2478P,2010.0,6.0,2
2012099811,,0,MA,B37324,2012.0,6.0,1
2012122362,,0,,,,9.0,2
2012069055,,0,ME,2535932,2012.0,7.0,2
2012080962,,0,OH,TPV1804,2012.0,7.0,2
2012104458,,0,PA,PT9839F,2013.0,7.0,1
2012048451,,0,IL,181588,2012.0,7.0,1
2012039597,,0,NJ,T6J659,2012.0,7.0,1
2012019901,,0,PA,PT 8432S,2012.0,7.0,2
2012032295,,0,PA,XY17972,2012.0,7.0,1
2012096105,,0,PA,PT8022R,2011.0,7.0,2
2012028365,,0,TN,U207239,2012.0,7.0,1
2012095723,,0,PA,PT2720F,2012.0,7.0,1
2012057357,,0,ZZ,999999999999,9999.0,7.0,1
2012028032,,0,IN,P227926,2011.0,6.0,1
2012091470,,0,MD,009975X,2012.0,8.0,1
2012091470,,0,OK,4834E0,2003.0,7.0,2
2012053510,,0,PA,XR92966,2013.0,3.0,1
2012056380,,0,TN,T951711,2012.0,7.0,1
2012060628,,0,ZZ,999999999999,9999.0,7.0,1
2012109429,,0,NJ,5802BV,2013.0,7.0,2
2012095505,,0,,,,9.0,1
2012102664,,0,CA,4LE1216,,7.0,1
2012053080,,0,PA,UNKNOWN,9999.0,3.0,1
2012114246,,0,OH,TPV5979,2012.0,7.0,2
2012066730,,0,,1224Z25,,7.0,2
2012104150,,0,,T0U98Z,,6.0,2
2012040636,,0,ME,1350790,2012.0,7.0,3
2012054983,,0,NE,1821492,213.0,7.0,1
2012062989,,0,ME,2235958,2022.0,7.0,2
2012070312,,0,PA,XFK0798,2013.0,3.0,2
2012091207,,0,IL,PT53039,2012.0,7.0,1
2012077029,,0,OH,TPL2217,2013.0,6.0,2
2012050190,,0,ZZ,999999999999,9999.0,7.0,3
2012096010,,0,,,,9.0,1
2012096010,,0,,,,9.0,2
2012069666,,0,TN,U100368,2009.0,7.0,2
2012069666,,0,ME,629759,1994.0,7.0,3
2012036677,,0,IN,P66486,2012.0,7.0,1
2012110941,,0,OK,5661JF,2013.0,7.0,2
2012096183,,0,IN,P36799,2012.0,6.0,1
2012076897,,0,PA,UNKNOWN,9999.0,3.0,2
2012112161,,0,PA,PT9005G,2014.0,6.0,1
2012071909,,0,OK,2987FE,2012.0,7.0,2
2012064565,,0,IN,SP434EEE,2012.0,7.0,1
2012078023,,0,ME,1559365,2012.0,7.0,1
2012118991,,0,PA,XM89930,2013.0,7.0,1
2012061014,,0,PA,XDZ7517,2015.0,3.0,1
2012039437,,0,PA,XT70545,2013.0,6.0,1
2012075656,,0,TN,T666365,2013.0,7.0,1
2012060768,,0,NJ,T0V82V,9999.0,7.0,1
2012115585,,0,,,,9.0,1
2012012977,,0,ZZ,999999999999,9999.0,7.0,1
2012046670,,0,PA,PT0937M,999.0,6.0,2
2012102707,,0,MA,172861,2012.0,7.0,2
2012127895,,0,MO,12A407,2099.0,7.0,1
2012077908,,0,NJ,DBZ-58,2013.0,3.0,2
2012105787,,0,IN,P152033,2013.0,7.0,2
2012023235,,0,PA,XP82692,2012.0,7.0,1
2012052268,,0,PA,XGE3557Q,2013.0,6.0,1
2012041852,,0,IN,P139610,2012.0,7.0,1
2013000092,,0,NJ,THX43H,2015.0,6.0,2
2012091571,,0,PA,FMR0748,2012.0,1.0,2
2012063419,,0,IL,3576935T,2012.0,7.0,2
2013014265,,0,PA,GHD5253,2013.0,1.0,1
2013014265,,0,PA,PZJ128C,2013.0,2.0,2
2013014265,,0,PA,DA0742,2013.0,1.0,3
2012055030,,0,PA,XFG0636,2013.0,6.0,2
2012069562,,0,CA,4JU6701,2012.0,6.0,1
2012107127,,0,,,,1.0,2
2012020505,,0,PA,XGH2210,2012.0,3.0,1
2012009414,,0,FL,4885CD,2012.0,7.0,2
2012069219,,0,IN,2046689,12.0,6.0,1
2012097417,,0,ZZ,UNKNOWN,2099.0,7.0,2
2012064390,,0,PA,XGC9705,2011.0,3.0,2
2012045922,,0,VA,374196TL,2012.0,1.0,2
2012004728,,0,ON,D8041F,2012.0,7.0,1
2012129965,,0,,,,9.0,3
2012078449,,0,PA,X047TO,9999.0,7.0,2
2012095635,,0,,,,7.0,1
2012051566,,0,PA,XFC6433,2015.0,8.0,2
2012019776,,0,PA,XS87181,2012.0,8.0,1
2012009697,,0,ME,1536191,2012.0,6.0,2
2012119176,,0,,,,8.0,1
2012015594,,0,PA,PT9918N,2013.0,7.0,2
2012106961,,0,PA,YZJ4133,2012.0,8.0,1
2012067108,,0,PA,XFT8189,2017.0,6.0,2
2012062265,,0,NJ,TFT86N,13.0,7.0,2
2012083693,,0,PA,XGP6755,2013.0,3.0,2
2012113081,,0,PA,PT3143B,2012.0,7.0,1
2012127589,,0,NJ,T62H2L,2013.0,7.0,2
2012115566,,0,,,,1.0,1
2012060816,,0,,,,2.0,2
2012083565,,0,PA,EV51913,2000.0,7.0,2
2012092220,,0,NJ,T56Z9K,2013.0,7.0,1
2012063192,,0,TN,T931425,2006.0,6.0,1
2012126602,,0,NJ,TEF14P,2013.0,7.0,2
2012116887,,0,AR,AA478635,9999.0,3.0,1
2012116887,,0,PA,PT0686M,9999.0,7.0,2
2012100238,,0,ZZ,999999999999,9999.0,3.0,2
2012047520,,0,IN,L2231,2013.0,6.0,2
2012086850,,0,PA,XDN6605,2015.0,6.0,1
2012128708,,0,PA,PT2039E,2013.0,7.0,1
2012084782,,0,ME,14TLR82403,2014.0,7.0,2
2012016525,,0,,,,8.0,2
2012098841,,0,ME,B231680,13.0,7.0,2
2012123235,,0,,,,1.0,1
2012098426,,0,PA,2T7I752,9999.0,7.0,2
2012077892,,0,PA,XN27799,2013.0,3.0,2
2012009828,,0,OK,6170GU,2012.0,6.0,3
2012121443,,0,TN,U372325,,7.0,2
2012045105,,0,PA,XGB2613,2012.0,3.0,1
2013010237,,0,NJ,THH67M,9999.0,7.0,1
2012078748,,0,PA,PT6615R,2099.0,7.0,1
2012076323,,0,NJ,TJS54X,2012.0,7.0,2
2013007395,,0,IA,TC4461,2012.0,7.0,1
2012040989,,0,ME,2810880,2013.0,7.0,1
2012029762,,0,TN,T533056,2012.0,7.0,2
2012062395,,0,WI,ST23065,2015.0,7.0,6
2012120026,,0,,,,9.0,1
2012031224,,0,CA,4KZ4387,512.0,7.0,1
2012108261,,0,IL,T401893,2012.0,7.0,1
2012108261,,0,PA,PA1464A,2012.0,8.0,2
2012046743,,0,ON,H3577E,2013.0,6.0,2
2012112646,,0,ZZ,999999999999,9999.0,7.0,2
2012020481,,0,PA,PT9423M,1990.0,7.0,1
2012093004,,0,PA,PT1984M,9999.0,7.0,2
2012106572,,0,NJ,TGZ63L,2012.0,7.0,2
2012003526,,0,PA,XR56081,2012.0,7.0,1
2012054948,,0,ME,1561873,2012.0,7.0,1
2012040748,,0,PA,XW51541,2012.0,3.0,1
2012037769,,0,DE,T6723,2014.0,3.0,1
2012035540,,0,PA,XVC9370,2012.0,3.0,2
2013006835,,0,,,,9.0,2
2012093108,,0,DE,T186535,2014.0,6.0,2
2012093633,,0,PA,XM04539,2013.0,7.0,1
2012130306,,0,FL,4158CK,2013.0,7.0,2
2012112970,,0,,NO TAG,,3.0,1
2013006672,,0,,,,7.0,2
2012123201,,0,PA,PT7411L,9999.0,7.0,1
2012005284,,0,ME,1851421,2012.0,7.0,1
2012048930,,0,PA,MG1420D,,3.0,2
2012021089,,0,ME,13TLR79533,2013.0,7.0,2
2013015597,,0,PA,PT8718M,1996.0,7.0,2
2012031097,,0,,,,3.0,2
2012067083,,0,ZZ,999999999999,9999.0,3.0,3
2013017329,,0,OK,3190FN,2013.0,7.0,1
2012130686,,0,IL,359980ST,2013.0,7.0,2
2013000082,,0,NJ,T81K5H,2016.0,7.0,2
2012073899,,0,ZZ,,2012.0,8.0,2
2012115390,,0,PA,05845PD,2007.0,1.0,1
2012009307,,0,PA,XGA4756,2012.0,6.0,2
2012052394,,0,PA,XCC7468,2016.0,6.0,1
2012128163,,0,NE,V738YZI,,7.0,1
2012080549,,0,ZZ,UNK,2012.0,7.0,2
2012119476,,0,PA,PT6994C,2012.0,7.0,1
2012029611,,0,,,,6.0,2
2012106649,,0,PA,PT63127,,6.0,3
2012106649,,0,WI,572066,,6.0,4
2012033493,,0,PA,PT9889P,2002.0,7.0,1
2012046327,,0,ME,157801C,1999.0,6.0,2
2012003735,,0,PA,XGF9684,2011.0,3.0,1
2013006102,,0,PA,XGX0RI2,,8.0,3
2012085931,,0,ZZ,UNKNOWN,,3.0,1
2012055940,,0,MI,C266234,2012.0,6.0,1
2012059422,,0,PA,PT0169T,2099.0,7.0,1
2012054409,,0,NJ,T3722D,2012.0,7.0,1
2012054409,,0,IL,Y29741,2012.0,7.0,2
2012070924,,0,VT,13TLR36771,2012.0,7.0,1
2012053374,,0,PA,PT2617T,2012.0,7.0,2
2012095082,,0,IN,P107990,2013.0,7.0,1
2012081543,,0,,,,1.0,1
2012125574,,0,,,,9.0,1
2012076102,,0,FL,C2915M,,7.0,2
2012054305,,0,PA,XCK2881,2012.0,7.0,1
2012002600,,0,PA,XCH9835,2012.0,7.0,1
2012102662,,0,NJ,TKY50T,2016.0,7.0,1
2012062733,,0,PA,XGT5825,2012.0,3.0,2
2012086580,,0,TN,T691590,2012.0,7.0,2
2012127236,,0,TN,U151342,2012.0,7.0,1
2012088660,,0,PA,XM96287,2012.0,3.0,1
2012085464,,0,OK,2235FP,2014.0,7.0,1
2012061370,,0,IN,P206180,2013.0,7.0,1
2012061370,,0,ZZ,UNK,2013.0,9.0,2
2012084049,,0,ON,D5420F,2012.0,7.0,2
2012097819,,0,NY,BA61347,2012.0,3.0,1
2012004487,,0,TN,U306495,2012.0,7.0,2
2012093632,,0,PA,XK75494,2013.0,6.0,1
2012048895,,0,MN,9107CMT,2012.0,3.0,1
2012120145,,0,,,,7.0,2
2012118756,,0,ME,16TLR9014B,2013.0,7.0,2
2012028362,,0,TN,U306496,2014.0,6.0,1
2012036940,,0,ZZ,999999999999,9999.0,7.0,2
2012087209,,0,ME,2417614,2024.0,6.0,1
2012130687,,0,IN,SP103ACA,2012.0,7.0,2
2012056405,,0,ME,2129312,2012.0,7.0,2
2012017653,,0,NJ,T55Z9D,2012.0,7.0,1
2012116623,,0,PA,XGJ9548,2013.0,8.0,1
2012041433,,0,PA,PT1228N,2012.0,6.0,2
2012098561,,0,PA,XP49312,1997.0,3.0,1
2012109612,,0,ME,13TLR47133,,7.0,2
2012063636,,0,PA,XM82199,2013.0,3.0,2
2012106133,,0,PA,XM97687,2013.0,3.0,1
2012126941,,0,RI,54451,2013.0,8.0,1
2012068195,,0,NE,162513,999.0,6.0,2
2012009231,,0,PA,XGR9286,2008.0,3.0,1
2012108867,,0,PA,XFX3954,12.0,3.0,1
2012121574,,0,CA,4LE4755,2012.0,7.0,1
2012047107,,0,ZZ,558Y5U,9999.0,7.0,1
2012061128,,0,PA,PT7614P,2099.0,3.0,1
2012077954,,0,PA,PT7483P,,7.0,2
2012106698,,0,ON,E3230K,2012.0,6.0,1
2012080830,,0,ME,13TLR96598,2013.0,7.0,2
2012097818,,0,PA,XV09172,2012.0,7.0,2
2013017328,,0,ME,1462532,2014.0,6.0,2
2012102739,,0,PA,XFZ6913,2013.0,3.0,2
2012082711,,0,PA,XFN-0137,1999.0,6.0,2
2012015921,,0,NJ,T10R1U,2002.0,6.0,2
2012125909,,0,NC,CB70210,2013.0,6.0,2
2012043052,,0,PA,PT5462K,2007.0,7.0,2
2012119584,,0,PA,98223MG,2002.0,3.0,1
2012071853,,0,IN,P104817,2004.0,6.0,1
2013010818,,0,PA,XGD5462,2010.0,3.0,2
2012064431,,0,PA,PT4041P,2013.0,7.0,2
2012015706,,0,PA,FN5047,2012.0,3.0,4
2013003494,,0,IL,T397332,2006.0,6.0,2
2012075467,,0,NJ,TCS68L,2012.0,3.0,2
2012041591,,0,ZZ,999999999999,9999.0,8.0,1
2012132142,,0,WI,644957,,6.0,2
2012021336,,0,IL,415706ST,2011.0,7.0,1
2012104450,,0,TN,Z31886,2016.0,7.0,4
2012091039,,0,MT,T45821,2012.0,6.0,1
2012082856,,0,TN,U040034,2008.0,7.0,1
2012127025,,0,ME,2336534,2013.0,6.0,2
2012058393,,0,,42N,9999.0,8.0,1
2012089761,,0,SC,PV61360,9999.0,7.0,2
2012080709,,0,TN,T626724,1999.0,7.0,2
2012077904,,0,PA,XFY2381,2012.0,6.0,1
2012075442,,0,ZZ,UNKNOWN,9999.0,7.0,3
2012097823,,0,IA,RT1509,2012.0,7.0,1
2012047184,,0,,8VW0O9,,7.0,2
2012114694,,0,OK,4830JT,2012.0,7.0,2
2013016073,,0,ZZ,99999,2013.0,7.0,2
2012056364,,0,IL,T260536,2013.0,7.0,1
2012084866,,0,PA,PT0486H,,6.0,2
2012114996,,0,ME,2031681,2012.0,7.0,1
2012032924,,0,PA,PT3858T,2012.0,7.0,2
2012101046,,0,IA,TI6O72,9999.0,7.0,2
2012076568,,0,OK,1781CE,2012.0,6.0,1
2012087211,,0,NJ,AM418R,2099.0,8.0,1
2012108664,,0,FL,GCH449,2012.0,3.0,1
2012057060,,0,PA,XGZ9916,12.0,3.0,2
2012010746,,0,NJ,TJS13V,2012.0,7.0,2
2012065250,,0,ME,2727111,2010.0,6.0,3
2012100285,,0,ZZ,999999999999,9999.0,7.0,1
2012013120,,0,PA,XDH0175,2007.0,7.0,2
2012040238,,0,TN,T243784,2013.0,7.0,1
2012090171,,0,PA,XDA1886,2006.0,3.0,2
2012127390,,0,MD,746926G,1985.0,6.0,1
2012108921,,0,GA,2676GZ,2000.0,6.0,1
2012112002,,0,ZZ,,,7.0,1
2012075877,,0,IN,Z76947,2012.0,7.0,1
2012039798,,0,PA,XZ57550,2012.0,3.0,1
2012109072,,0,ZZ,999999,2012.0,7.0,2
2012113816,,0,PA,XGR8528,2013.0,7.0,2
2012010676,,0,ZZ,999999999999,9999.0,7.0,1
2012059990,,0,TN,U307000,2099.0,7.0,1
2012030196,,0,ME,1752762,2012.0,7.0,1
2012002969,,0,PA,PT7493P,2012.0,7.0,2
2012094712,,0,PA,XDN4634,2013.0,3.0,2
2012110942,,0,ME,16TLR6948B,2016.0,7.0,2
2012070694,,0,TN,U334722,2012.0,7.0,1
2012070694,,0,ME,15TRL94378,2012.0,7.0,2
2012044685,,0,ME,1573252,2015.0,7.0,1
2013012021,,0,ME,773470,9999.0,7.0,2
2012059900,,0,IL,T440520,2015.0,7.0,5
2012011825,,0,NJ,TFL78M,2008.0,6.0,2
2012114911,,0,,,,6.0,1
2012098284,,0,,,,7.0,2
2012069020,,0,NJ,TDY55G,2013.0,7.0,1
2012026915,,0,,,,7.0,2
2013006232,,0,,,,7.0,2
2012108867,,0,DE,T82749,2014.0,3.0,2
2012044765,,0,ME,1377597,13.0,7.0,2
2012022531,,0,VA,296410TL,2015.0,6.0,2
2012022531,,0,TN,T361744,1999.0,6.0,3
2012026945,,0,ME,2234361,2022.0,7.0,1
2012009079,,0,PA,PT 6271L,9999.0,7.0,1
2012079733,,0,NJ,TKB62Z,2012.0,7.0,2
2012047641,,0,PA,XY02241,2012.0,3.0,1
2012089216,,0,ZG,8738962,2012.0,7.0,2
2012014820,,0,PA,XP15869,2012.0,6.0,1
2012060926,,0,PA,XFK5813,2000.0,7.0,2
2012058157,,0,ME,17TLR42844,2012.0,7.0,1
2012045153,,0,PA,XFC8317,2012.0,7.0,2
2012035824,,0,ME,355115Z,2012.0,7.0,1
2012086564,,0,PA,XCC0890,1995.0,6.0,2
2012098448,,0,,,,9.0,1
2012098448,,0,,,,9.0,2
2012076993,,0,IN,P208054,2008.0,7.0,2
2012015029,,0,OR,HSL11538,2012.0,6.0,2
2012125921,,0,PA,ZFT3360,13.0,3.0,2
2012088268,,0,PA,YW23255,1998.0,5.0,1
2012088268,,0,ON,X98384,2012.0,7.0,2
2012094552,,0,PA,PT5370T,2013.0,7.0,2
2012012450,,0,PA,PT9373H,2012.0,7.0,1
2012116478,,0,ME,1433127,2014.0,7.0,1
2012019782,,0,ZZ,UNKNOWN,2012.0,6.0,2
2012058438,,0,MI,C303106,9999.0,7.0,1
2012076688,,0,PA,XFC3989,2012.0,6.0,1
2012129250,,0,PA,XBL8382,2013.0,7.0,2
2012105835,,0,NJ,T29F7G,,7.0,1
2012119415,,0,NJ,TGV18T,2013.0,7.0,1
2012024246,,0,TN,U066101,2012.0,7.0,3
2012083677,,0,PA,PT2275M,2012.0,7.0,1
2012015712,,0,ME,SM80561,2012.0,8.0,1
2012020708,,0,IN,P82487,2012.0,6.0,2
2012125680,,0,ZZ,UNKNOWN,,7.0,1
2013015600,,0,ME,1364388,2008.0,7.0,1
2012113848,,0,ME,1756374,,7.0,2
2012060438,,0,PA,PT3366R,2013.0,6.0,1
2012090963,,0,ME,1773968,2013.0,7.0,2
2012101582,,0,PA,XN32470,2001.0,3.0,1
2012092831,,0,RI,054449,2013.0,7.0,2
2012109888,,0,,NIA,,9.0,1
2012071524,,0,TN,U347680,2099.0,7.0,1
2012031893,,0,PA,XR88815,2012.0,3.0,1
2012107466,,0,ZZ,,,2.0,3
2012073518,,0,,,,3.0,1
2012108930,,0,NJ,T784NR,,6.0,1
2012039243,,0,ME,17TRL58715,2012.0,7.0,2
2012120234,,0,PA,PT4822V,2012.0,7.0,1
2012088680,,0,,,,6.0,2
2012032807,,0,NC,ZZZZZZ,2012.0,3.0,1
2012101579,,0,NC,AZ74063,1999.0,7.0,1
2012126479,,0,PA,PT9714L,2013.0,6.0,2
2012022404,,0,PA,PA91393,2012.0,8.0,2
2012051717,,0,NJ,THF32F,2012.0,7.0,1
2012031955,,0,IL,355469ST,2012.0,6.0,1
2012050554,,0,ZZ,UNKNOWN,2099.0,7.0,1
2012087208,,0,NC,CA91819,2013.0,3.0,2
2012085437,,0,PA,XGN7504,2013.0,3.0,2
2012106443,,0,TN,U097278,,7.0,2
2012097015,,0,,,,1.0,1
2012122654,,0,NJ,TLG59W,2013.0,7.0,2
2012031764,,0,NJ,THB84L,2013.0,7.0,1
2012012448,,0,NY,3583B4,2012.0,7.0,1
2012012448,,0,IN,T196980,2012.0,7.0,2
2012042055,,0,PA,XW77780,2012.0,6.0,1
2012038556,,0,OK,1462GE,2099.0,7.0,2
2012080871,,0,,,,3.0,3
2012109219,,0,UT,54268L,2007.0,7.0,4
2012072942,,0,ME,B323472,2012.0,7.0,1
2012125095,,0,ZZ,99999,2013.0,6.0,2
2012107272,,0,OH,TPR2526,2013.0,6.0,2
2012093723,,0,IL,T408232,,7.0,1
2012083533,,0,ME,1599273,2012.0,7.0,2
2012070933,,0,MS,069587A,2012.0,6.0,1
2012079372,,0,IL,P645535,2013.0,7.0,1
2012027638,,0,,,,1.0,2
2012087217,,0,PA,XGS6474,2013.0,1.0,1
2012041197,,0,PA,XL10917,2012.0,3.0,3
2012126696,,0,PA,XHD1039,2013.0,6.0,2
2012081427,,0,OR,HS05524,2012.0,7.0,1
2012080550,,0,PA,PT5438L,2099.0,7.0,1
2012045517,,0,PA,XS50332,2013.0,3.0,1
2013006752,,0,NJ,TEH98H,,7.0,1
2012084257,,0,PA,PT5121G,2012.0,8.0,2
2012037582,,0,PA,XBH2931,2012.0,3.0,2
2012046201,,0,ME,1781105,12.0,7.0,1
2012117799,,0,PA,XW50007,2013.0,3.0,2
2012096718,,0,,,,7.0,2
2012082822,,0,NJ,TEH40J,2013.0,6.0,2
2012070784,,0,VA,46063TR,2012.0,7.0,1
2013044162,,0,,,,8.0,1
2012054949,,0,ME,1845509,2012.0,7.0,1
2012042935,,0,PA,XW86370,2012.0,6.0,2
2012071317,,0,IN,P258601,2012.0,7.0,2
2012049906,,0,PA,PT2899J,2013.0,7.0,1
2012043942,,0,NJ,TBV94C,2012.0,7.0,1
2012056209,,0,MO,873781,2012.0,7.0,1
2012074334,,0,ZZ,UNKNOWN,9999.0,7.0,2
2012086062,,0,IN,P297545,2012.0,7.0,1
2012128220,,0,,,,2.0,2
2012057897,,0,TN,T527956,2012.0,6.0,3
2012125539,,0,,,,9.0,1
2012125539,,0,,,,9.0,2
2012054681,,0,,,,6.0,1
2013015580,,0,PA,PT0843J,2099.0,7.0,1
2012116864,,0,PA,XGV7128,2017.0,3.0,1
2012116864,,0,PA,XR14314,2013.0,6.0,2
2012095407,,0,ZZ,999999999999,9999.0,2.0,2
2012071433,,0,TN,U357405,2004.0,7.0,1
2012006806,,0,OK,9795JB,2012.0,6.0,2
2012090643,,0,TN,T411129,2001.0,7.0,1
2012090643,,0,MD,253600G,2013.0,7.0,2
2012069193,,0,MD,A900006,2000.0,6.0,2
2012082643,,0,OK,7832EY,,7.0,1
2012032804,,0,NY,1662B1,2014.0,7.0,2
2012108638,,0,PA,PT059OM,2012.0,7.0,1
2012051018,,0,ME,17-TLR6575,,6.0,1
2012015183,,0,TN,T605669,2012.0,7.0,1
2012045502,,0,ME,1459161,2012.0,6.0,1
2012019559,,0,PA,XM40931,2012.0,3.0,1
2012030022,,0,ZZ,UNKNOWN,9999.0,7.0,2
2012106234,,0,PA,PT2363J,1995.0,7.0,2
2012091100,,0,ME,1447914,1998.0,7.0,1
2012085326,,0,,NIAI,,,2
2012085326,,0,,NI4,,,4
2012040716,,0,,,,8.0,2
2012101245,,0,,NONE,,3.0,2
2012114048,,0,ZZ,UNKNOWN,2012.0,7.0,2
2012079973,,0,PA,XCK7241,2012.0,3.0,1
2012098717,,0,ME,1584882,2013.0,7.0,2
2012039211,,0,PA,XFP9402,2011.0,3.0,1
2012049512,,0,NJ,TJJ74J,2013.0,3.0,1
2012091758,,0,PA,XFK4620,2016.0,3.0,1
2012052084,,0,PA,PT3554E,2013.0,7.0,2
2012062154,,0,OK,6224GN,2012.0,7.0,2
2012083062,,0,ZZ,,,9.0,1
2012121534,,0,PA,XDN3443,2013.0,7.0,1
2012070921,,0,NJ,TBV92S,2013.0,6.0,2
2012080318,,0,PA,AF87742,2012.0,7.0,1
2012114863,,0,,,,2.0,1
2012114863,,0,,,,2.0,2
2012089053,,0,PA,XGA6438,,3.0,2
2012127433,,0,ME,1559512,2015.0,7.0,2
2012051164,,0,NJ,TFX44E,612.0,7.0,1
2012004750,,0,VA,938765TR,,7.0,1
2012061799,,0,IL,T415775,2012.0,7.0,2
2012034000,,0,PA,PT4485G,2012.0,7.0,1
2012034762,,0,ZZ,999999999999,9999.0,7.0,4
2012109894,,0,,,,2.0,2
2012059175,,0,PA,XFC1529,2012.0,3.0,1
2012106232,,0,NJ,T5H291,2013.0,3.0,1
2012094594,,0,PA,XCV2938,2004.0,3.0,1
2012069057,,0,IL,408498ST,2015.0,7.0,2
2012029735,,0,PA,PT7756G,9999.0,7.0,2
2012010526,,0,IL,G454581,2012.0,6.0,4
2012122266,,0,,,,7.0,1
2012059641,,0,NJ,T61Z5F,2013.0,7.0,1
2012034043,,0,MI,C178892,,6.0,2
2012051310,,0,PA,EXB5905,2012.0,3.0,2
2012049179,,0,PA,XDJ6023,2008.0,6.0,2
2012126202,,0,QC,RB6600Q,2013.0,7.0,2
2012123009,,0,DE,T186123,2012.0,7.0,2
2012056204,,0,IA,TG1889,2013.0,7.0,2
2012012445,,0,WV,C202294,2012.0,7.0,2
2012108032,,0,ME,2140894,2021.0,7.0,2
2012116489,,0,PA,PT0932C,2013.0,7.0,2
2013005961,,0,PA,PT7340V,2013.0,7.0,2
2012123457,,0,TN,U011968,2013.0,7.0,2
2012009923,,0,TN,T993509,2012.0,7.0,2
2012009415,,0,FL,4885CD,2012.0,7.0,2
2012118615,,0,PA,XZ81981,2013.0,3.0,1
2012125111,,0,ZZ,UNKNOWN,2012.0,7.0,1
2012010600,,0,NJ,TDA70G,2012.0,6.0,1
2012122355,,0,,,,9.0,2
2012104002,,0,NC,AA96I8L,9999.0,7.0,2
2012034508,,0,PA,PT3118M,2012.0,7.0,3
2012037478,,0,NJ,T62H2L,2012.0,7.0,2
2012112763,,0,PA,,2012.0,8.0,2
2012028491,,0,,,,9.0,1
2012099003,,0,TN,UB2830,9999.0,7.0,2
2012031679,,0,PA,XZ38826,,6.0,2
2012054946,,0,IL,77890TE,2012.0,6.0,2
2012095895,,0,PA,XN10024,2015.0,3.0,2
2012098649,,0,ME,1333128,2013.0,7.0,1
2012098649,,0,ME,B261056,2014.0,7.0,2
2012104267,,0,NJ,HCYS5L,9999.0,7.0,2
2012013442,,0,,,,2.0,1
2012097589,,0,,,,7.0,1
2012013404,,0,PA,XFG6751,2015.0,3.0,3
2012114518,,0,PA,PT6833E,2013.0,7.0,1
2012072938,,0,NJ,TEX61H,2013.0,7.0,1
2012040101,,0,NJ,TGY97U,,7.0,2
2012069036,,0,PA,PT5237R,2013.0,7.0,2
2012046947,,0,PA,XGM2392,2012.0,6.0,1
2012069434,,0,,,,1.0,2
2013005954,,0,TN,U128146,2013.0,7.0,2
2012045682,,0,ZZ,UNKNOWN,2099.0,7.0,1
2012077172,,0,IN,P68797,2012.0,7.0,1
2012115388,,0,PA,XS82752,2012.0,3.0,2
2012011826,,0,IN,P251143,2003.0,6.0,2
2012015449,,0,,,,9.0,2
2012129263,,0,,,,9.0,1
2012065730,,0,PA,XW06909,13.0,3.0,2
2012034718,,0,ZZ,PT-4188H,9999.0,7.0,2
2012126009,,0,PY,NIA,,8.0,1
2012126009,,0,HA,0IA,,9.0,3
2012061302,,0,NJ,TJS39Y,1999.0,6.0,2
2013002919,,0,ZZ,UNKNOWN,2013.0,7.0,2
2012034279,,0,ME,1668958,2016.0,7.0,1
2012028798,,0,PA,PT3897H,2012.0,6.0,1
2012043330,,0,PA,XGR5720,2012.0,3.0,1
2012057471,,0,PA,XFL8913,1999.0,6.0,3
2012093858,,0,PA,PT3781T,2012.0,7.0,2
2012042194,,0,,,,9.0,2
2012061191,,0,ME,1656151,2012.0,7.0,1
2012015887,,0,OK,9392JG,2012.0,7.0,1
2012056849,,0,MD,9358656,2012.0,6.0,2
2012061282,,0,NJ,TJS44Y,2015.0,7.0,1
2012070685,,0,WI,463309,2013.0,7.0,2
2012117215,,0,,,,9.0,1
2012109906,,0,,,,2.0,2
2012110945,,0,NJ,TBH47K,2013.0,6.0,2
2012058579,,0,ME,1498830,2014.0,3.0,1
2012064310,,0,TN,T510346,9999.0,7.0,1
2012114779,,0,WI,539234,2012.0,6.0,1
2012018576,,0,TN,U149499,2012.0,6.0,2
2012122084,,0,,,,1.0,1
2012010128,,0,ZZ,99999,2012.0,7.0,2
2012036284,,0,NJ,TKR90E,2015.0,6.0,2
2012061372,,0,TN,T991783,2012.0,7.0,2
2012097678,,0,PA,PT3697T,,7.0,2
2012079916,,0,ME,1567880,2013.0,7.0,1
2012012968,,0,FL,4885CD,2012.0,7.0,4
2012096079,,0,,,,6.0,2
2012119571,,0,NC,LW9885,2012.0,7.0,1
2012120236,,0,ME,1575665,2015.0,7.0,1
2012055071,,0,99,999999999999,9999.0,8.0,1
2013005737,,0,ON,C42702,2012.0,7.0,3
2012048921,,0,PA,XGC1818,1999.0,3.0,3
2012121991,,0,ME,1395896,2013.0,7.0,2
2012028137,,0,,N0N6,,1.0,1
2012051167,,0,PA,HVX4003,1986.0,1.0,2
2012016123,,0,TN,T691790,2012.0,6.0,1
2012048760,,0,,,,3.0,1
2012042299,,0,ME,2133582,2000.0,7.0,1
2012046663,,0,PA,XGS4896,2013.0,3.0,1
2012046663,,0,PA,XGB6615,2012.0,3.0,2
2012055804,,0,PA,XGD2792,2012.0,8.0,2
2012094217,,0,,XDW1931,,6.0,1
2013044315,,0,PA,PT1216N,2002.0,7.0,1
2012054183,,0,PA,XFC5642,2013.0,6.0,2
2012052612,,0,PA,PT8776H,2012.0,7.0,2
2012065983,,0,,8738953,,6.0,2
2012063367,,0,IN,P149930,2012.0,7.0,1
2012119922,,0,ME,14TLR93687,9999.0,7.0,1
2012118592,,0,PA,XGK4634,2013.0,3.0,1
2012065497,,0,NJ,TCE16H,2013.0,7.0,3
2012058819,,0,MO,1507PB,2010.0,6.0,1
2012111762,,0,PA,7SFY7B,9999.0,2.0,2
2012086269,,0,OK,8975GN,2012.0,7.0,1
2012008346,,0,ME,1561772,2015.0,7.0,1
2012067194,,0,OK,5167D0,2012.0,7.0,1
2012073940,,0,NJ,THM65C,,6.0,1
2012088433,,0,,,,1.0,2
2012087003,,0,PA,PT47645,,6.0,2
2012083519,,0,ZZ,NONE,2013.0,8.0,2
2012081246,,0,VA,403854TL,,7.0,2
2012021633,,0,PA,PT1841T,2012.0,7.0,3
2012049909,,0,PA,XDD2178,2013.0,3.0,2
2012098196,,0,,,,2.0,2
2012023145,,0,PA,XGG6211,2011.0,3.0,1
2012014811,,0,OH,TMS4319,2012.0,7.0,2
2012075249,,0,PA,PT4505P,2099.0,3.0,2
2012009689,,0,NY,AF24901,2012.0,7.0,2
2012081452,,0,PA,XR03845,2013.0,6.0,2
2012014189,,0,PA,XDR7179,2012.0,3.0,2
2012084002,,0,GA,LE2285G,2013.0,7.0,1
2012011853,,0,NC,PT75852,2012.0,7.0,2
2012109732,,0,PA,,,3.0,2
2012054651,,0,,,,3.0,1
2012026669,,0,IN,P128810,,6.0,1
2012009695,,0,ME,296071Z,2012.0,7.0,1
2012009695,,0,ME,153048A,2012.0,7.0,2
2012085207,,0,VA,388045TL,2012.0,6.0,2
2012048197,,0,GA,I62E9,9999.0,7.0,1
2012122020,,0,PA,XN04341,2012.0,7.0,2
2012096051,,0,PA,YZ4800,,3.0,2
2012013309,,0,PA,PT2501E,2012.0,7.0,1
2012065331,,0,PA,PT6928J,2012.0,7.0,1
2012052525,,0,ME,22TLR42073,2012.0,7.0,1
2012131887,,0,UT,A519559,2013.0,6.0,1
2012093967,,0,WI,614792,2012.0,7.0,1
2012121859,,0,PA,PT6273G,,7.0,1
2012111137,,0,PA,XDZ5046,2013.0,3.0,1
2012111676,,0,CA,4LD50,,6.0,1
2012083301,,0,OK,BH55L,9999.0,7.0,1
2012070862,,0,ME,2315497,2002.0,7.0,2
2012020529,,0,TN,U231H5,,3.0,2
2012094722,,0,PA,XFM8076,2013.0,3.0,1
2012011670,,0,NJ,,,6.0,1
2012083034,,0,NE,201514,2012.0,7.0,2
2012084855,,0,NJ,XDN3448,,7.0,2
2012118607,,0,PA,XFS6643,2010.0,3.0,2
2012086321,,0,IN,P227770,2013.0,6.0,2
2013015565,,0,PA,XGM2212,2012.0,3.0,2
2012015598,,0,ME,2418571,2012.0,7.0,1
2012019802,,0,NY,BB79007,2012.0,7.0,1
2012020613,,0,,,,7.0,1
2012033370,,0,PA,XDR9986,2015.0,3.0,2
2012105711,,0,IN,SP505EEE,2012.0,7.0,2
2012070429,,0,TX,X72156,2012.0,7.0,1
2012061348,,0,PA,WMW98,2012.0,7.0,2
2012082232,,0,,,,7.0,1
2012022529,,0,NC,AA39113,2012.0,6.0,4
2012047257,,0,ZZ,99999999999,9999.0,7.0,1
2012111809,,0,PA,00W0PB,,8.0,2
2012012926,,0,PA,PT01415,2012.0,6.0,2
2012073130,,0,PA,PT2363H,1999.0,6.0,2
2012075660,,0,NY,BA93494,2013.0,3.0,1
2012116868,,0,NJ,TFH88E,2016.0,7.0,1
2012025853,,0,IN,P121417,2012.0,7.0,1
2012066720,,0,NJ,TYHL8IT,,7.0,2
2012105821,,0,,,,9.0,2
2012059105,,0,ME,1689052,,7.0,1
2012059514,,0,ZZ,UNKNOWN,9999.0,7.0,2
2012020072,,0,NC,AY22375,2099.0,6.0,2
2012037943,,0,,,,8.0,2
2012007087,,0,PA,PT2458P,2012.0,7.0,2
2012058534,,0,PA,XGJ6540,2012.0,6.0,1
2012001579,,0,PA,XFK4103,2012.0,3.0,2
2012073669,,0,PA,XM79854,,3.0,2
2012108710,,0,PA,MG0258C,9999.0,8.0,2
2012109733,,0,WA,347J,,8.0,1
2012058818,,0,IN,P66374,2012.0,7.0,2
2012013304,,0,PA,HRE4682,2012.0,1.0,2
2012043375,,0,PA,XGE0130,2012.0,3.0,2
2013001911,,0,PA,XCM6460,2013.0,7.0,1
2012080882,,0,PA,XCK5100,,3.0,1
2012068573,,0,PA,PT1285T,2013.0,7.0,1
2012075077,,0,TN,1736896,2015.0,7.0,2
2012103844,,0,ZZ,UNKNOWN,1999.0,6.0,1
2012044409,,0,PA,XGP3957,2012.0,3.0,1
2012059450,,0,TN,U341738,12.0,7.0,2
2012112155,,0,OK,2462JB,9999.0,6.0,2
2012084146,,0,,,,3.0,1
2012116041,,0,NJ,TCW74W,2015.0,7.0,2
2012116041,,0,TN,U080136,2015.0,7.0,1
2012028029,,0,NJ,TEU50W,2015.0,7.0,1
2012018274,,0,NJ,TFL81T,2012.0,7.0,1
2012013348,,0,IN,P257915,2012.0,7.0,2
2012120239,,0,TN,U165980,2013.0,7.0,1
2012083293,,0,FL,S5M,9999.0,7.0,1
2012084861,,0,PA,XCN1356,,3.0,2
2012119847,,0,PA,XDP6725,2013.0,3.0,2
2012028517,,0,PA,SV06321,2014.0,8.0,2
2012083905,,0,ZZ,UNKNOWN,2099.0,7.0,2
2012083021,,0,,,,7.0,2
2012085061,,0,PA,XFT1204,2012.0,3.0,1
2012051476,,0,,,,8.0,2
2012045726,,0,PA,XY58726,1998.0,6.0,1
2012074324,,0,MN,4709STB,,7.0,1
2012058816,,0,MD,955777G,2006.0,3.0,2
2012041851,,0,NE,220600,2099.0,7.0,2
2012026868,,0,NJ,TFS26W,2012.0,6.0,1
2012039475,,0,PA,XY29567,2013.0,6.0,2
2012002815,,0,,,,7.0,2
2012081526,,0,PA,XFX9155,2013.0,3.0,3
2012127118,,0,ME,B354389,2013.0,7.0,1
2012026626,,0,ME,1771256,2017.0,7.0,2
2012110048,,0,PA,XFP8825,2013.0,3.0,1
2012027154,,0,PA,XCG6824,2016.0,3.0,3
2013001757,,0,PA,UNKNOWN,,3.0,2
2013002774,,0,PA,PT8298P,,6.0,1
2013002921,,0,PA,PT8711P,2013.0,7.0,1
2013002928,,0,ON,J2794C,2013.0,7.0,2
2013003188,,0,IL,232167ST,2013.0,7.0,1
2013003497,,0,PA,0511522,2013.0,3.0,2
2013003622,,0,PA,PT7810L,,7.0,1
2013004289,,0,PA,PT8448S,,7.0,2
2013004326,,0,ME,14TLR56074,,7.0,1
2013004843,,0,,,,3.0,2
2013005130,,0,ME,193674,2013.0,7.0,2
2013005363,,0,TN,T804300,2013.0,7.0,1
2013005504,,0,PA,PT2052T,2013.0,7.0,2
2013005634,,0,TN,T16206,13.0,7.0,2
2013006161,,0,,,,1.0,1
2013006161,,0,,,,1.0,2
2013006374,,0,NJ,T79Y3M,2013.0,7.0,1
2013006605,,0,,,,7.0,1
2013007157,,0,,,,8.0,1
2013007243,,0,ZZ,2IM3Y48,9999.0,6.0,1
2013007415,,0,NJ,T33Y1L,2004.0,7.0,2
2013007552,,0,OK,4944FS,2006.0,6.0,2
2013008037,,0,TN,4244565,,7.0,2
2013008218,,0,NJ,TGU32V,2013.0,3.0,1
2013008275,,0,PA,PT2161R,2013.0,7.0,1
2013008516,,0,PA,XGP4524,2013.0,3.0,2
2013008823,,0,PA,PT0151A,,7.0,1
2013009137,,0,WI,ST19809,2013.0,7.0,1
2013009143,,0,ZZ,UNKNOWN,,7.0,2
2013009159,,0,IN,P120220,2007.0,7.0,2
2013009328,,0,PA,XR69110,2006.0,6.0,1
2013009583,,0,PA,XHC2880,2013.0,3.0,2
2013009593,,0,ME,16LR9318B,2013.0,7.0,2
2013010484,,0,PA,PT2558G,2099.0,7.0,3
2013010666,,0,ME,16TLR76229,,6.0,2
2013011355,,0,PA,PT5781K,2013.0,7.0,1
2013011714,,0,IN,P179093,2013.0,7.0,3
2013012150,,0,,,,7.0,3
2013012158,,0,,,,7.0,2
2013013161,,0,PA,PT6786N,2009.0,6.0,2
2013013220,,0,PA,PT7602E,1978.0,7.0,2
2013013581,,0,PA,052-A/B15-22,2099.0,3.0,2
2013013853,,0,IN,P161559,2013.0,7.0,1
2013014755,,0,PA,XZ08728,2013.0,8.0,1
2013015881,,0,ME,1756583,2008.0,7.0,2
2013016105,,0,PA,PT9795A,9999.0,7.0,1
2013016123,,0,MD,846973G,2013.0,6.0,2
2013016172,,0,ZZ,,,7.0,1
2013016718,,0,TX,R75420,2013.0,7.0,2
2013016724,,0,ON,D7093T,2013.0,7.0,2
2013016765,,0,,,,7.0,3
2013016946,,0,PA,YT33763,2013.0,3.0,2
2013016959,,0,IL,274969ST,2013.0,7.0,2
2013017088,,0,PA,PT9702G,2099.0,7.0,2
2013017097,,0,PA,XBA3490,2005.0,7.0,1
2013017520,,0,PA,XFX8216,2013.0,3.0,2
2013017681,,0,SC,PT87562,2013.0,7.0,2
2013018078,,0,,,,8.0,2
2013018216,,0,MB,SY1954,2013.0,7.0,1
2013018321,,0,PA,XM09588,2016.0,3.0,1
2013018513,,0,ZZ,UNKNOWN,2000.0,7.0,2
2013018521,,0,OK,5303JJ,2013.0,7.0,1
2013019403,,0,NC,U337156,2013.0,7.0,2
2013019421,,0,DE,T64768,2013.0,7.0,2
2013019525,,0,VA,121393C,,6.0,1
2013019966,,0,NJ,TKN33K,2013.0,7.0,1
2013019985,,0,OK,5071FE,2013.0,7.0,1
2013020198,,0,PA,9620014,2013.0,7.0,1
2013020199,,0,PA,8738947,2013.0,7.0,2
2013020276,,0,PA,PT4394S,2014.0,7.0,1
2013020997,,0,WV,C33332,9999.0,7.0,1
2013021394,,0,TN,U334844,2014.0,6.0,2
2013021397,,0,DE,T40733,2013.0,3.0,1
2013021399,,0,FL,2417CL,2013.0,6.0,1
2013021512,,0,FL,2627CH,2013.0,7.0,1
2013021939,,0,ZZ,999999,2013.0,9.0,1
2013022150,,0,NJ,TFR56U,2013.0,7.0,2
2013022203,,0,PA,Q8YX2,9999.0,3.0,2
2013022246,,0,ZZ,BJ0PU7,9999.0,7.0,2
2013022366,,0,WI,620481,2020.0,7.0,1
2013022454,,0,ME,24TLR3608,2024.0,7.0,2
2013022914,,0,IN,P350608,2013.0,7.0,2
2013023088,,0,PA,XCV3500,2015.0,3.0,1
2013023165,,0,ME,153695B,2013.0,7.0,1
2013023165,,0,NJ,TKU96U,2013.0,7.0,2
2013023524,,0,ZZ,999999999999,9999.0,7.0,2
2013024109,,0,NJ,TJZ45M,2013.0,7.0,2
2013024812,,0,MD,607173G,2013.0,7.0,1
2013024831,,0,PA,PT8816A,2013.0,7.0,1
2013024882,,0,,,,9.0,1
2013024936,,0,,0IG,,9.0,2
2013024940,,0,,,,9.0,2
2013026084,,0,PA,XPD8593,16.0,6.0,2
2013026113,,0,ND,T156731,2014.0,7.0,2
2013026267,,0,NJ,TFE59K,2016.0,7.0,6
2013026290,,0,OH,TNY5221,2013.0,7.0,2
2013026334,,0,GA,LE4237F,2013.0,7.0,2
2013026496,,0,ME,1611360,2013.0,7.0,2
2013027089,,0,ZZ,UNKNOWN TAG,2099.0,6.0,1
2013027541,,0,PA,XDT4507,2013.0,3.0,1
2013028459,,0,PA,XFR6170,2013.0,7.0,2
2013028613,,0,PA,XFM8610,2013.0,7.0,2
2013028672,,0,ZZ,UNKNOWN,9999.0,6.0,2
2013028984,,0,TN,T939792,2014.0,7.0,2
2013029023,,0,MA,1430762,2013.0,7.0,1
2013029027,,0,IN,P280258,2099.0,7.0,1
2013029073,,0,,,,1.0,2
2013029154,,0,PA,XFH6764,2013.0,3.0,2
2013029359,,0,MS,052260A,2013.0,7.0,1
2013029367,,0,PA,PT2457P,2013.0,7.0,1
2013029527,,0,NS,PT61646,,6.0,1
2013029630,,0,ZZ,999999999999,9999.0,2.0,3
2013029644,,0,ZZ,999999999999,9999.0,6.0,2
2013029799,,0,ZZ,YZS5502,9999.0,3.0,2
2013031351,,0,PA,XGV0547,2013.0,3.0,1
2013031359,,0,PA,PT1956K,2007.0,7.0,2
2013031367,,0,OK,9637CI,2013.0,7.0,2
2013031371,,0,NJ,T14H1L,2013.0,3.0,3
2013031372,,0,NJ,T12Z5H,2016.0,7.0,1
2013031377,,0,NJ,TLJ37Y,2016.0,7.0,1
2013031380,,0,ME,1684399,2013.0,7.0,1
2013031475,,0,NJ,TKH12E,2013.0,7.0,1
2013031771,,0,PA,PT6929L,2007.0,7.0,2
2013031811,,0,TX,Z16866,2013.0,7.0,1
2013031906,,0,OK,2323GH,2013.0,7.0,1
2013032354,,0,PA,XDV0658,2014.0,3.0,2
2013032630,,0,WV,C185231,1999.0,6.0,2
2013032668,,0,MI,C512354,2013.0,7.0,3
2013033048,,0,ME,35TLR5500Z,2013.0,7.0,1
2013034034,,0,PA,AF34876,2013.0,6.0,2
2013034035,,0,PA,XGZ4818,2013.0,8.0,1
2013034088,,0,IL,470619ST,2013.0,7.0,1
2013034095,,0,PA,PT6393F,2013.0,7.0,2
2013034147,,0,ME,25TLR20673,2013.0,7.0,2
2013034282,,0,PA,XGB2517,,6.0,2
2013034433,,0,PA,PT3663H,,7.0,2
2013034589,,0,IN,SP945JJJ,2013.0,7.0,2
2013034722,,0,PA,PT2405N,2013.0,7.0,2
2013034799,,0,PA,XGD9566,2013.0,3.0,3
2013034972,,0,ZZ,UNKNOWN,9999.0,7.0,1
2013035009,,0,ZZ,999999999999,9999.0,7.0,1
2013035090,,0,PA,T3553T,,3.0,3
2013035135,,0,ZZ,999999999999,9999.0,7.0,2
2013035136,,0,ZZ,P6O323,9999.0,7.0,1
2013035181,,0,,,,9.0,2
2013035222,,0,ZZ,999999999999,9999.0,7.0,1
2013035239,,0,ZZ,999999999999,9999.0,7.0,2
2013035409,,0,PA,PT4032M,2099.0,7.0,2
2013035461,,0,GA,LE3772G,2013.0,7.0,1
2013035507,,0,DE,T120467,2005.0,7.0,2
2013035699,,0,ME,1668876,2016.0,7.0,2
2013036079,,0,PA,XGK8280,2009.0,6.0,1
2013036297,,0,,,,8.0,1
2013036371,,0,PA,PT2142G,2099.0,7.0,2
2013036472,,0,FL,1484CK,2013.0,6.0,1
2013036794,,0,IN,P75621,2013.0,7.0,2
2013036932,,0,NJ,TCA12Z,2013.0,7.0,2
2013037099,,0,IL,185077,2013.0,7.0,2
2013037103,,0,ME,1485486,2014.0,7.0,2
2013037276,,0,PA,XFH6103,2014.0,3.0,1
2013037298,,0,PA,XFS3969,2014.0,3.0,2
2013037315,,0,,,,3.0,1
2013037322,,0,PA,XGX6729,2013.0,7.0,2
2013037366,,0,,D1BH9D,,,1
2013037405,,0,NC,87OB2,9999.0,7.0,2
2013037732,,0,IL,447199ST,2013.0,7.0,2
2013037749,,0,TN,T684295,2013.0,7.0,1
2013037749,,0,NS,PT56814,2014.0,7.0,2
2013037894,,0,,NONE,,8.0,2
2013037945,,0,OK,8401KF,2013.0,7.0,1
2013038687,,0,OK,5853JN,2013.0,7.0,1
2013038696,,0,IL,T153155,2013.0,7.0,2
2013038702,,0,MD,60023TL,2014.0,6.0,1
2013038992,,0,FL,6475CL,2013.0,7.0,1
2013039023,,0,MD,013093X,2013.0,7.0,4
2013039034,,0,,,,1.0,3
2013039133,,0,PA,PT7370R,1998.0,7.0,1
2013039216,,0,ME,1758931,2017.0,6.0,1
2013039275,,0,TX,X68142,1999.0,7.0,1
2013039343,,0,NE,223707,2013.0,7.0,2
2013039519,,0,OH,TQC2232,,6.0,2
2013039594,,0,PA,XGY1088,2013.0,3.0,5
2013039594,,0,IN,21321E,2014.0,8.0,7
2013039777,,0,,,,8.0,1
2013040079,,0,NJ,TBF14A,2007.0,6.0,2
2013040594,,0,PA,XR05059,2005.0,3.0,2
2013040683,,0,PA,PT4293V,2013.0,7.0,2
2013040824,,0,PA,XFM1828,2013.0,7.0,1
2013041074,,0,PA,PT2388S,2013.0,6.0,2
2013041149,,0,ZZ,UNKNOWN,2013.0,7.0,1
2013041203,,0,,,,1.0,2
2013041232,,0,PA,PT2760N,2009.0,7.0,2
2013041251,,0,NJ,TJK42A,2014.0,7.0,2
2013041310,,0,PA,PTW2HV,,7.0,2
2013041316,,0,Z,I5LR58I,,6.0,1
2013041882,,0,ME,B374275,2013.0,7.0,1
2013041882,,0,PA,XR86994,2013.0,7.0,2
2013041905,,0,IL,454226ST,2013.0,7.0,2
2013042004,,0,PA,XGS8708,1986.0,3.0,2
2013042229,,0,PA,PT0341L,2014.0,6.0,3
2013042835,,0,NJ,TJJ49J,2013.0,7.0,2
2013042875,,0,PA,XBL9529,2017.0,6.0,1
2013042875,,0,FL,6730CE,,7.0,2
2013043057,,0,PA,XHD2145,2013.0,3.0,2
2013043364,,0,PA,JFA4469,13.0,1.0,4
2013043403,,0,PA,E8N3076,9999.0,1.0,2
2013043488,,0,PA,XDA2887,2014.0,3.0,2
2013043568,,0,PA,XDS2725,2014.0,7.0,2
2013043682,,0,ME,165077A,2016.0,7.0,2
2013043798,,0,NE,999999999999,2016.0,7.0,1
2013044226,,0,PA,PT-43495,9999.0,7.0,1
2013044226,,0,IN,P109318,9999.0,7.0,2
2013044348,,0,PA,PT2441K,2013.0,7.0,1
2013044354,,0,PA,PT7612J,2013.0,7.0,2
2013044361,,0,NY,AT42317,2013.0,7.0,4
2013044420,,0,PA,XHA3233,2013.0,3.0,2
2013044447,,0,PA,XZ51310,2013.0,3.0,2
2013044555,,0,GA,LE8630A,2013.0,6.0,1
2013045272,,0,,9999999,,3.0,2
2013045443,,0,PA,PT3159K,9999.0,7.0,1
2013045526,,0,PA,PT-8898R,2013.0,7.0,1
2013045527,,0,PA,XFK3823,2003.0,7.0,1
2013046205,,0,FL,1990LG,2014.0,6.0,2
2013046242,,0,,,,2.0,1
2013046415,,0,,,,9.0,1
2013046422,,0,ZZ,999999999999,9999.0,7.0,2
2013046461,,0,ZZ,T44778A,9999.0,7.0,3
2013046878,,0,,,,8.0,2
2013047106,,0,ME,2129694,2021.0,7.0,1
2013047172,,0,DE,TFT43W,2013.0,3.0,3
2013047221,,0,ZZ,999999999999,9999.0,7.0,1
2013047232,,0,ZZ,KG90K,9999.0,7.0,1
2013047530,,0,MO,7589CE,2013.0,7.0,2
2013047568,,0,PA,PT3755T,2013.0,7.0,3
2013048110,,0,ON,J8856V,2013.0,7.0,1
2013048140,,0,,,,8.0,1
2013048269,,0,TN,U281829,2015.0,7.0,2
2013048813,,0,,,,7.0,2
2013048943,,0,ZZ,NO-TAG,999.0,8.0,2
2013049020,,0,PA,XBD7225,2013.0,7.0,1
2013049020,,0,ME,1584960,2013.0,7.0,2
2013049022,,0,ME,2247526,2013.0,7.0,2
2013049042,,0,PA,PT9392P,,7.0,1
2013049352,,0,NJ,T68D5L,2013.0,7.0,3
2013049524,,0,PA,XNO5466,,3.0,1
2013049539,,0,NJ,TFV83V,2013.0,3.0,3
2013049683,,0,PA,PT8904M,2004.0,6.0,2
2013049954,,0,ZZ,99999999,2013.0,7.0,1
2013050093,,0,TN,U037701,2000.0,7.0,1
2013050097,,0,PA,XZ90710,2014.0,3.0,2
2013050105,,0,OH,TPY7504,2013.0,7.0,1
2013050251,,0,MO,I9A836,9999.0,7.0,1
2013050355,,0,ZZ,999999999999,9999.0,7.0,1
2013050522,,0,TX,X80324,2013.0,6.0,2
2013050524,,0,PA,PT8257M,2013.0,7.0,1
2013050646,,0,TN,T986993,2013.0,7.0,1
2013050647,,0,TN,U310389,2011.0,7.0,1
2013050708,,0,PA,XGP6049,2013.0,3.0,2
2013050870,,0,ME,15TRL59523,2013.0,7.0,1
2013050870,,0,ME,SEE NARRATIV,2013.0,7.0,2
2013050872,,0,IL,T486560,2013.0,6.0,2
2013050992,,0,PA,XDF1178,2013.0,3.0,1
2013051022,,0,PA,PT8655J,9999.0,7.0,1
2013051194,,0,ME,151199B,2015.0,7.0,1
2013051353,,0,PA,PT0797N,9999.0,7.0,1
2013051387,,0,MI,B736812,,8.0,1
2013051388,,0,,,,1.0,3
2013051792,,0,PA,XDZ8323,2013.0,7.0,1
2013051851,,0,PA,PT5031F,,7.0,1
2013051952,,0,PA,PT5952S,2001.0,7.0,2
2013051957,,0,QC,RA6884Q,2013.0,7.0,2
2013051960,,0,NJ,141943N,2014.0,3.0,1
2013052027,,0,WI,648908,2000.0,6.0,2
2013052162,,0,ME,1759013,2013.0,7.0,1
2013052354,,0,ME,1691387,2005.0,7.0,1
2013052366,,0,PA,XW84058,2017.0,7.0,2
2013052698,,0,ME,1637963,2013.0,6.0,2
2013052701,,0,PA,PT2940H,2099.0,7.0,2
2013053043,,0,NJ,OW373N,,1.0,1
2013053043,,0,PA,HZ01,,1.0,2
2013053131,,0,PA,HRD8016,2013.0,1.0,2
2013053160,,0,PA,XDT8978,2013.0,6.0,1
2013053163,,0,PA,PT404C,2013.0,6.0,3
2013053255,,0,IL,T490167,2014.0,7.0,2
2013053305,,0,PA,XDL2167,14.0,3.0,2
2013053508,,0,PA,XGN4418,2013.0,7.0,1
2013053559,,0,IL,431018ST,2013.0,7.0,3
2013053575,,0,PA,XFR8197,2012.0,3.0,2
2013053917,,0,ZZ,UNK,1999.0,7.0,1
2013053934,,0,NJ,THP25X,2014.0,7.0,2
2013054131,,0,PA,PT4590L,2013.0,6.0,2
2013054316,,0,NJ,TCV75C,2014.0,3.0,1
2013054367,,0,PA,TF8637K,2014.0,7.0,2
2013054455,,0,PA,XDM6972,2008.0,3.0,2
2013055196,,0,PA,XDJ3603,,6.0,2
2013055304,,0,,,,9.0,1
2013055308,,0,,I,,1.0,1
2013055356,,0,PA,XF5IYR,9999.0,3.0,2
2013055422,,0,ZZ,999999999999,9999.0,7.0,2
2013055430,,0,,,,2.0,1
2013055430,,0,,,,2.0,2
2013055446,,0,ZZ,999999999999,9999.0,7.0,2
2013055569,,0,PA,YHA9984,2013.0,3.0,1
2013055605,,0,,A6O936,,7.0,1
2013055844,,0,,IVL,,,1
2013055926,,0,ZZ,999999999999,9999.0,7.0,2
2013056520,,0,OK,3977KE,2013.0,7.0,1
2013056526,,0,GA,LE02111C,2013.0,7.0,1
2013056598,,0,PA,AF92165,2013.0,7.0,1
2013056657,,0,SC,IAK976,2014.0,1.0,2
2013056797,,0,PA,XDY0854,2013.0,3.0,1
2013056922,,0,ME,2242073,2013.0,7.0,1
2013057070,,0,NC,BT87803,2014.0,6.0,2
2013057160,,0,PA,PT8278H,2099.0,7.0,1
2013057165,,0,NJ,TKH35A,2013.0,6.0,1
2013057168,,0,DE,T32125,2014.0,7.0,1
2013057309,,0,,,,7.0,1
2013057445,,0,IL,361363ST,2013.0,7.0,1
2013057445,,0,ME,18TLR37489,2013.0,7.0,3
2013057470,,0,PA,PT9472R,2003.0,7.0,2
2013057669,,0,ME,642098,2013.0,7.0,2
2013057799,,0,PA,XGL2683,,6.0,1
2013057837,,0,,,,3.0,1
2013057840,,0,ZZ,,,9.0,2
2013057946,,0,PA,PT8449L,2013.0,7.0,1
2013058088,,0,IL,T486533,2013.0,6.0,1
2013058139,,0,PA,XGN5176,,3.0,3
2013058525,,0,PA,XGT1834,2012.0,3.0,2
2013058539,,0,PA,XBK5935,2014.0,3.0,1
2013058647,,0,PA,XGD2629,2014.0,3.0,2
2013058655,,0,PA,XGA3745,2011.0,3.0,1
2013058710,,0,DE,T77284,2013.0,7.0,2
2013058732,,0,ZZ,UNKNOWN,,7.0,1
2013058746,,0,PA,PT28666J,2013.0,7.0,1
2013059242,,0,OK,3565GY,2013.0,7.0,2
2013059242,,0,MN,8830STL,2013.0,7.0,5
2013059512,,0,OK,1142CJ,2013.0,7.0,2
2013059632,,0,ME,1784946,2018.0,7.0,2
2013059681,,0,ME,1671776,2001.0,7.0,1
2013060432,,0,PA,XDN2748,2013.0,8.0,2
2013061064,,0,PA,XGV6097,2013.0,6.0,1
2013061067,,0,ZZ,999999999999,9999.0,7.0,2
2013061081,,0,ME,153695B,2015.0,7.0,2
2013061082,,0,PA,PT2261A,2013.0,7.0,3
2013061082,,0,NJ,TU43L,2007.0,7.0,4
2013061369,,0,PA,PT7339P,2013.0,6.0,2
2013061420,,0,PA,XV25612,2014.0,6.0,1
2013061561,,0,IL,PT124014,2013.0,7.0,1
2013061667,,0,PA,PT7283N,,7.0,1
2013061886,,0,ME,1753701,2013.0,7.0,1
2013061886,,0,ME,1884860,2013.0,7.0,2
2013061887,,0,ME,1571002,2013.0,7.0,2
2013061888,,0,ZZ,999999,2014.0,7.0,2
2013062033,,0,PA,XGZ8963,2000.0,3.0,3
2013062062,,0,ZZ,UNKNOWN,9999.0,7.0,2
2013062071,,0,TN,T987800,1994.0,7.0,1
2013062401,,0,PA,XS79338,2013.0,3.0,1
2013062402,,0,ME,155198D,2013.0,7.0,1
2013062522,,0,NJ,TFA23D,9999.0,7.0,2
2013062523,,0,PA,H2540K,9999.0,7.0,1
2013062856,,0,CA,4KL2785,2017.0,6.0,1
2013062886,,0,PA,XHF0865,2014.0,6.0,1
2013062916,,0,PA,XGK2318,1995.0,3.0,2
2013062974,,0,TN,T386336,2013.0,7.0,2
2013062977,,0,PA,PT2964S,2011.0,6.0,1
2013062979,,0,NJ,TKX33J,2014.0,7.0,2
2013063140,,0,NJ,,,1.0,1
2013063148,,0,NJ,TDY95K,2007.0,4.0,3
2013063206,,0,PA,XN38017,2014.0,3.0,1
2013063311,,0,PA,PT2009W,2068.0,7.0,1
2013063348,,0,PA,XCX2151,1990.0,6.0,2
2013063547,,0,ME,2331438,2013.0,7.0,2
2013063571,,0,TN,U162769,2014.0,7.0,1
2013063724,,0,,,,8.0,2
2013063824,,0,PA,YW86302,13.0,3.0,2
2013063940,,0,,,,7.0,1
2013064093,,0,IL,T447884,2013.0,7.0,2
2013064101,,0,PA,XM05863,2013.0,6.0,1
2013064264,,0,PA,XFC6736,2009.0,8.0,2
2013064283,,0,PA,XFN3230,2009.0,3.0,2
2013064300,,0,OK,2585GY,2014.0,7.0,1
2013064322,,0,PA,PT8465R,9999.0,8.0,2
2013064388,,0,ME,23TLR38505,2013.0,6.0,1
2013064390,,0,ME,1946444,2019.0,7.0,2
2013064394,,0,PA,PT9573E,1999.0,7.0,2
2013064736,,0,NY,BC44398,2013.0,7.0,2
2013064791,,0,PA,WDA2387,2014.0,3.0,2
2013065035,,0,NJ,T1B146,2013.0,7.0,2
2013065175,,0,IL,80506ST,1998.0,7.0,1
2013065323,,0,A,,,1.0,2
2013065323,,0,M,,,1.0,3
2013065467,,0,,1,,1.0,1
2013065554,,0,,M75S,,7.0,2
2013065864,,0,PA,XN37265,2014.0,7.0,2
2013065867,,0,PA,PT1084S,2013.0,7.0,1
2013065868,,0,ZZ,UNKNOWN,2013.0,7.0,1
2013065869,,0,OK,9161FH,2013.0,7.0,1
2013065873,,0,IL,T350210,2013.0,7.0,1
2013065874,,0,CA,4LL5727,2013.0,7.0,2
2013066123,,0,IL,T226214,2014.0,7.0,2
2013066156,,0,PA,XT06040,2014.0,7.0,1
2013066229,,0,OH,SUA7197,2013.0,6.0,2
2013066524,,0,OK,3556GS,2013.0,7.0,2
2013066529,,0,IL,449265ST,2013.0,7.0,2
2013066794,,0,,,,7.0,2
2013066837,,0,OK,1094JH,2013.0,7.0,1
2013067171,,0,PA,PT84574,,7.0,2
2013067268,,0,PA,XS09526,2014.0,3.0,3
2013067268,,0,MI,C609098,2014.0,3.0,5
2013067276,,0,,,,6.0,2
2013067294,,0,SC,UP14491,14.0,7.0,1
2013067444,,0,PA,XGV2012,2005.0,3.0,1
2013067450,,0,PA,XL58056,2013.0,7.0,2
2013067642,,0,PA,PT6722M,2099.0,6.0,1
2013067703,,0,ME,1814169,2018.0,7.0,2
2013067751,,0,,IV,,,2
2013067888,,0,TN,T933000,2013.0,7.0,2
2013068312,,0,IN,P288890,2013.0,7.0,1
2013068558,,0,PA,XGT5664,2012.0,6.0,1
2013068600,,0,,,,1.0,1
2013068700,,0,NJ,TJY97P,2013.0,7.0,2
2013068709,,0,ZZ,UNKNOWN,2013.0,7.0,3
2013068712,,0,PA,XGF3810,2013.0,2.0,1
2013068751,,0,NE,232418,9999.0,7.0,1
2013068797,,0,OK,6329JM,2011.0,7.0,1
2013068885,,0,IL,129257ST,2013.0,7.0,1
2013069099,,0,WI,625703,2008.0,7.0,1
2013069101,,0,PA,XHJ9172,2013.0,7.0,1
2013069687,,0,PA,XFX7089,2010.0,3.0,1
2013069754,,0,PA,PT9679G,2002.0,7.0,2
2013069781,,0,ME,1840002,2014.0,7.0,2
2013069782,,0,NJ,TAA63P,2014.0,3.0,2
2013069836,,0,PA,XGD1279,14.0,3.0,2
2013069990,,0,NJ,TEU50W,2015.0,7.0,2
2013070121,,0,ZZ,2I68I,9999.0,7.0,1
2013070348,,0,ZZ,999999999999,9999.0,7.0,2
2013070390,,0,OK,73716PY,,7.0,1
2013070449,,0,FL,GCT963,,3.0,1
2013070509,,0,ZZ,7O870B,9999.0,7.0,2
2013070521,,0,ZZ,999999999999,9999.0,7.0,2
2013070664,,0,ZZ,UNKNOWN,2014.0,7.0,2
2013070677,,0,WI,608037,2014.0,7.0,2
2013071515,,0,PA,XFR2768,2020.0,8.0,3
2013071519,,0,PA,PT6164T,2099.0,7.0,2
2013071770,,0,PA,XGF9496,2011.0,3.0,1
2013071934,,0,NY,BB95322,2013.0,7.0,2
2013071952,,0,PA,PT8516V,2013.0,7.0,1
2013072088,,0,IA,RP8958,2099.0,7.0,2
2013072131,,0,PA,XGY2253,2014.0,6.0,1
2013072710,,0,IL,3475762T,2013.0,7.0,2
2013072759,,0,PA,PT8687N,9999.0,7.0,2
2013072870,,0,PA,PT2629L,2013.0,7.0,1
2013072870,,0,PA,PT2900A,,7.0,2
2013073124,,0,PA,XM40606,2013.0,5.0,2
2013073219,,0,,,,3.0,2
2013073313,,0,ME,2518422,1975.0,7.0,1
2013073322,,0,NJ,TFJ33A,2013.0,6.0,2
2013073536,,0,PA,PT1701R,2014.0,7.0,1
2013073536,,0,PA,PT1703R,2014.0,7.0,2
2013073536,,0,TN,T691849,2013.0,7.0,3
2013073707,,0,ME,P75598,2013.0,7.0,1
2013073814,,0,PA,XM09225,2013.0,6.0,2
2013073844,,0,PA,XGX6822,2014.0,6.0,2
2013074019,,0,PA,XGG3418,2008.0,3.0,1
2013074023,,0,OH,TQA9987,2013.0,6.0,2
2013074026,,0,ZZ,UNKNOWN,9999.0,7.0,2
2013074028,,0,PA,XBL8383,1996.0,7.0,1
2013074039,,0,PA,XHG6507,2014.0,3.0,2
2013074279,,0,,,,7.0,1
2013074384,,0,PA,XDE4507,2003.0,6.0,2
2013074504,,0,TN,T724962,2015.0,6.0,2
2013075098,,0,PA,DDW6653,2013.0,1.0,1
2013075177,,0,,,,3.0,1
2013075233,,0,PA,XGB2517,2013.0,7.0,1
2013075259,,0,PA,XP38786,2014.0,8.0,2
2013076202,,0,PA,PT8663K,9999.0,6.0,3
2013076386,,0,TN,U226049,2014.0,7.0,3
2013076417,,0,PA,PT1634H,2004.0,7.0,2
2013076660,,0,ME,1567864,,7.0,2
2013076667,,0,IL,368966ST,2009.0,7.0,2
2013076709,,0,PA,XN68321,1990.0,7.0,1
2013076794,,0,PA,XY93536,2013.0,7.0,1
2013076798,,0,CA,4HF7489,2016.0,7.0,1
2013077044,,0,PA,XZ43656,1996.0,3.0,1
2013077426,,0,,T,,,2
2013077437,,0,,,,6.0,2
2013077464,,0,OR,HR96QH8,9999.0,7.0,2
2013077477,,0,PA,PD2954Y,,2.0,2
2013077660,,0,IL,T363791,2014.0,7.0,1
2013077667,,0,TN,U032041,2013.0,7.0,1
2013077803,,0,PA,PT0983F,,7.0,2
2013077900,,0,PA,PT4746T,,7.0,2
2013077918,,0,PA,XHE3302,1986.0,3.0,2
2013077930,,0,DE,XC672419,2013.0,3.0,2
2013078021,,0,ME,1854903,2013.0,7.0,1
2013078188,,0,ME,2039773,,6.0,1
2013078271,,0,MD,,,7.0,2
2013078610,,0,PA,XFB4337,2014.0,3.0,2
2013078798,,0,PA,XGY1369,2013.0,3.0,1
2013078799,,0,PA,CXX0985,2013.0,3.0,2
2013078840,,0,IN,UNK,2014.0,7.0,1
2013078840,,0,TN,UNK,2014.0,7.0,2
2013078957,,0,NC,BA40597,2013.0,7.0,1
2013079034,,0,PA,PT1006K,,7.0,2
2013079202,,0,ID,TE5452,2013.0,7.0,1
2013079437,,0,,,,9.0,1
2013079504,,0,,,,2.0,2
2013079548,,0,,,,8.0,1
2013079616,,0,PA,XGE2536,9999.0,7.0,1
2013079745,,0,IN,P46403,14.0,7.0,2
2013079820,,0,ZZ,99999999,1996.0,3.0,1
2013079823,,0,PA,PT7657H,2014.0,7.0,2
2013079856,,0,PA,PT4108R,9999.0,7.0,2
2013079948,,0,ZZ,999999999999,9999.0,7.0,1
2013079978,,0,NJ,T443I,9999.0,7.0,3
2013079981,,0,PA,M0246S,,7.0,2
2013080086,,0,,,,9.0,1
2013080086,,0,,,,9.0,2
2013080203,,0,PA,XGE0560,2013.0,8.0,1
2013080432,,0,ZZ,999999999999,9999.0,7.0,3
2013080447,,0,IL,T300333,,7.0,2
2013081018,,0,,,,7.0,1
2013081069,,0,ZZ,UNKNOWN,,7.0,2
2013081308,,0,PA,PT2121B,2014.0,7.0,2
2013081478,,0,OK,5857JB,2014.0,7.0,2
2013081646,,0,,,,6.0,2
2013081899,,0,NJ,TFS41X,2013.0,7.0,1
2013081964,,0,,,,6.0,2
2013082064,,0,ME,356244Z,2014.0,7.0,3
2013082065,,0,MI,B466672,2013.0,7.0,1
2013082065,,0,MN,6992STJ,2013.0,7.0,2
2013082068,,0,IL,440430ST,2014.0,7.0,1
2013082070,,0,IN,P243712,2013.0,7.0,2
2013082112,,0,,,,7.0,2
2013082185,,0,PA,PT0474J,2013.0,7.0,1
2013082260,,0,PA,XBA7705,2000.0,3.0,2
2013082435,,0,NY,15565C5,2013.0,7.0,1
2013082556,,0,ME,163802,2013.0,7.0,2
2013082778,,0,TX,0106910,2014.0,6.0,2
2013082784,,0,PA,PT9020M,,6.0,2
2013082788,,0,IL,T435522,99.0,7.0,1
2013082932,,0,PA,PT4044G,,3.0,1
2013083295,,0,TN,TNT754509,,6.0,1
2013083336,,0,NJ,999999,,6.0,2
2013083561,,0,NJ,TMD33H,2013.0,3.0,1
2013083611,,0,PA,XZ90770,2014.0,8.0,2
2013083675,,0,FL,1205CE,,7.0,1
2013083831,,0,PA,XY82806,2015.0,5.0,1
2013083833,,0,PA,XV16979,2014.0,7.0,2
2013083850,,0,ZZ,UNKNOWN,,7.0,3
2013083857,,0,PA,PT8118P,2004.0,7.0,1
2013083949,,0,ME,1469993,2014.0,7.0,2
2013083953,,0,MD,56488TL,2014.0,6.0,1
2013083955,,0,PA,PT9727A,2014.0,3.0,1
2013083999,,0,,9,,1.0,2
2013084140,,0,PA,PT2377R,2014.0,7.0,2
2013084147,,0,NC,T883202,2013.0,7.0,2
2013084156,,0,IN,T461260,2002.0,6.0,3
2013084357,,0,PA,XDL2417,2013.0,3.0,1
2013084521,,0,IL,42407ST,2014.0,7.0,1
2013084522,,0,PA,PT2017K,2007.0,7.0,1
2013084524,,0,ME,156870,2015.0,6.0,2
2013084809,,0,MA,SM86316,2013.0,7.0,1
2013084825,,0,NJ,TLR62E,2013.0,3.0,1
2013085389,,0,PA,YGS7463,2014.0,3.0,2
2013085472,,0,,,,8.0,2
2013085848,,0,PA,XBL8134,2003.0,3.0,2
2013085952,,0,ZZ,UNKNOWN,,6.0,2
2013086049,,0,ME,156372D,2015.0,6.0,2
2013086050,,0,ME,2343267,2023.0,6.0,1
2013086080,,0,PA,XGB7326,13.0,7.0,2
2013086095,,0,PA,XHH0718,2014.0,3.0,2
2013086222,,0,,,,7.0,1
2013086386,,0,PA,XT02069,2013.0,3.0,1
2013086408,,0,PA,XHG7705,2014.0,3.0,1
2013086541,,0,TN,U427619,2013.0,6.0,1
2013086670,,0,PA,EVZ6035,,1.0,2
2013086725,,0,ZZ,999999999999,9999.0,7.0,1
2013086747,,0,ZZ,999999999999,9999.0,7.0,2
2013086807,,0,PA,PT9YS2L,9999.0,7.0,2
2013087052,,0,PA,XN72703,2014.0,8.0,2
2013087262,,0,NJ,THT12F,,5.0,2
2013087586,,0,PA,XGG0148,2014.0,3.0,2
2013087968,,0,PA,XN53614,2014.0,6.0,1
2013088035,,0,PA,XDJ2494,2001.0,3.0,1
2013088211,,0,ZZ,999999999999,9999.0,7.0,1
2013088213,,0,IL,T344194,2014.0,7.0,1
2013088219,,0,ME,16TLR8392C,2099.0,7.0,2
2013088249,,0,PA,XCK0656,2016.0,3.0,1
2013088318,,0,PA,XHG0986,13.0,7.0,2
2013088325,,0,PA,XFB2719,14.0,3.0,1
2013088477,,0,ME,1663618,2013.0,7.0,1
2013088571,,0,PA,XDN2756,2008.0,3.0,2
2013088646,,0,NJ,TKC26X,2013.0,7.0,1
2013088646,,0,PA,XT75272,2013.0,7.0,3
2013088865,,0,TN,U128264,2013.0,7.0,1
2013088985,,0,PA,XPD2396,2014.0,8.0,1
2013088985,,0,PA,9999,2014.0,8.0,5
2013088990,,0,OR,HU67782,2013.0,7.0,1
2013089317,,0,OR,GW90490,2014.0,7.0,1
2013089317,,0,TN,U270852,2014.0,6.0,3
2013089337,,0,PA,PA 4607A,2014.0,8.0,2
2013089775,,0,ME,2237027,,7.0,1
2013089810,,0,ON,J7955V,2013.0,7.0,1
2013089812,,0,PA,PT4761R,2013.0,7.0,1
2013089873,,0,PA,XHJ4231,1997.0,3.0,2
2013090131,,0,PA,PT0972B,2014.0,6.0,2
2013090168,,0,PA,RT61362,2014.0,1.0,2
2013090325,,0,TX,033B164,2014.0,7.0,1
2013090389,,0,,UNKNOWN,,7.0,3
2013091208,,0,ZZ,UNKNOWN,2013.0,7.0,2
2013091243,,0,PA,PT2383H,2013.0,7.0,1
2013091309,,0,PA,XGK2318,,3.0,2
2013091385,,0,NJ,T4C773,2014.0,6.0,1
2013091468,,0,DE,T48512,2014.0,7.0,2
2013091538,,0,PA,PT7830N,2001.0,7.0,2
2013091542,,0,MI,C603173,2013.0,7.0,2
2013091564,,0,TN,U439341,2099.0,7.0,1
2013091889,,0,PA,XZ51951,2014.0,3.0,2
2013092045,,0,CA,4LZ2137,2013.0,7.0,2
2013092233,,0,PA,XM76828,,3.0,2
2013092269,,0,,,,3.0,2
2013092290,,0,NC,CB13131,2012.0,3.0,2
2013092490,,0,IN,P178197,,7.0,3
2013092555,,0,ME,366432Z,2014.0,7.0,1
2013092822,,0,ME,1679718,2016.0,7.0,1
2013092974,,0,PA,XW98866,,6.0,2
2013093115,,0,ZZ,76Q2Q,9999.0,7.0,2
2013093141,,0,ZZ,M2D5BI,9999.0,3.0,1
2013093181,,0,ZZ,999999999999,9999.0,7.0,1
2013093181,,0,ZZ,999999999999,9999.0,7.0,2
2013093494,,0,,,,3.0,3
2013093514,,0,PA,PT3266F,9999.0,7.0,4
2013093700,,0,TN,T960406,2013.0,7.0,1
2013093818,,0,NC,AA93120,2015.0,7.0,2
2013094026,,0,MO,04A313,2014.0,6.0,3
2013094546,,0,PA,XB7992,2013.0,6.0,2
2013094835,,0,PA,XY60340,2015.0,3.0,2
2013094928,,0,PA,AF85718,2000.0,7.0,1
2013094935,,0,ME,1842420,2014.0,7.0,2
2013095023,,0,PA,XDC6149,2014.0,6.0,1
2013095134,,0,PA,PT0401W,2013.0,7.0,1
2013095164,,0,,,,8.0,2
2013095186,,0,PA,PT6131S,,7.0,1
2013095358,,0,VA,311275TL,2013.0,7.0,2
2013095395,,0,NJ,TDA72F,,7.0,1
2013095395,,0,TN,T264588,,7.0,2
2013095473,,0,PA,PT6771P,2013.0,7.0,2
2013095624,,0,TN,T776765,2005.0,6.0,1
2013095694,,0,ME,1699885,2015.0,7.0,3
2013095701,,0,ZZ,UNKNOWN,2013.0,7.0,2
2013095817,,0,PA,XGJ2238,2014.0,3.0,1
2013096096,,0,ZZ,999999999999,9999.0,7.0,1
2013096099,,0,,,,2.0,99
2013096310,,0,PA,XFP3520,2014.0,3.0,1
2013096370,,0,PA,PT1564S,13.0,6.0,1
2013096372,,0,PA,XFC4879,2014.0,7.0,2
2013096472,,0,ZZ,999999999999,9999.0,7.0,1
2013096507,,0,NY,BC26304,13.0,7.0,1
2013096571,,0,PA,XV96194,1998.0,7.0,2
2013096623,,0,,,,8.0,1
2013096794,,0,TN,T327401,1999.0,6.0,1
2013096891,,0,NJ,TMD51V,2014.0,5.0,2
2013096918,,0,PA,XFT4484,,6.0,2
2013097005,,0,PA,PT1225B,2014.0,7.0,1
2013097193,,0,PA,XDH6409,,3.0,2
2013097248,,0,ZZ,UNKNOWN,9999.0,7.0,1
2013097286,,0,PA,XGY9506,2012.0,3.0,3
2013097365,,0,PA,XZ43297,2014.0,6.0,2
2013097486,,0,PA,XGP2866,2014.0,7.0,1
2013097489,,0,NJ,T995HB,2013.0,7.0,2
2013097738,,0,PA,XFN7004,2013.0,6.0,2
2013098057,,0,NJ,TKY67C,2013.0,8.0,1
2013098063,,0,ID,TE6408,2013.0,7.0,1
2013098091,,0,ME,152667D,2013.0,7.0,1
2013098091,,0,MI,C388208,2013.0,7.0,3
2013098095,,0,TN,T699864,2013.0,7.0,1
2013098098,,0,ME,1860728,2014.0,7.0,2
2013098417,,0,ZZ,999999999999,9999.0,7.0,2
2013098517,,0,PA,XFV0092,2010.0,3.0,1
2013098522,,0,NJ,TDR66W,2013.0,7.0,1
2013098828,,0,PA,XHE8446,2014.0,6.0,1
2013098829,,0,TN,T971681,2014.0,7.0,1
2013098832,,0,ME,182731A,2013.0,7.0,2
2013098857,,0,ME,16TLR9234A,2016.0,7.0,2
2013099541,,0,IN,P252008,9999.0,7.0,2
2013099997,,0,PA,PT2692T,9999.0,6.0,1
2013100168,,0,PA,XHG5503,2014.0,3.0,2
2013100485,,0,PA,HYB8909,2013.0,1.0,2
2013100485,,0,PA,PZC972C,2014.0,1.0,3
2013100526,,0,PA,XFN9049,2014.0,6.0,3
2013100536,,0,NJ,TKE38Y,,6.0,2
2013100554,,0,NJ,TFF83S,2014.0,6.0,2
2013100631,,0,OH,TNB3973,2014.0,7.0,1
2013100634,,0,ME,31TLR10737,2013.0,7.0,2
2013100653,,0,TN,T862671,2013.0,6.0,1
2013100784,,0,PA,XGE5803,2014.0,7.0,1
2013101016,,0,ZZ,T4887Y7,9999.0,7.0,2
2013101021,,0,ZZ,999999999999,9999.0,7.0,1
2013101049,,0,ZZ,999999999999,9999.0,7.0,2
2013101074,,0,ZZ,999999999999,9999.0,7.0,2
2013101102,,0,,,,9.0,1
2013101154,,0,TN,U2Y75I9,9999.0,7.0,1
2013101155,,0,IN,9939306,2014.0,7.0,1
2013101222,,0,ZZ,M9773C,9999.0,7.0,2
2013101374,,0,TN,T683508,2013.0,7.0,2
2013101376,,0,PA,PT1016W,2005.0,7.0,1
2013101712,,0,ZZ,UNK,,7.0,1
2013101724,,0,,7IIX7II,,,97
2013101725,,0,PA,Z8P43T,9999.0,1.0,1
2013101828,,0,,,,7.0,1
2013101873,,0,PA,PT2131J,2013.0,7.0,1
2013101925,,0,PA,PT6787F,2014.0,7.0,2
2013102003,,0,NJ,TKL96D,2014.0,7.0,1
2013103138,,0,NJ,THPP3W,2013.0,7.0,2
2013103235,,0,NJ,THC76K,2016.0,7.0,1
2013103630,,0,PA,PT3137T,2013.0,7.0,1
2013103918,,0,OK,Z43YG5,9999.0,7.0,2
2013103939,,0,PA,M252IN,9999.0,7.0,1
2013103979,,0,ZZ,999999999999,9999.0,7.0,2
2013103981,,0,NJ,T5VWA,9999.0,7.0,1
2013104042,,0,IL,461852TL,2013.0,7.0,1
2013104126,,0,ME,171767A,2016.0,7.0,2
2013104150,,0,NY,30362PC,2013.0,7.0,2
2013104532,,0,VA,87832,2013.0,6.0,2
2013104552,,0,IN,P203651,2014.0,7.0,1
2013104552,,0,NJ,TMK81N,2014.0,7.0,2
2013105185,,0,PA,PT4608T,2006.0,7.0,2
2013105280,,0,ME,174109A,2017.0,7.0,2
2013105363,,0,PA,XL62133,2018.0,3.0,2
2013105505,,0,IL,T48212,2005.0,7.0,2
2013105514,,0,TN,U441589,2014.0,7.0,1
2013105541,,0,PA,PT4168E,2013.0,7.0,3
2013105690,,0,NJ,TGF55X,2014.0,7.0,1
2013106269,,0,MO,876732,2014.0,7.0,1
2013106303,,0,PA,XHF0882,1996.0,3.0,1
2013106644,,0,ZZ,AZ76542,9999.0,6.0,2
2013106744,,0,ZZ,999999999999,9999.0,7.0,2
2013106746,,0,PA,RS306,9999.0,7.0,2
2013106761,,0,,,,3.0,2
2013106978,,0,IN,P332986,2014.0,7.0,2
2013107052,,0,ME,1752276,2099.0,7.0,1
2013107131,,0,NJ,TCF940,2015.0,8.0,1
2013107272,,0,PA,XDN6864,2007.0,8.0,2
2013108065,,0,NJ,TLC88U,2014.0,7.0,2
2013108188,,0,PA,XCR2113,2014.0,7.0,2
2013108407,,0,IL,42270ST,2013.0,7.0,1
2013108408,,0,ME,1455181,2014.0,7.0,2
2013108412,,0,ME,351312Z,2014.0,7.0,1
2013108484,,0,KY,54097T,2014.0,7.0,2
2013108637,,0,NJ,TBR35S,2014.0,7.0,2
2013108729,,0,ME,1492220,2014.0,7.0,1
2013108847,,0,OK,799ODZ,2013.0,7.0,2
2013109356,,0,ZZ,999999999999,9999.0,7.0,1
2013109451,,0,ZZ,999999999999,9999.0,7.0,1
2013109553,,0,ME,2049717,2014.0,7.0,2
2013109694,,0,PA,XDM1308,2014.0,8.0,3
2013109788,,0,NJ,TJU81B,,7.0,1
2013110179,,0,PA,PT5993H,2014.0,7.0,1
2013110820,,0,OK,4412FR,2013.0,6.0,1
2013111278,,0,PA,PT1483P,2014.0,7.0,1
2013111421,,0,TN,U400791,2014.0,7.0,2
2013111431,,0,PA,PT0479J,2015.0,7.0,2
2013111457,,0,ME,1466180,2008.0,7.0,2
2013111620,,0,PA,XFX0583,2017.0,3.0,2
2013111722,,0,ZZ,ZIE2I6,9999.0,7.0,2
2013111772,,0,IN,P046581,2014.0,7.0,3
2013112024,,0,ME,166778B,2016.0,7.0,2
2013112046,,0,OK,59032,2013.0,7.0,2
2013112452,,0,ME,62005,2017.0,7.0,2
2013112560,,0,GA,1328JW,2012.0,7.0,1
2013112789,,0,PA,XCB5557,2014.0,3.0,1
2013112789,,0,PA,XCB5557,2014.0,3.0,2
2013112791,,0,ME,2618302,2013.0,6.0,2
2013112939,,0,,,,1.0,1
2013113216,,0,WI,452798,,7.0,2
2013113490,,0,PA,PT6846J,2014.0,3.0,2
2013113592,,0,PA,XGY9960,2013.0,3.0,1
2013113816,,1,ME,1753819,2013.0,7.0,1
2013114100,,0,NJ,TAM51A,2013.0,7.0,1
2013114101,,0,PA,XDN3944,2008.0,8.0,1
2013114234,,0,NJ,TMC95G,2013.0,6.0,2
2013114311,,0,TN,U245819,2014.0,7.0,2
2013114770,,0,OK,4864JA,9999.0,6.0,1
2013114953,,0,WV,C253336,2020.0,6.0,2
2013114978,,0,WI,574976,2014.0,7.0,1
2013114986,,0,NJ,TKG90F,2015.0,7.0,3
2013115109,,0,PA,PT0886P,2014.0,7.0,3
2013115329,,0,PA,XGN2080,2013.0,6.0,1
2013115444,,0,PA,PT7226W,2002.0,7.0,1
2013115471,,0,MT,T32136,2014.0,7.0,2
2013115693,,0,PA,XGV1203,,3.0,2
2013115856,,0,PA,XS43725,2014.0,6.0,1
2013116219,,0,PA,PT0417N,2014.0,7.0,2
2013116412,,0,PA,PT9513S,2014.0,6.0,1
2013116495,,0,IL,T466714,2014.0,6.0,1
2013116652,,0,IL,343681,2007.0,7.0,2
2013116704,,0,ME,151116A,2015.0,6.0,2
2013116706,,0,ME,B143240,2014.0,7.0,1
2013116732,,0,ON,J7443C,2014.0,7.0,2
2013116941,,0,PA,PT6338S,2013.0,7.0,2
2013117010,,0,,,,8.0,2
2013117017,,0,PA,XHD0040,2013.0,6.0,2
2013117145,,0,ME,1661121,2014.0,7.0,1
2013117318,,0,PA,XFK7166,2014.0,7.0,2
2013117504,,0,KY,42136T,2099.0,7.0,2
2013117505,,0,TN,U405967,2014.0,7.0,1
2013117505,,0,NJ,TDR45Z,2014.0,7.0,8
2013117560,,0,TN,U281857,,7.0,2
2013117631,,0,,,,7.0,1
2013117633,,0,IL,466941ST,9999.0,7.0,1
2013117693,,0,PA,XT-31471,2013.0,3.0,1
2013117839,,0,OK,4902JF,2013.0,7.0,2
2013117840,,0,ZZ,NO TAG,2099.0,8.0,1
2013117845,,0,PA,XHA8536,2014.0,7.0,3
2013117847,,0,PA,PT6178H,2005.0,7.0,1
2013117985,,0,NE,206089,2013.0,7.0,2
2013118170,,0,IL,P374819,2014.0,7.0,2
2013118527,,0,NJ,TKM84C,2017.0,7.0,1
2013119028,,0,IN,P187709,2008.0,3.0,1
2013119090,,0,ID,CAV378,2013.0,3.0,1
2013119744,,0,MS,387798A,2014.0,7.0,1
2013119914,,0,WI,521766,2006.0,7.0,1
2013120274,,0,ME,2051862,2020.0,6.0,1
2013120601,,0,PA,XGB0333,14.0,3.0,2
2013120637,,0,,,,6.0,1
2013120644,,1,PA,XGK4345,2016.0,6.0,1
2013120805,,0,PA,PT4432H,2013.0,7.0,2
2013120838,,0,,,,8.0,2
2013120870,,0,PA,PT793AC,2014.0,6.0,2
2013120967,,0,PA,XGL2682,2014.0,7.0,1
2013121104,,0,PA,PT8645H,2099.0,7.0,2
2013121119,,0,ME,1866069,2013.0,7.0,2
2013121121,,0,ME,172952A,2014.0,6.0,1
2013121160,,0,ZZ,,,1.0,2
2013121322,,0,IL,P67082,9999.0,7.0,1
2013121744,,0,TN,T987303,2013.0,7.0,2
2013121817,,0,ME,B212112,2015.0,7.0,1
2013122179,,0,PA,PT2050W,2014.0,7.0,2
2013122241,,0,ME,32TLR13233,2032.0,7.0,1
2013122372,,0,IN,P298937,2014.0,6.0,2
2013122756,,0,ME,164451E,2016.0,7.0,1
2013122882,,0,ME,17TLR41098,2014.0,7.0,1
2013123220,,0,IN,P315790,2013.0,7.0,2
2013123545,,0,ZZ,999999999999,9999.0,7.0,2
2013123570,,0,MN,PAM0665,14.0,7.0,2
2013123582,,0,VA,388720TL,2013.0,6.0,2
2013123810,,0,OK,4197GH,2010.0,7.0,1
2013123973,,0,PA,XGP1824,,6.0,2
2013124514,,0,NJ,TFH88E,,6.0,2
2013124587,,0,,,,7.0,2
2013124627,,0,,,,9.0,2
2013124817,,0,PA,PT3552T,2013.0,7.0,2
2013124843,,0,IN,P279291,2013.0,7.0,1
2013125155,,0,PA,XBE5884,2000.0,6.0,2
2013125183,,0,TN,U388339,2014.0,7.0,2
2013125219,,0,PA,UNKNOWN,2014.0,6.0,2
2013125741,,0,AB,C57 57C,,7.0,2
2013125879,,0,NJ,6I027ID,,7.0,1
2013125992,,0,NJ,999999999999,9999.0,7.0,5
2013126068,,0,ME,14-2209A,1999.0,7.0,2
2013126148,,0,PA,PT5680R,2013.0,7.0,1
2013126430,,0,PA,XS99295,2017.0,3.0,2
2013126532,,0,ZZ,2RY8M,9999.0,7.0,1
2013126629,,0,PA,WL19785,2014.0,7.0,1
2013126656,,0,ZZ,UNKNOWN,2014.0,7.0,1
2013126904,,0,NJ,141943N,2013.0,3.0,2
2013127074,,0,ZZ,8738921,2014.0,7.0,2
2013128148,,0,PA,SRSRX,2013.0,1.0,3
2013128440,,0,PA,XDN4609,2015.0,3.0,1
2013129077,,0,TX,Y10764,2013.0,7.0,1
2013129395,,0,PA,XGYJ83,9999.0,7.0,1
2013129490,,0,TN,U3928L,9999.0,7.0,2
2013129695,,0,PA,XFA7674,2014.0,3.0,3
2013129705,,0,ZZ,UNKNOWN,2099.0,7.0,1
2013129705,,0,PA,PT7052P,2099.0,7.0,2
2013129707,,0,IL,242443ST,2004.0,7.0,1
2013129707,,0,OK,3904DX,2001.0,7.0,2
2013129954,,0,NJ,TKT620,,7.0,1
2013130001,,0,AL,A026793,2014.0,7.0,1
2013130085,,0,IN,SP508E,9999.0,7.0,1
2013130148,,0,OK,3133HB,2010.0,6.0,1
2013130414,,0,NJ,TJC50U,2015.0,7.0,2
2013130698,,0,PA,XBH9141,2014.0,8.0,1
2013130706,,0,MO,2686PF,2014.0,6.0,1
2013130861,,0,PA,PT4701V,2099.0,6.0,1
2013130905,,0,PA,XS64658,,7.0,1
2013131360,,0,,,,7.0,1
2013131381,,0,TN,U193026,9999.0,7.0,2
2013131715,,0,DE,T45162,2013.0,7.0,2
2013131736,,0,PA,XHE5215,2014.0,7.0,2
2013131958,,0,ME,B453779,2013.0,7.0,2
2013131964,,0,ME,1566613,2014.0,7.0,2
2013131969,,0,PA,XDW7286,2014.0,3.0,2
2013132120,,0,PA,XFB8043,2009.0,3.0,1
2013132132,,0,,,,8.0,2
2013132139,,0,PA,XGV7439,2000.0,6.0,2
2013132247,,0,TN,U398179,2014.0,6.0,2
2013132583,,0,NY,BA31271,2013.0,7.0,3
2013132769,,0,PA,XGT4992,2014.0,3.0,2
2013133445,,0,ME,162257E,,7.0,1
2013133833,,0,ME,1553905,2014.0,7.0,2
2013134190,,0,NJ,TCF-82J,2013.0,6.0,1
2013134215,,0,ME,1467339,2010.0,7.0,2
2013134436,,0,CA,4JV9620,2018.0,3.0,1
2013134591,,0,FL,C2826I,,7.0,2
2013134700,,0,NJ,THU47M,2014.0,5.0,2
2014000056,,0,ZZ,NONE,2014.0,1.0,2
2014000435,,0,ZZ,999999999999,9999.0,7.0,2
2014000440,,0,A,R,,1.0,1
2014001021,,0,ZZ,999999999999,9999.0,7.0,1
2014001117,,0,TN,UZ03824,2011.0,7.0,2
2014001503,,0,NJ,T8X793,2017.0,7.0,2
2014002585,,0,PA,PT8981H,2014.0,7.0,2
2014002745,,0,ZZ,999999999999,9999.0,7.0,2
2014002861,,0,PA,PT8353H,1999.0,7.0,1
2014003264,,0,PA,PT7998M,,7.0,2
2014003331,,0,IN,553164,2013.0,7.0,2
2014003710,,0,PA,PT4126L,2013.0,3.0,1
2014003852,,0,IN,PI0727O,2000.0,7.0,1
2014003964,,0,ZZ,UNKNOWN,2014.0,7.0,3
2014003980,,0,PA,X235069,2014.0,7.0,1
2014005378,,0,ME,1934121,2019.0,6.0,3
2014005382,,0,PA,XCK0665,2006.0,3.0,2
2014005563,,0,PA,PT6417R,2099.0,7.0,1
2014005563,,0,TN,T968355,2099.0,7.0,2
2014005563,,0,ME,B293508,2014.0,7.0,3
2014005863,,0,ON,K8396T,2014.0,6.0,1
2014006421,,0,PA,PT6030D,2014.0,7.0,1
2014006783,,0,PA,XP-67292,2013.0,3.0,3
2014006788,,0,NC,AA-97740,9999.0,7.0,1
2014008532,,0,PA,PT6118F,2014.0,7.0,2
2014008771,,0,CA,4LE4572,2016.0,6.0,1
2014009703,,0,ZZ,999999999999,9999.0,7.0,1
2014009745,,0,ZZ,999999999999,9999.0,7.0,2
2014009759,,0,PA,XCB3592,2014.0,3.0,1
2014009947,,0,NJ,TFT81R,2099.0,7.0,2
2014013137,,0,PA,XFK3B2Y,2000.0,7.0,2
2014013153,,0,ZZ,5IL08Z,2006.0,7.0,1
2014013295,,0,TN,8000,2014.0,6.0,1
2014013545,,0,TX,XE09,9999.0,7.0,1
2014013550,,0,ZZ,999999999999,9999.0,7.0,2
2014016073,,0,,,,7.0,2
2014016819,,0,,,,6.0,3
2014022792,,0,PA,97293MG,2007.0,3.0,1
2014048849,,0,PA,XY20832,2002.0,8.0,2
2015102675,,0,,,,7.0,1
2014000200,,0,NJ,VSP59X,9999.0,6.0,2
2014002143,,0,NC,AA97720,2014.0,6.0,2
2014002649,,0,PA,XHE3979,1995.0,7.0,2
2014002713,,0,,,,7.0,2
2014002954,,0,TN,T987752,2000.0,7.0,2
2014002957,,0,PA,XHD9702,2014.0,3.0,1
2014002994,,0,TX,02R1160,2014.0,3.0,2
2014003558,,0,ME,1773605,2014.0,6.0,1
2014003764,,0,,,,1.0,1
2014003784,,0,IN,P75473,2014.0,7.0,1
2014003982,,0,ME,1493334,2014.0,7.0,1
2014004291,,0,PA,PT9893M,2014.0,7.0,2
2014004713,,0,NJ,TEX49T,2015.0,3.0,1
2014005406,,0,NY,AX30217,2010.0,7.0,1
2014005510,,0,TN,U006728,2015.0,7.0,2
2014005817,,0,PA,HSJ1915,14.0,1.0,2
2014005817,,0,PA,HXF4867,14.0,1.0,3
2014005866,,0,KS,510983,2008.0,7.0,1
2014006398,,0,TN,T737092,2014.0,6.0,1
2014006424,,0,NY,2655C7,2014.0,7.0,1
2014006688,,0,PA,XHH4124,2014.0,6.0,1
2014006707,,0,TN,T874198,2014.0,7.0,2
2014007374,,0,ME,1753742,2014.0,7.0,1
2014008172,,0,TN,U109967,9999.0,7.0,12
2014008293,,0,ME,17TLR92528,2014.0,6.0,2
2014008294,,0,NJ,TBZ52K,2017.0,7.0,1
2014008296,,0,ZZ,UNKNOWN,2099.0,6.0,1
2014008301,,0,NJ,T9U282,2014.0,7.0,2
2014008305,,0,PA,PT9702F,2099.0,7.0,2
2014008312,,0,ME,1556501,2015.0,7.0,1
2014008595,,0,NC,AB19961,2099.0,7.0,1
2014008722,,0,IL,284976ST,2014.0,7.0,2
2014008736,,0,NC,AC31457,2014.0,6.0,1
2014008975,,0,PA,PT7171L,2014.0,7.0,1
2014009209,,0,PA,HRD8188,14.0,1.0,2
2014009209,,0,PA,DSR8188,14.0,1.0,3
2014009209,,0,PA,JFA4465,14.0,1.0,4
2014010233,,0,TN,T873595,,7.0,2
2014010235,,0,AR,PT96751,,7.0,1
2014010505,,0,ME,1746179,2014.0,7.0,1
2014011810,,0,PA,PT2654T,2014.0,7.0,2
2014012167,,0,DE,T76650,2015.0,7.0,1
2014012244,,0,PA,XS68128,2014.0,7.0,2
2014012306,,0,MO,26A164,,6.0,2
2014012406,,0,ME,1434958,2014.0,6.0,2
2014012453,,0,PA,JGA6271,2014.0,1.0,1
2014012453,,0,VA,495195TL,2099.0,7.0,2
2014012456,,0,ME,1855066,2018.0,7.0,2
2014012457,,0,MD,036022X,2014.0,7.0,1
2014012488,,0,CO,796TIR,,7.0,2
2014012718,,0,PA,PT7407T,2014.0,7.0,3
2014012784,,0,PA,XN10303,2014.0,7.0,2
2014012944,,0,PA,GJL6516,2014.0,1.0,2
2014012944,,0,PA,ZFA3476,2014.0,2.0,3
2014013286,,0,PA,AF59845,2099.0,7.0,1
2014013566,,0,NJ,TI4J6T,9999.0,7.0,3
2014013621,,0,ME,17TLR70458,2014.0,7.0,1
2014013741,,0,NJ,TLJ58K,2014.0,7.0,2
2014014141,,0,DE,T76483,2015.0,3.0,1
2014014381,,0,TN,U228605,14.0,7.0,2
2014014395,,0,NJ,T660WW,2014.0,7.0,2
2014014397,,0,MD,168942B,216.0,6.0,2
2014014437,,0,IL,T450259,2010.0,7.0,2
2014014677,,0,OH,TPZ7219,2014.0,7.0,2
2014015092,,0,ME,2352284,,7.0,1
2014015108,,0,OR,HS09196,2000.0,7.0,1
2014015196,,0,PA,XDP6757,2014.0,3.0,1
2014015255,,0,PA,PT1853V,2014.0,7.0,2
2014015401,,0,TN,T835734,2014.0,6.0,1
2014015703,,0,ME,1933601,2020.0,7.0,2
2014015706,,0,ME,2037122,2020.0,7.0,2
2014015707,,0,OK,2665DO,2014.0,7.0,2
2014015765,,0,NJ,TEV51P,2014.0,7.0,1
2014015972,,0,ME,1758519,2014.0,7.0,1
2014016057,,0,IN,T62572,9999.0,7.0,1
2014016083,,0,NJ,TLM34B,2015.0,7.0,2
2014016472,,0,ME,1444794,2014.0,7.0,2
2014016475,,0,NJ,T156VB,1988.0,6.0,2
2014016476,,0,PA,PT7949P,2099.0,7.0,2
2014016495,,0,IN,P151827,2013.0,7.0,1
2014016646,,0,PA,NONE,9999.0,8.0,2
2014016708,,0,IN,P83646,14.0,6.0,3
2014017127,,0,PA,PT2805X,2014.0,7.0,2
2014017149,,0,NJ,TBC54M,2017.0,7.0,1
2014017692,,0,ME,116353B,2014.0,7.0,1
2014018292,,0,,,,6.0,2
2014018525,,0,CA,4MH6881,2014.0,7.0,1
2014018737,,0,TN,U123253,2014.0,7.0,3
2014019070,,0,IN,P172720,2014.0,7.0,1
2014019109,,0,NY,2Z6OC5,9999.0,7.0,1
2014019203,,0,VA,177836TL,2005.0,7.0,1
2014019507,,0,OK,4612DU,2014.0,7.0,1
2014019667,,0,ME,1755538,2014.0,7.0,1
2014019958,,0,VA,444777TL,2014.0,7.0,1
2014019965,,0,IN,P237934,14.0,6.0,1
2014020021,,0,IN,P174523,2014.0,7.0,2
2014020025,,0,PA,PT5472X,2014.0,6.0,2
2014020358,,0,OK,9433CA,2099.0,7.0,1
2014020681,,0,ZZ,UNKNOWN,2014.0,7.0,1
2014020687,,0,ME,164157A,2014.0,7.0,2
2014021126,,0,PA,XCN7117,2014.0,8.0,1
2014021132,,0,FL,FL4836CA,2014.0,7.0,3
2014021140,,0,PA,XDR4465,2000.0,7.0,2
2014021141,,0,OK,3697GU,2014.0,7.0,1
2014021143,,0,NJ,TFTE,2016.0,7.0,2
2014021255,,0,NE,141706,2014.0,7.0,2
2014021321,,0,,,,7.0,1
2014021345,,0,IL,T411221,2099.0,7.0,2
2014021355,,0,PA,PT2502V,2014.0,3.0,2
2014021410,,0,IL,T493680,2014.0,6.0,2
2014021697,,0,NJ,T52G1T,2014.0,7.0,2
2014021699,,0,MO,7645PF,2014.0,7.0,3
2014021760,,0,PA,XHH9176,2015.0,5.0,2
2014021963,,0,TN,U313289,2012.0,7.0,2
2014021966,,0,ZZ,UNKNOWN,2099.0,7.0,2
2014021973,,0,IN,484597,2008.0,7.0,2
2014021977,,0,TN,U334196,2014.0,7.0,1
2014021977,,0,NE,196679,2014.0,7.0,2
2014022100,,0,ME,189935A,2014.0,6.0,1
2014022828,,0,ME,2419382,2014.0,7.0,2
2014023107,,0,IL,495744,,6.0,1
2014023448,,0,,,,6.0,2
2014023851,,0,ZZ,99999,2099.0,7.0,1
2014023851,,0,ZZ,99999,2099.0,7.0,2
2014023914,,0,CO,409UKL,2013.0,6.0,2
2014024027,,0,,,,6.0,3
2014024048,,0,OK,7188FP,2013.0,6.0,1
2014024281,,0,NJ,TKT87T,2014.0,7.0,1
2014024555,,0,ZZ,999999999999,9999.0,7.0,1
2014024753,,0,ME,1847964,2013.0,7.0,1
2014024755,,0,IN,P310202,2013.0,7.0,2
2014024829,,0,IN,P293771,2014.0,7.0,2
2014024830,,0,ON,E6945L,2014.0,7.0,1
2014024830,,0,ME,1699528,2014.0,7.0,3
2014025142,,0,PA,MG9056D,2014.0,8.0,1
2014025310,,0,,,,8.0,2
2014025383,,0,,,,3.0,2
2014025513,,0,ZZ,999999999999,9999.0,7.0,2
2014025531,,0,IN,B7547Q,9999.0,7.0,2
2014025606,,0,OK,3539CQ,2010.0,7.0,1
2014025606,,0,ME,1779460,2008.0,7.0,2
2014025609,,0,NJ,TJC40V,2014.0,7.0,1
2014026026,,0,ME,18TLR36141,2014.0,7.0,1
2014026323,,0,NJ,T1D243,2014.0,7.0,3
2014026579,,0,OR,HU68889,2014.0,7.0,2
2014026722,,0,IN,P291210,2014.0,7.0,2
2014026723,,0,ME,297414Z,2014.0,7.0,2
2014026726,,0,NC,AB82005,2015.0,6.0,2
2014027031,,0,IN,P289785,2014.0,7.0,1
2014027031,,0,IN,P251506,2014.0,7.0,2
2014027114,,0,PA,0000001,2014.0,7.0,1
2014027115,,0,ME,1883445,,6.0,1
2014027389,,0,IN,P352860,2014.0,7.0,3
2014027389,,0,ME,DBACRC,2014.0,7.0,5
2014027393,,0,OK,7081EJ,2012.0,7.0,2
2014027425,,0,NY,TN00801,2014.0,7.0,1
2014027668,,0,NS,PT65961,2014.0,7.0,2
2014027955,,0,MS,00137R,2014.0,3.0,1
2014028142,,0,MD,A904126,2014.0,7.0,2
2014028367,,0,PA,PT0638W,2003.0,7.0,2
2014028661,,0,WI,631915,2016.0,7.0,6
2014028661,,0,IA,TF4507,2014.0,7.0,19
2014028812,,0,PA,XGC2504,2015.0,6.0,2
2014029335,,0,GA,WD44PA,2015.0,1.0,1
2014029387,,0,PA,PT9732T,,7.0,1
2014029489,,0,TN,T645505,2014.0,7.0,1
2014029613,,0,PA,XDH6283,2014.0,6.0,2
2014029845,,0,,,,8.0,1
2014029867,,0,ZZ,999999999999,9999.0,7.0,2
2014030242,,0,DE,T94485,2014.0,6.0,1
2014030281,,0,,,,8.0,2
2014030322,,0,PA,XFE8005,2014.0,7.0,2
2014030334,,0,IN,P288652,2014.0,7.0,1
2014030419,,0,IN,P309222,2012.0,7.0,1
2014030598,,0,IA,TB9488,2004.0,7.0,2
2014030644,,0,PA,PT2324P,2015.0,7.0,2
2014031078,,0,NJ,T99R1P,2014.0,7.0,1
2014031444,,0,NJ,TJB27C,2014.0,7.0,1
2014031445,,0,IL,T350209,2014.0,7.0,1
2014031497,,0,WI,80515W,2008.0,6.0,1
2014031993,,0,PA,PT3390M,9999.0,7.0,1
2014032030,,0,PA,86711MG,1999.0,3.0,2
2014032048,,0,PA,XBG3599,2014.0,7.0,1
2014032225,,0,OK,4442JH,1999.0,7.0,2
2014032365,,0,ZZ,999999999999,9999.0,7.0,1
2014032374,,0,TA,HMGSHP,9999.0,7.0,2
2014032469,,0,PA,M920SE,9999.0,1.0,1
2014032661,,0,OK,8785JP,2014.0,7.0,1
2014032738,,0,PA,PT6927A,2099.0,7.0,2
2014032797,,0,IN,P293283,2014.0,7.0,2
2014032914,,0,PA,PT7327J,2005.0,6.0,1
2014032926,,0,NJ,TLR65H,2017.0,7.0,2
2014033185,,0,TN,U178423,2014.0,7.0,2
2014033187,,0,ME,1782552,2014.0,7.0,2
2014033517,,0,PA,PT4415W,2014.0,7.0,1
2014033629,,0,PA,XDE7266,2005.0,8.0,2
2014033634,,0,PA,PT9656V,9999.0,7.0,1
2014034130,,0,,,,3.0,1
2014034156,,0,ZZ,999999999999,9999.0,7.0,1
2014034165,,0,CA,4M930,9999.0,7.0,1
2014034169,,0,ZZ,999999999999,9999.0,7.0,1
2014034221,,0,ZZ,40KC,9999.0,8.0,4
2014034455,,0,ME,1649993,2015.0,7.0,1
2014034614,,0,ME,1949992,2014.0,7.0,2
2014034784,,0,PA,XCA7197,2014.0,6.0,1
2014034900,,0,PA,PT8443S,2099.0,7.0,1
2014035263,,0,ZZ,UNKNOWN,2015.0,7.0,1
2014035805,,0,,,,6.0,3
2014035827,,0,PA,PT3861T,2020.0,7.0,2
2014035830,,0,NJ,TKX86E,2016.0,6.0,2
2014036048,,0,IL,32747 ST,2014.0,7.0,1
2014036060,,0,PA,PT2685H,2014.0,7.0,2
2014036078,,0,,,,8.0,1
2014036105,,0,PA,HVE9422,,1.0,2
2014036105,,0,PA,HRG5447,2014.0,1.0,3
2014036237,,0,OK,4701K13,2013.0,6.0,2
2014036394,,0,PA,PT09531H,2005.0,7.0,2
2014036882,,0,MI,C660832,2014.0,7.0,1
2014037060,,0,PA,XN56279,2015.0,6.0,4
2014037262,,0,PA,PT9931L,9999.0,7.0,2
2014037355,,0,PA,JMG0585,2015.0,1.0,2
2014037355,,0,PA,JLB4987,2015.0,1.0,3
2014038039,,0,TN,T852918,2014.0,7.0,1
2014038244,,0,PA,XGD7336,2017.0,6.0,1
2014038364,,0,IN,SP4LI5AAD,2014.0,6.0,1
2014038561,,0,,,,9.0,1
2014038589,,0,PA,AG-01461,2007.0,7.0,1
2014038661,,0,TN,U374664,2014.0,6.0,2
2014038923,,0,TN,NZ0771661,,7.0,1
2014039037,,0,ZZ,156430,9999.0,7.0,1
2014039110,,0,NC,CB80596,2015.0,7.0,1
2014039435,,0,ZZ,UNKNOWN,9999.0,7.0,2
2014039637,,0,MS,028871A,2015.0,7.0,2
2014039646,,0,IL,T395781,2001.0,7.0,2
2014039697,,0,PA,XHD4232,2015.0,3.0,5
2014039714,,0,SC,,,7.0,1
2014039792,,0,PA,XGE5769,2014.0,3.0,1
2014039897,,0,PA,XHH5051,2014.0,3.0,2
2014040084,,0,PA,XHV7566,1999.0,3.0,1
2014040211,,0,TN,U000206,2014.0,6.0,1
2014040329,,0,IN,P349079,2007.0,7.0,2
2014040473,,0,MN,4178STA,2014.0,7.0,2
2014040483,,0,PA,XHD0993,2014.0,3.0,2
2014040774,,0,PA,PT3040K,2014.0,7.0,1
2014040903,,0,NJ,T28K3E,2016.0,6.0,2
2014040913,,0,ME,171418A,2014.0,7.0,1
2014041022,,0,PA,PT9687L,2001.0,3.0,2
2014041262,,0,TN,U206737,2099.0,7.0,2
2014041535,,0,PA,PT8147S,9999.0,7.0,1
2014041661,,0,ME,1933701,2014.0,7.0,2
2014041669,,0,IN,P180703,2015.0,7.0,2
2014042169,,0,,,,9.0,2
2014042197,,0,ME,B507708,2015.0,7.0,1
2014042273,,0,ZZ,999999999999,9999.0,7.0,1
2014042328,,0,PA,XDN4629,2014.0,3.0,1
2014042611,,0,ZZ,999999999999,9999.0,7.0,1
2014042689,,0,ZZ,999999999999,9999.0,7.0,1
2014042828,,0,NJ,TMS51J,2016.0,7.0,1
2014042849,,0,,,,8.0,1
2014042994,,0,PA,,,3.0,1
2014043023,,0,ME,14TLR93384,9999.0,7.0,1
2014043062,,0,ZZ,999999999999,9999.0,7.0,2
2014043078,,0,PA,4X49ZBY,9999.0,1.0,1
2014043299,,0,IL,508243ST,2015.0,7.0,1
2014043311,,0,PA,XGE5704,1996.0,3.0,2
2014043458,,0,ME,12TLR79272,2014.0,7.0,2
2014043514,,0,IL,340674ST,2014.0,7.0,1
2014043638,,0,OH,TQD5013,,7.0,2
2014044090,,0,VA,331757TL,2014.0,6.0,1
2014044253,,0,PA,PT67811,2013.0,7.0,2
2014044264,,0,PA,PT8259N,2099.0,7.0,2
2014044272,,0,ME,14TLR35570,2015.0,7.0,2
2014044484,,0,,,,7.0,1
2014044694,,0,PA,XGA7764,2014.0,3.0,2
2014044699,,0,PA,XHD0038,2014.0,3.0,1
2014044710,,0,ZZ,999999999999,9999.0,7.0,2
2014044747,,0,OR,HQ72486,2014.0,7.0,2
2014044749,,0,PA,PT7063V,2014.0,7.0,2
2014044749,,0,IL,498316,2014.0,7.0,3
2014044749,,0,PA,PT6024N,2014.0,7.0,4
2014044984,,0,PA,XHX5020,2007.0,6.0,2
2014045051,,0,PA,PT8923S,2015.0,6.0,1
2014045079,,0,IL,P825946,2014.0,7.0,2
2014045079,,0,OK,1542EP,2013.0,7.0,3
2014045079,,0,NJ,TAA41N,2014.0,7.0,4
2014045088,,0,PA,PT6151S,2015.0,7.0,2
2014045609,,0,PA,PT6472L,2016.0,7.0,1
2014046550,,0,,,,1.0,1
2014046691,,0,TN,T775405,1994.0,7.0,1
2014046713,,0,DE,T12623,2015.0,7.0,1
2014046925,,0,NJ,TBF48A,2014.0,7.0,1
2014047194,,0,PA,PT3446L,2014.0,6.0,1
2014047196,,0,FL,7560CK,2014.0,7.0,1
2014047235,,0,IN,P96836,2015.0,7.0,2
2014047238,,0,NY,2720B4,2014.0,7.0,1
2014047261,,0,PA,XBG1823,,7.0,2
2014047503,,0,PA,ZCZ2248,2014.0,6.0,2
2014047612,,0,IA,1278757,2015.0,7.0,2
2014047780,,0,ME,1947758,2015.0,7.0,2
2014047968,,0,PA,99999,2099.0,7.0,6
2014047968,,0,ZZ,UNKNOWN,2020.0,7.0,8
2014047968,,0,IL,2140160,2020.0,7.0,13
2014047968,,0,IL,42135ST,2099.0,7.0,16
2014047970,,0,OK,3602JJ,2014.0,7.0,2
2014048170,,0,ME,2339388,2014.0,7.0,2
2014048537,,0,PA,PT5681T,1989.0,7.0,1
2014048701,,0,PA,PT4108X,2015.0,7.0,1
2014048784,,0,PA,PT2847R,2014.0,7.0,1
2014048804,,0,ZZ,UNKNOWN,9999.0,7.0,1
2014048804,,0,NJ,TMG60C,2015.0,7.0,3
2014048852,,0,FL,4741CL,2099.0,7.0,3
2014048932,,0,PA,XHT0067,,3.0,1
2014048932,,0,NE,176681,9999.0,7.0,2
2014049061,,0,PA,XCH7777,2000.0,3.0,2
2014049111,,0,,,,1.0,1
2014049142,,0,PA,XHW5759,2015.0,8.0,1
2014049298,,0,IN,P234980,2014.0,7.0,2
2014049484,,0,ZZ,999999999999,9999.0,7.0,2
2014049587,,0,ZZ,999999999999,9999.0,7.0,2
2014049660,,0,ZZ,LE538O5,9999.0,7.0,1
2014049794,,0,,,,9.0,1
2014049798,,0,ZZ,999999999999,9999.0,7.0,1
2014049826,,0,PA,LM27985,2006.0,1.0,2
2014049875,,0,,ZY4C0G,,9.0,1
2014049953,,0,NJ,T930WR,2003.0,7.0,1
2014049959,,0,ME,B2084030,2014.0,3.0,2
2014049976,,0,IL,466107ST,2014.0,7.0,1
2014049986,,0,PA,PT8846W,2014.0,7.0,3
2014050363,,0,ZZ,999999,2099.0,7.0,13
2014050365,,0,NJ,TJE28X,2018.0,7.0,3
2014050408,,0,ZZ,UNK,,9.0,2
2014050677,,0,PA,PT8978X,2015.0,7.0,1
2014051108,,0,,,,8.0,1
2014051186,,0,ZG,8745521,2014.0,7.0,1
2014051340,,0,,,,9.0,1
2014051444,,0,PA,XCE1152,2014.0,3.0,2
2014051703,,0,PA,XGL4398,2014.0,3.0,2
2014051731,,0,FL,996LRH,2014.0,1.0,2
2014051731,,0,PA,HHF6615,2014.0,1.0,3
2014051754,,0,ZZ,999999999999,9999.0,7.0,1
2014051764,,0,ZZ,999999999999,9999.0,7.0,2
2014051848,,0,ME,1751544,2017.0,7.0,2
2014051982,,0,PA,ZDG9861,2014.0,2.0,3
2014052037,,0,PA,XHE3214,2015.0,3.0,1
2014052079,,0,ME,153316C,2015.0,7.0,2
2014052173,,0,ME,17307513,2014.0,7.0,1
2014052414,,0,PA,P162774,,3.0,2
2014052463,,0,PA,XFN6388,2015.0,3.0,1
2014052601,,0,PA,XGB6367,2015.0,3.0,1
2014053414,,0,PA,XDY7863,2014.0,3.0,1
2014053424,,0,ME,2346441,2014.0,7.0,2
2014053649,,0,ME,1840506,2018.0,7.0,1
2014053973,,0,OK,1313JF,2014.0,7.0,2
2014054240,,0,NJ,TJE19X,,7.0,1
2014054304,,0,OK,1749EP,2014.0,7.0,1
2014054316,,0,PA,PT4846M,2015.0,7.0,2
2014054513,,0,ZZ,999999999999,9999.0,7.0,3
2014054952,,0,PA,XZ85941,2015.0,3.0,1
2014055117,,0,PA,,2014.0,3.0,1
2014055508,,0,NC,1856464,2016.0,7.0,2
2014055566,,0,IA,TJ658,2013.0,7.0,2
2014055567,,0,CA,4JB3470,2017.0,7.0,1
2014055834,,0,ZZ,,,7.0,2
2014055848,,0,PA,PT1387N,2002.0,7.0,1
2014055909,,0,MO,24A411,2014.0,7.0,1
2014055987,,0,ME,178362B,2017.0,7.0,1
2014056061,,0,OK,1252JT,2099.0,7.0,2
2014056180,,0,PA,,,8.0,2
2014056311,,0,CT,001535,2014.0,7.0,1
2014056435,,0,MO,10A429,2014.0,7.0,1
2014056551,,0,TX,043C180,14.0,7.0,1
2014056616,,0,ZZ,UNKNOWN,9999.0,7.0,1
2014056686,,0,IL,513995ST,2015.0,7.0,2
2014056732,,0,PA,XP77485,1999.0,8.0,1
2014056736,,0,OK,8275KH,2014.0,7.0,2
2014056738,,0,PA,MG43141,2099.0,3.0,1
2014056769,,0,ZZ,UNKNOWN,9999.0,7.0,2
2014056791,,0,PA,XFT8056,2014.0,6.0,1
2014056889,,0,ME,1934119,2015.0,7.0,2
2014057073,,0,NC,CB80597,2014.0,7.0,2
2014057301,,0,PA,XGG4509,2014.0,8.0,2
2014057857,,0,PA,PT3286W,2014.0,6.0,2
2014057858,,0,PA,PT7587L,2014.0,8.0,2
2014057866,,0,PA,XHJ1783,2015.0,3.0,2
2014057868,,0,NJ,TMU21C,2017.0,7.0,1
2014057892,,0,PA,XFR1123,2015.0,3.0,1
2014058103,,0,MD,081509X,2016.0,7.0,1
2014058361,,0,IN,P316021,2015.0,7.0,1
2014058415,,0,PA,XJB8815,2015.0,3.0,2
2014058681,,0,PA,XDM9033,2014.0,6.0,1
2014058841,,0,NE,222028,2020.0,6.0,1
2014058844,,1,PA,XL45205,2019.0,6.0,2
2014058851,,0,ME,17TLR62285,2017.0,7.0,2
2014059172,,0,NC,42466,,7.0,2
2014059309,,0,CA,4GUIYG5,9999.0,7.0,1
2014059310,,0,MA,I6I0XG,,8.0,1
2014059589,,0,,,,3.0,1
2014059672,,0,ME,2039905,2015.0,7.0,2
2014060339,,0,PA,XHV37,2014.0,3.0,1
2014060615,,0,PA,JCK4072,2014.0,1.0,3
2014060618,,0,PA,XS19412,2014.0,7.0,2
2014060619,,0,OH,TPL3922,2014.0,7.0,1
2014060689,,0,NJ,TNE29G,2015.0,7.0,1
2014060736,,0,ME,A73094,2014.0,7.0,1
2014060839,,0,PA,XHF9383,,8.0,2
2014060996,,0,ME,1737266,2017.0,7.0,2
2014061241,,0,PA,PT7305T,2015.0,6.0,1
2014061273,,0,ME,1413453,2014.0,7.0,2
2014061302,,0,PA,PT7829M,2014.0,7.0,3
2014061794,,0,PA,PT9010R,2015.0,6.0,2
2014061824,,0,OK,822-6GC,,6.0,2
2014061922,,0,PA,XM21042,2015.0,3.0,2
2014061926,,0,TN,008412T,2017.0,7.0,2
2014062637,,0,PA,HBT0604,2014.0,1.0,2
2014062757,,0,NJ,TGT80W,2018.0,7.0,4
2014062765,,0,MA,C34867,2014.0,3.0,1
2014062925,,0,PA,XP07267,2018.0,7.0,2
2014062972,,0,PA,PT2239V,2015.0,7.0,2
2014062978,,0,PA,XBJ8964,2014.0,6.0,2
2014063018,,0,PA,XHC9529,2015.0,8.0,3
2014063195,,0,IL,T493851,2015.0,6.0,1
2014063198,,0,TN,T163863,2015.0,7.0,1
2014063306,,0,IL,483337ST,2015.0,7.0,1
2014063307,,1,PA,XFD1324,2014.0,7.0,1
2014063358,,0,PA,PT9001S,2005.0,6.0,1
2014063360,,0,PA,XS43643,2015.0,3.0,2
2014063382,,0,PA,XFC5929,2015.0,6.0,1
2014063382,,0,PA,XP11602,2015.0,6.0,3
2014063419,,0,,,,9.0,1
2014063477,,0,OK,5519GU,2014.0,6.0,1
2014063597,,0,PA,XGV6113,2014.0,3.0,2
2014063673,,0,,,,3.0,2
2014063923,,0,PA,PT3293F,,7.0,1
2014063923,,0,NJ,TEH36J,2015.0,7.0,2
2014064675,,0,TN,T753667,2005.0,7.0,1
2014064843,,0,IN,P128892,2014.0,7.0,1
2014064849,,0,IL,T493770,2014.0,7.0,1
2014064894,,0,PA,YVN1741,2014.0,1.0,2
2014065038,,0,PA,,,3.0,1
2014065060,,0,ME,16-7030B,2006.0,7.0,2
2014065103,,0,PA,MG5320A,9999.0,3.0,1
2014065202,,0,NJ,THY15Y,2014.0,7.0,1
2014065214,,1,ME,1584967,2014.0,7.0,1
2014065575,,0,MO,M6QPF,9999.0,7.0,1
2014065728,,0,FL,BARV74,2014.0,3.0,2
2014065739,,0,ZZ,UNKNOWN,2014.0,3.0,2
2014065903,,0,PA,PT2175T,2014.0,7.0,1
2014065904,,0,VA,447217TL,2014.0,6.0,2
2014065905,,0,IL,T475118,2011.0,7.0,2
2014065932,,0,NE,113600,,7.0,1
2014065978,,0,ME,1695819,2016.0,7.0,1
2014066183,,0,PA,PT7236L,9999.0,6.0,1
2014066315,,0,IL,T421284,2015.0,7.0,1
2014066327,,0,ON,F3663W,2027.0,7.0,1
2014066691,,0,PA,XFC0646,,6.0,2
2014066776,,0,NJ,TKU66T,2016.0,7.0,2
2014067142,,0,NJ,TML97A,2015.0,7.0,1
2014067406,,0,PA,PT8906V,2099.0,7.0,1
2014067482,,0,PA,XDZ7894,1989.0,9.0,1
2014067619,,0,ZG,1738695,2014.0,6.0,1
2014067655,,0,PA,PT7019S,2014.0,7.0,1
2014067660,,0,OK,5321HA,2014.0,7.0,1
2014067776,,0,NJ,TGN16Y,2008.0,3.0,1
2014068116,,0,TN,T96HS5,9999.0,7.0,1
2014068189,,0,ME,WODSS,9999.0,7.0,2
2014068276,,0,ME,19TLR31889,2015.0,6.0,2
2014068282,,0,PA,XDZ4944,2015.0,3.0,2
2014068320,,0,ME,1566605,2014.0,7.0,1
2014068322,,0,NJ,TAD93A,2014.0,7.0,1
2014068323,,0,PA,PT9794T,2014.0,7.0,1
2014068382,,0,PA,34568PD,2014.0,1.0,2
2014068662,,0,ZZ,97I8KL,9999.0,7.0,1
2014068742,,0,PA,PT4834S,2015.0,7.0,1
2014069132,,0,PA,XHV2484,2014.0,3.0,2
2014069249,,0,PA,PTO498L,15.0,6.0,2
2014069723,,0,NJ,TGJ12C,2016.0,7.0,2
2014069889,,0,PA,PT3713X,14.0,7.0,2
2014069924,,0,PA,PT3476K,2007.0,7.0,1
2014069966,,0,PA,XHK7763,2014.0,3.0,1
2014070089,,0,NJ,571TWP,999.0,7.0,1
2014070089,,0,,,,7.0,2
2014070194,,0,TN,019333T,1994.0,7.0,2
2014070194,,0,ME,2138829,2011.0,6.0,3
2014070223,,0,NY,BD71583,2014.0,3.0,2
2014070333,,0,ME,2116791,2015.0,7.0,1
2014070350,,0,PA,XFA0741,2014.0,3.0,1
2014070353,,0,PA,XDT1450,2015.0,3.0,1
2014070353,,0,PA,XFD7705,2015.0,8.0,3
2014070605,,0,PA,XHA5283,2004.0,6.0,1
2014070688,,0,ME,18TLR57080,2014.0,7.0,2
2014070985,,0,ME,18TLR9333A,2018.0,7.0,1
2014070985,,0,PA,XGE3390,2014.0,7.0,2
2014071306,,0,ZZ,UNKNOWN,2099.0,6.0,1
2014071571,,0,IL,T414026,2014.0,7.0,2
2014071680,,0,PA,XCJ2825,2016.0,3.0,2
2014071842,,0,PA,PT1572X,2014.0,7.0,1
2014071854,,0,NJ,TEH36K,2016.0,7.0,2
2014071919,,0,IN,P59555,2014.0,7.0,1
2014071919,,0,PA,XCP2829,2018.0,3.0,2
2014071919,,0,PA,PA96093,2014.0,8.0,3
2014071920,,0,PA,XHL2878,2015.0,5.0,2
2014072037,,0,,,,8.0,2
2014072132,,0,PA,PT7948H,1997.0,7.0,2
2014072314,,0,PA,XGS1491,1992.0,3.0,2
2014072398,,0,IL,T486564,2015.0,7.0,2
2014072619,,0,ON,H5327W,2014.0,7.0,1
2014072763,,0,PA,PT0491L,2014.0,7.0,1
2014073078,,0,PA,PA0512A,2014.0,8.0,1
2014073163,,0,PA,PT2124R,2014.0,7.0,1
2014073223,,0,PA,XP172970,2014.0,3.0,2
2014073265,,0,PA,PT7283E,15.0,6.0,2
2014073876,,0,PA,XHG0987,2019.0,3.0,2
2014073929,,0,PA,XGD2861,2015.0,7.0,1
2014073929,,0,PA,XP71704,2015.0,7.0,2
2014073932,,0,ME,1796892,2015.0,7.0,1
2014073932,,0,WA,0904XL,2015.0,7.0,3
2014073964,,0,TN,U103546,2014.0,7.0,3
2014073967,,0,CO,613TIO,2014.0,6.0,1
2014073975,,0,PA,XBD0989,2014.0,8.0,2
2014074195,,0,,,,7.0,1
2014074226,,0,OK,5751GA,2014.0,7.0,1
2014074226,,0,ME,1466123,2014.0,7.0,2
2014074392,,0,PA,PT9109X,2014.0,7.0,1
2014074599,,0,NJ,T46V5A,2014.0,3.0,2
2014075029,,0,ME,B512056,2014.0,6.0,2
2014075074,,0,PA,XHY8277,2015.0,3.0,1
2014075077,,0,OK,6972EV,2014.0,7.0,2
2014075079,,1,NJ,TAY96U,2015.0,7.0,2
2014075080,,0,PA,XM24356,2016.0,8.0,1
2014075180,,0,NJ,TKZ93X,,6.0,2
2014075218,,0,PA,XZB898Y,9999.0,3.0,2
2014075303,,0,PA,PT8608P,2014.0,7.0,1
2014075303,,0,TN,U149835,2014.0,7.0,2
2014075560,,0,FL,7726CH,2011.0,7.0,2
2014076205,,0,IN,P384897,2015.0,7.0,1
2014076214,,0,,,,7.0,1
2014076266,,0,,,,8.0,1
2014076764,,0,NJ,TKT42A,2016.0,7.0,1
2014076767,,0,OK,4648DD,2014.0,7.0,2
2014076767,,0,TN,U369393,2013.0,7.0,4
2014076780,,0,PA,XFF9932,2015.0,3.0,1
2014077350,,0,PA,XT52884,2015.0,3.0,1
2014077365,,0,,,,8.0,2
2014077858,,0,ME,24TLR40593,2014.0,6.0,1
2014077909,,0,NJ,TLJ73J,,6.0,1
2014078159,,0,MD,,,6.0,2
2014078359,,0,OK,3079HB,2003.0,7.0,1
2014078453,,0,ID,TE8141,2015.0,6.0,1
2014078453,,0,PA,XP79163,2015.0,6.0,2
2014078454,,0,PA,PT4923W,2099.0,7.0,2
2014078490,,0,PA,PT3471R,2015.0,7.0,1
2014078621,,1,PA,XL22458,2015.0,3.0,1
2014078691,,0,PA,XGZ5038,2012.0,3.0,2
2014078744,,0,TN,U027368,2014.0,7.0,2
2014078860,,0,TN,U2Y72M,2011.0,7.0,1
2014079484,,0,FL,7058CK,2015.0,7.0,3
2014079719,,0,PA,XGX5463,,3.0,2
2014079783,,0,IL,501606ST,2014.0,7.0,2
2014079992,,0,MO,14A168,2015.0,7.0,1
2014079993,,0,NJ,TEH97H,2015.0,7.0,2
2014080292,,0,PA,XP57077,15.0,3.0,2
2014080319,,0,PA,PT1935W,2015.0,6.0,2
2014081128,,0,ME,1986105,2014.0,7.0,2
2014081129,,0,PA,PT4949W,2014.0,6.0,1
2014081226,,0,PA,PT6136V,14.0,7.0,1
2014081750,,0,,,,7.0,5
2014081870,,0,PA,YGR6467,1995.0,3.0,1
2014081882,,0,TN,T987580,2007.0,7.0,1
2014081961,,0,TN,T804295,2014.0,7.0,1
2014081977,,0,PA,XDZ6234,2010.0,6.0,2
2014081992,,0,,,,6.0,1
2014082021,,0,NJ,TKL71Y,,7.0,2
2014082639,,0,PA,PT0261S,2015.0,7.0,1
2014082728,,0,DE,C494516,1999.0,1.0,1
2014082767,,0,CA,4MH6268,2015.0,6.0,1
2014082767,,0,IN,SP462ABW,2015.0,6.0,2
2014082938,,0,TX,0173859,2015.0,6.0,2
2014083100,,0,PA,XK64163,2014.0,3.0,1
2014083577,,0,TN,U512187,2015.0,7.0,2
2014083578,,0,PA,XL81829,2014.0,6.0,2
2014083739,,0,OR,HS30447,2015.0,7.0,1
2014083857,,0,ME,1985275,2015.0,1.0,1
2014083920,,0,MO,4734PG,,7.0,3
2014083951,,0,MO,20A889,2014.0,7.0,2
2014084041,,0,PA,XGF5946,,3.0,3
2014084100,,0,OK,2653GA,2014.0,7.0,2
2014084430,,0,PA,XFTG6Y9,2014.0,3.0,1
2014084596,,0,TN,T597210,2014.0,7.0,1
2014084667,,0,PA,XFT0947,2015.0,6.0,2
2014084917,,0,ME,B332761,2014.0,8.0,1
2014085129,,0,PA,PT4281V,2014.0,7.0,2
2014085135,,0,PA,PT0689W,2014.0,3.0,2
2014085479,,0,PA,PT2505K,2015.0,7.0,1
2014085481,,0,PA,XZ73958,2014.0,7.0,2
2014085564,,0,PA,XHP4510,,6.0,2
2014085924,,0,OR,HQ49533,2099.0,7.0,1
2014086063,,0,NJ,T706-TD,,7.0,2
2014086496,,0,ZZ,UNKNOWN,,7.0,1
2014086499,,0,ZZ,UNKNOWN,,8.0,1
2014086517,,0,,,,7.0,2
2014086579,,0,PA,PT1787R,9999.0,1.0,2
2014086897,,0,OK,2909JN,2014.0,7.0,1
2014086899,,0,OH,TPT5623,2014.0,7.0,1
2014087044,,0,PA,XHJ9856,2015.0,3.0,2
2014087055,,0,PA,PT2605M,2099.0,7.0,1
2014087055,,0,PA,XGS4212,2099.0,7.0,2
2014087408,,0,NE,171708,2099.0,7.0,2
2014087906,,0,NC,MMB6I,9999.0,7.0,1
2014087912,,0,PA,XHH9983,2013.0,3.0,2
2014088248,,0,NJ,TMZ83H,2015.0,7.0,2
2014088300,,0,IL,P839840,9999.0,6.0,1
2014088322,,0,ZZ,999999999999,9999.0,7.0,3
2014088515,,0,ME,165386D,,7.0,2
2014088579,,0,PA,XDD5516,14.0,6.0,3
2014088642,,0,IL,475991ST,2014.0,6.0,1
2014088695,,0,,ILUEU,,,97
2014088712,,0,ZZ,999999999999,9999.0,7.0,2
2014088778,,0,IL,999999999999,9999.0,7.0,2
2014088792,,0,PA,PTH8X,9999.0,7.0,2
2014088808,,0,ZZ,999999999999,9999.0,7.0,2
2014088966,,0,,,,3.0,1
2014088989,,0,ZZ,999999999999,9999.0,7.0,1
2014089427,,0,ZZ,ZZZZZ,2099.0,6.0,1
2014089483,,0,ME,1982591,2014.0,7.0,2
2014089484,,0,IL,T506153,2014.0,7.0,1
2014089484,,0,NJ,TFM34N,2014.0,3.0,2
2014089484,,0,NY,AF 75251,2014.0,3.0,3
2014089485,,0,PA,PT7343T,2014.0,7.0,3
2014089501,,0,PA,XHY1059,2015.0,6.0,1
2014089794,,0,ZZ,UNKNOIWN,2015.0,7.0,2
2014090153,,0,NJ,999999999999,9999.0,7.0,2
2014090334,,0,PA,JLK8666,2014.0,1.0,2
2014090462,,0,PA,PT0484X,2014.0,7.0,1
2014090490,,0,IL,484979ST,2014.0,6.0,1
2014091009,,0,ZZ,UNKNOWN,2099.0,7.0,1
2014091229,,0,ME,2352073,2014.0,7.0,1
2014091273,,0,ME,18TLR84859,2008.0,7.0,2
2014091276,,0,ME,1956727,2015.0,6.0,1
2014091282,,0,,,,7.0,95
2014091282,,0,,,,7.0,96
2014091353,,0,ZZ,999999999999,9999.0,7.0,1
2014091400,,0,ZZ,RT4I4JV,9999.0,7.0,1
2014091457,,0,ZZ,P28Y27I,9999.0,7.0,2
2014091648,,0,PA,PT1722K,2015.0,7.0,1
2014092011,,0,PA,XDL1320,2008.0,6.0,2
2014092212,,0,ZZ,UNKNOWN,2099.0,9.0,2
2014092224,,0,ME,17TLR5542B,2015.0,7.0,1
2014092368,,0,DE,T75828,2015.0,6.0,1
2014092399,,0,PA,PT 9293L,9999.0,7.0,2
2014092733,,0,ME,16TLR7035B,2015.0,7.0,1
2014092944,,0,ME,16TLT71692,2015.0,7.0,1
2014093211,,0,PA,XK81342,2012.0,3.0,1
2014093243,,0,TN,T441182,2014.0,7.0,1
2014093365,,0,ME,1738102,2017.0,7.0,1
2014093370,,0,WI,581022,2015.0,7.0,2
2014093373,,0,TN,T723966,2014.0,7.0,2
2014093764,,0,DE,T43763,2015.0,7.0,2
2014093805,,0,GA,LE6471H,2015.0,7.0,2
2014094316,,0,ZZ,UNKNOWN,2014.0,3.0,1
2014094321,,0,QC,RA3097H,2014.0,7.0,1
2014094446,,0,IA,TA6209,2015.0,7.0,1
2014094589,,0,PA,XHT1951,2014.0,6.0,2
2014095046,,0,PA,XHK7754,2015.0,3.0,2
2014095111,,0,PA,XR49722,1993.0,3.0,2
2014095165,,0,PA,XP43675,2015.0,8.0,2
2014095173,,0,NY,AW14099,2014.0,7.0,1
2014095178,,0,PA,PT0004X,2014.0,7.0,2
2014095364,,0,OK,3051GY,2014.0,7.0,1
2014095685,,0,KY,59179T,2015.0,7.0,2
2014095736,,0,NJ,TLM87A,2014.0,7.0,2
2014095858,,0,PA,MG6O68,,3.0,2
2014096116,,0,PA,XP55221,2014.0,3.0,1
2014096447,,0,PA,XGM8486,2013.0,3.0,1
2014096447,,0,ME,2253072,,7.0,3
2014096492,,0,PA,PT5438W,2015.0,3.0,2
2014096493,,0,TX,Z00181,2008.0,7.0,1
2014096533,,0,ME,20TLR48331,2014.0,7.0,2
2014096534,,0,IL,T486732,2015.0,7.0,1
2014096538,,0,PA,PT2544G,2016.0,7.0,1
2014096612,,0,PA,XFN6518,2015.0,3.0,2
2014096789,,0,ZZ,999999999999,9999.0,7.0,1
2014096827,,0,OK,4406GH,2014.0,7.0,2
2014096937,,0,OK,8245LD,2014.0,7.0,2
2014096939,,0,ME,1951426,2014.0,7.0,1
2014097236,,0,PA,PT5439L,2014.0,7.0,1
2014097415,,0,PA,XCS5080,2015.0,3.0,2
2014097604,,0,NJ,TKM45R,2015.0,7.0,2
2014097711,,0,PA,XHX6193,2015.0,3.0,3
2014097771,,0,PA,PT1759M,2014.0,6.0,2
2014097859,,0,PA,XCY3051,2014.0,3.0,3
2014097862,,0,ME,197547,2019.0,7.0,2
2014098068,,0,OK,4726JN,,6.0,1
2014098336,,0,PA,PT9589S,2015.0,7.0,1
2014098336,,0,PA,PT4623E,2015.0,7.0,2
2014098661,,0,PA,XZ38887,,7.0,4
2014098697,,0,ZZ,PTG143M,9999.0,7.0,3
2014098700,,0,,,,1.0,2
2014098818,,0,OK,5347JJ,2015.0,7.0,1
2014098819,,0,PA,PT6113E,2014.0,7.0,1
2014098859,,0,WA,8177YR,2014.0,6.0,1
2014098882,,0,ME,151700D,2015.0,7.0,1
2014099127,,0,NJ,T53S3H,1986.0,3.0,1
2014099135,,0,PA,JHZ2681,2015.0,1.0,2
2014099363,,0,OR,HU32223,2014.0,7.0,1
2014099483,,0,ME,173666A,2017.0,7.0,1
2014099485,,0,PA,PT6775D,2016.0,7.0,2
2014099490,,0,PA,XY96646,2016.0,3.0,3
2014099638,,0,PA,PT1649M,2008.0,7.0,2
2014099903,,0,PA,,,3.0,1
2014100006,,0,PA,XHH6797,2015.0,3.0,1
2014100072,,0,IN,T414020,,6.0,1
2014100399,,0,PA,MG4050E,2014.0,6.0,3
2014100450,,0,NC,AY67948,2015.0,7.0,2
2014100493,,0,NB,PTV339,2011.0,6.0,1
2014100544,,0,ME,156402B,2015.0,7.0,2
2014100639,,0,PA,XGJ1874,,3.0,1
2014100675,,0,PA,XHE3295,2015.0,3.0,2
2014100771,,0,PA,XGR8922,14.0,3.0,1
2014100783,,0,PA,XHV8066,2015.0,6.0,1
2014100879,,0,,,,1.0,1
2014101009,,0,MD,037811X,2014.0,7.0,2
2014101188,,0,IL,P104633,2014.0,7.0,1
2014101386,,0,TN,T9026,,6.0,1
2014101820,,0,PA,XP66228,2015.0,3.0,2
2014101879,,0,ME,1893951,2014.0,7.0,1
2014101911,,0,VA,433735TL,2015.0,7.0,1
2014101917,,1,ME,2440838,2014.0,7.0,1
2014102101,,0,PA,PT6039W,2014.0,7.0,2
2014102219,,0,NJ,TLB54G,2017.0,7.0,1
2014102311,,0,OK,6719FN,2015.0,6.0,2
2014102436,,0,PA,PA XJF-6062,2015.0,3.0,1
2014102440,,0,PA,PT2863R,9999.0,7.0,1
2014102512,,0,PA,XGX9732,2015.0,3.0,1
2014102654,,0,NJ,TJP36A,2015.0,3.0,4
2014102692,,0,IA,DA2847,2012.0,7.0,1
2014102726,,0,IL,T494728,2014.0,6.0,4
2014102807,,0,TN,U340500,2015.0,7.0,1
2014102808,,0,IL,321141ST,2014.0,6.0,1
2014103076,,0,IN,P280390,2015.0,7.0,2
2014103125,,0,PA,XFR1585,2016.0,3.0,1
2014103202,,0,TN,T535246,2099.0,7.0,1
2014103204,,0,PA,PT2336Y,2015.0,6.0,2
2014103206,,0,ZZ,UNKNOWN,2014.0,7.0,1
2014103280,,0,PA,XGA6953,2015.0,3.0,2
2014103483,,0,PA,XHW5834,2015.0,8.0,2
2014103486,,0,PA,XHP2663,2010.0,3.0,3
2014103491,,0,PA,XFG0732,2015.0,2.0,2
2014103571,,0,ZZ,999999999999,9999.0,7.0,1
2014103590,,0,PA,XW87800,2017.0,3.0,1
2014103650,,0,OH,TQG7023,2014.0,7.0,2
2014104087,,0,PA,PT9295L,2015.0,7.0,2
2014104463,,0,ZZ,TLV46W,9999.0,3.0,2
2014104480,,0,IL,T49827,9999.0,7.0,2
2014104680,,0,PA,PT6296R,2015.0,7.0,2
2014105073,,0,MN,2191STK,2005.0,7.0,1
2014105488,,0,PA,XY95493,2015.0,6.0,1
2014105869,,0,PA,XFW4127,2015.0,6.0,1
2014105933,,0,PA,XBA8917,2015.0,3.0,2
2014105955,,0,PA,XGX7025,2015.0,3.0,1
2014106345,,0,ME,1643975,2004.0,7.0,2
2014106352,,0,ME,1995618,2015.0,6.0,1
2014106372,,0,,,,7.0,1
2014106664,,0,ZZ,999999999999,9999.0,7.0,1
2014106789,,0,ZZ,999999999999,9999.0,7.0,2
2014106903,,0,ME,1941648,2019.0,7.0,1
2014106914,,0,ME,183194A,2014.0,7.0,1
2014107102,,0,PA,PT9289C,2014.0,7.0,3
2014107175,,0,PA,PT73225,2002.0,7.0,1
2014107545,,0,PA,PT9332K,2004.0,7.0,1
2014107647,,0,MI,C484679,2015.0,7.0,2
2014107682,,0,PA,ZDY4716,2015.0,8.0,2
2014107771,,0,PA,XHK1040,2015.0,3.0,2
2014107789,,0,PA,XGJ4754,2016.0,6.0,2
2014108488,,0,MI,D014577,2014.0,7.0,1
2014108500,,0,ME,2637290,2015.0,7.0,1
2014108500,,0,PA,PT7935X,2014.0,7.0,2
2014108600,,0,ME,27178422,2015.0,6.0,2
2014108907,,0,TN,Z16922,2014.0,7.0,1
2014108953,,0,NE,182701,2015.0,7.0,2
2014109084,,0,TN,T578128,1994.0,7.0,1
2014109278,,0,PA,PT8951L,2015.0,7.0,2
2014109307,,0,IN,P162152,2015.0,7.0,1
2014109576,,0,PA,PT6528P,2015.0,7.0,4
2014109744,,0,PA,XT06163,2015.0,3.0,1
2014109838,,0,PA,XS65144,2015.0,6.0,2
2014110009,,0,PA,PT3266F,2099.0,6.0,1
2014110034,,0,TN,U052655,2015.0,7.0,3
2014110211,,0,PA,PT0551P,9999.0,7.0,1
2014110530,,0,PA,PT2265W,2014.0,7.0,1
2014110530,,0,ME,2441294,2024.0,7.0,3
2014110535,,0,OK,2595F2,2015.0,7.0,2
2014110798,,0,SC,PV52285,2009.0,3.0,2
2014111436,,0,ZZ,999999999999,9999.0,7.0,2
2014111634,,0,PA,PT3177V,2014.0,7.0,2
2014112226,,0,IN,P333144,,7.0,2
2014112495,,0,IN,SP386EEE,2014.0,7.0,2
2014112652,,0,ZZ,999999999999,9999.0,7.0,2
2014112655,,0,NJ,TKZ12W,2014.0,7.0,1
2014112884,,0,ZZ,UNKNOWN,2014.0,9.0,1
2014112976,,0,PA,XFM9723,2010.0,6.0,1
2014113076,,0,PA,XCK1566,2014.0,8.0,1
2014113171,,0,ZZ,999999999999,9999.0,7.0,2
2014113284,,0,ZZ,999999999999,9999.0,7.0,3
2014113712,,0,PA,PT4775P,2015.0,7.0,2
2014113790,,0,PA,XHZ9029,2015.0,3.0,3
2014113808,,0,ME,169753A,2016.0,7.0,1
2014114060,,0,NJ,T66D4T,2015.0,6.0,1
2014114298,,0,MN,2622STB,2015.0,6.0,2
2014114318,,0,NJ,TJU85W,2015.0,7.0,1
2014114523,,0,,,,8.0,2
2014114904,,0,ZZ,999999999999,9999.0,7.0,1
2014115040,,0,ZZ,999999999999,9999.0,7.0,2
2014115104,,0,MA,1HI1W5,9999.0,7.0,1
2014115204,,0,NJ,TNJ34L,2018.0,7.0,3
2014115425,,0,IL,481310ST,2015.0,7.0,3
2014115458,,0,,,,6.0,3
2014115618,,0,ZZ,999999999999,9999.0,7.0,2
2014115965,,0,PA,PT8135X,2015.0,7.0,1
2014116103,,0,KS,504991,,6.0,2
2014116234,,0,ZZ,EXEMPT,2014.0,3.0,2
2014116606,,0,MX,1857375,2014.0,7.0,2
2014116950,,0,ON,A3542S,2015.0,7.0,1
2014117021,,0,PA,XDE6744,2015.0,3.0,2
2014117508,,0,TN,U074035,9999.0,7.0,2
2014117795,,0,NJ,TLC57W,2016.0,7.0,1
2014118114,,0,PA,YBB0098,2017.0,3.0,1
2014118157,,0,ME,1671816,9999.0,7.0,1
2014118160,,0,PA,XGB2517,2015.0,7.0,2
2014118311,,0,IN,P381331,2015.0,7.0,2
2014118534,,0,PA,PT7702V,2015.0,7.0,2
2014118595,,0,NJ,TLR47M,9999.0,6.0,2
2014119288,,0,PA,XM86605,2015.0,7.0,1
2014119288,,0,OK,1959DO,2016.0,7.0,2
2014119581,,0,PA,PT2214R,2099.0,7.0,2
2014119583,,0,IL,282156ST,2000.0,7.0,1
2014120162,,0,ME,2525958,2015.0,7.0,1
2014120547,,0,,,,2.0,2
2014121062,,0,WV,C211153,2014.0,7.0,1
2014121071,,0,PA,NONE,2014.0,8.0,2
2014121096,,0,OK,8349DX,2015.0,7.0,2
2014121097,,0,TN,U387598,2015.0,7.0,2
2014121491,,0,ZZ,U017021,2015.0,7.0,2
2014121622,,0,ZZ,UNKNOWN,2015.0,9.0,1
2014121624,,0,NY,AS14056,2014.0,7.0,2
2014121728,,0,PA,PT3292F,2015.0,6.0,1
2014121757,,0,NH,T1319210,2015.0,7.0,2
2014121859,,0,PA,PVY4734,2015.0,7.0,1
2014121874,,0,ON,E5909K,2014.0,6.0,1
2014121924,,0,PA,PT1490F,,7.0,2
2014121983,,0,PA,PT1626J,,7.0,1
2014122022,,0,ZZ,999999999999,9999.0,7.0,2
2014122030,,0,ZZ,999999999999,9999.0,7.0,2
2014122147,,0,PA,PT7957P,2015.0,7.0,2
2014122166,,0,PA,PT2616L,2015.0,7.0,2
2014122336,,0,,,,7.0,2
2014122400,,0,PA,XG2IU,199.0,3.0,1
2014123441,,0,PA,XCX1999,,3.0,1
2014123514,,0,GA,LE1903E,2099.0,6.0,1
2014123622,,0,PA,XGG7973,2099.0,3.0,1
2014123628,,0,IL,292550ST,2015.0,7.0,2
2014123667,,0,PA,XHG8630,2015.0,7.0,1
2014123667,,0,PA,PT6478E,2015.0,8.0,2
2014124060,,0,PA,PT9580F,2014.0,7.0,1
2014124100,,0,ME,2242427,2022.0,7.0,1
2014124574,,0,ME,17TRL6078B,2017.0,7.0,1
2014124676,,0,PA,HBS8293,2015.0,1.0,2
2014124938,,0,PA,XHG4225,2014.0,6.0,2
2014125008,,0,NJ,TMJHL,9999.0,3.0,2
2014125009,,0,ZZ,999999999999,9999.0,7.0,1
2014125032,,0,ZZ,P773925,9999.0,7.0,1
2014125063,,0,,2YY89E,,8.0,2
2014125151,,0,,,,9.0,3
2014125161,,0,ZZ,999999999999,9999.0,7.0,3
2014125225,,0,IN,P84394,2005.0,7.0,1
2014125261,,0,NJ,TLB62V,2014.0,7.0,2
2014125263,,0,PA,XBH8895,2015.0,7.0,2
2014125264,,0,OK,9845JF,2015.0,7.0,2
2014125498,,0,,,,6.0,2
2014125562,,0,,,,8.0,1
2014125656,,0,PA,PT4186H,2015.0,7.0,2
2014125657,,0,PA,PT9643K,2015.0,7.0,1
2014125680,,0,IN,P141466,2015.0,6.0,2
2014125680,,0,ME,2347688,2015.0,7.0,3
2014125714,,0,,,,7.0,1
2014125865,,0,PA,PT9097D,,7.0,2
2014126546,,0,,,,9.0,1
2014126752,,0,NJ,TMU38B,1999.0,7.0,2
2014126756,,0,PA,PT9648F,2068.0,7.0,3
2014126771,,0,PA,"""NO TAG""",2015.0,3.0,2
2014126810,,0,OH,TQJ5841,2015.0,3.0,1
2014126903,,0,,,,7.0,2
2014126903,,0,,,,7.0,3
2014127036,,0,ME,2436948,2024.0,7.0,1
2014127099,,0,PA,PT3408W,99.0,7.0,2
2014127417,,0,,,,9.0,97
2014127451,,0,PA,XJC5526,2015.0,3.0,1
2014127620,,0,OR,HU90125,2015.0,7.0,1
2014127779,,0,PA,XGV2404,2015.0,8.0,2
2014128027,,0,CA,4EH3736,2018.0,7.0,2
2014128030,,0,QC,RZ40013,2099.0,7.0,1
2014128960,,0,,,,7.0,2
2014129271,,0,NJ,TMP43Z,2018.0,7.0,1
2014129271,,0,TN,T656469,2000.0,7.0,3
2014129477,,0,PA,PT5991M,2017.0,7.0,1
2014129480,,0,ID,TF4384,2099.0,7.0,2
2014129491,,0,ME,2124894,2021.0,7.0,1
2014129670,,0,IN,P392868,2014.0,7.0,1
2014129731,,0,PA,PT0440P,2015.0,7.0,3
2014129757,,0,PA,XZ11237,2014.0,3.0,2
2014129812,,0,NJ,TNE33T,2015.0,6.0,2
2014130886,,0,NJ,TGP98T,2014.0,7.0,1
2014131430,,0,ME,2243274,2022.0,7.0,1
2014131459,,0,PA,PT4113K,9999.0,6.0,2
2014131681,,0,MI,DO49685,2099.0,7.0,2
2014132189,,0,PA,PT6445T,,6.0,1
2014132265,,0,PA,XXZ1902,2015.0,3.0,1
2014132359,,0,PA,RT53935,2015.0,7.0,1
2014132565,,0,PA,XDT5905,2015.0,3.0,1
2014132668,,0,ME,31TLR2802Z,2014.0,7.0,1
2015000008,,0,WI,567019,3999.0,7.0,1
2015000015,,0,OR,HR88474,2015.0,6.0,2
2015000199,,0,MN,2382STM,2099.0,7.0,1
2015000237,,0,IN,P207821,2015.0,6.0,2
2015000300,,0,ME,164569C,2016.0,7.0,2
2015000579,,0,MI,C606650,2015.0,7.0,2
2015001065,,0,PA,XHD6438,2015.0,6.0,1
2015001200,,0,ZZ,UNKNOWN,2015.0,7.0,2
2015001736,,0,PA,PT3528B,2015.0,7.0,2
2015002668,,0,ZZ,04GI9S,9999.0,7.0,2
2015002672,,0,ZZ,999999999999,9999.0,7.0,1
2015002911,,0,TN,T892346,2015.0,7.0,2
2015005982,,0,PA,HSR2870,2006.0,1.0,2
2015006764,,0,NY,AW52750,2015.0,6.0,1
2015006797,,0,WI,627094,2015.0,7.0,1
2015009058,,0,,1,,1.0,2
2015017543,,0,TN,U259017,2014.0,6.0,1
2015019104,,0,ME,1732368,2017.0,7.0,2
2015026604,,0,PA,MG0918B,,3.0,2
2015028587,,0,ZZ,999999999999,9999.0,7.0,2
2015029157,,0,FL,6749CH,2015.0,7.0,1
2015030502,,0,ZZ,999999999999,9999.0,7.0,2
2015000966,,0,NY,BE13766,2015.0,3.0,2
2015001473,,0,PA,PT-3010X,,7.0,2
2015001668,,0,WI,509337,2015.0,7.0,2
2015002499,,0,PA,XFA7603,1992.0,8.0,1
2015002594,,0,ME,1940184,2000.0,7.0,2
2015002663,,0,IN,P227160,,6.0,4
2015003037,,0,NJ,XBMD93,2018.0,7.0,3
2015003236,,0,IN,P174053,2015.0,7.0,1
2015003270,,0,NE,10969W,,7.0,1
2015003274,,0,PA,PT8912F,2015.0,7.0,2
2015003355,,0,PA,PT1053Y,2015.0,6.0,1
2015003374,,0,PA,XK82010,,3.0,2
2015003435,,0,ON,F3131R,2015.0,7.0,2
2015004587,,0,PA,PT6816M,2017.0,7.0,2
2015004985,,0,NY,1315C8,2015.0,7.0,2
2015005308,,0,PA,XGY4923,2018.0,3.0,1
2015005411,,0,VA,806880TR,9999.0,7.0,1
2015005502,,0,ZZ,UNKNOWN,,7.0,2
2015006237,,0,ME,1559518,2015.0,6.0,2
2015006241,,0,ME,1690318,2016.0,7.0,2
2015006246,,0,OR,HS51043,2015.0,7.0,1
2015006512,,0,,,,6.0,2
2015006798,,0,ME,356609Z,2015.0,7.0,1
2015006799,,0,ME,1867825,2016.0,7.0,1
2015006800,,0,ME,1942759,2016.0,7.0,3
2015007130,,0,ON,J1906S,2015.0,7.0,1
2015007175,,0,NJ,PT8388K,9999.0,7.0,1
2015007175,,0,IL,225853ST,2013.0,7.0,2
2015007340,,0,PA,XHY4832,2015.0,3.0,1
2015007458,,0,ZZ,UNKNOWN,,7.0,2
2015008132,,0,PA,HZY2346,2015.0,1.0,1
2015008294,,0,PA,XHX6144,2015.0,3.0,2
2015008557,,0,PA,XCE4394,2015.0,3.0,1
2015008685,,0,MO,3566PF,2015.0,7.0,1
2015008701,,0,OK,7272JS,2012.0,6.0,1
2015008756,,0,,,,8.0,3
2015009024,,0,NJ,TNN65H,2018.0,6.0,2
2015009164,,0,IN,24TLR2175Z,2015.0,7.0,2
2015009459,,0,PA,XHJ6796,2015.0,6.0,2
2015009468,,0,OK,4461GC,,7.0,2
2015009597,,0,,IVIK,,,1
2015009606,,0,,,,1.0,1
2015009814,,0,ZZ,UNKNOWN,,7.0,3
2015009930,,0,PA,AG31151,,6.0,2
2015010198,,0,PA,RT59664,2015.0,3.0,1
2015010311,,0,OH,TPP8340,2003.0,7.0,1
2015010538,,0,PA,PPT9882E,2015.0,7.0,1
2015010664,,0,IL,528543ST,2015.0,7.0,2
2015010665,,0,IL,528543ST,2015.0,7.0,2
2015010667,,0,PA,XJA6940,2015.0,3.0,1
2015010671,,0,NJ,TJR81P,2015.0,7.0,1
2015010671,,0,CA,4LR3660,2015.0,7.0,2
2015010673,,0,QC,RF1345C,2015.0,7.0,1
2015010680,,0,NJ,TKN41H,2015.0,7.0,2
2015011401,,0,TN,U151253,2015.0,7.0,1
2015011419,,0,IL,T412534,2015.0,7.0,2
2015011936,,0,ZZ,UNKNOWN,2099.0,7.0,1
2015011936,,0,PA,XJF5600,2015.0,7.0,2
2015012319,,0,NJ,YILRM80D,9999.0,7.0,2
2015012347,,0,NJ,TNR48B,2015.0,6.0,2
2015012358,,0,,I,,,1
2015012358,,0,,I,,,2
2015012421,,0,ZZ,8AH84,9999.0,7.0,1
2015012458,,0,IL,T499080,2015.0,7.0,1
2015012711,,0,ZZ,4P590X,9999.0,7.0,1
2015012876,,0,PA,PT8920W,2015.0,7.0,6
2015013014,,0,TX,Z09335,2015.0,7.0,1
2015013118,,0,PA,PT9697P,,6.0,2
2015013650,,0,PA,PT93637,15.0,7.0,2
2015014137,,0,NY,2404C0,2016.0,7.0,2
2015014138,,0,TN,T59205,2015.0,7.0,1
2015014389,,0,PA,PT8291H,9999.0,7.0,1
2015014935,,0,IN,90837,,7.0,1
2015015012,,0,PA,PT2654X,9999.0,6.0,1
2015015045,,0,IN,P258436,2015.0,7.0,1
2015015371,,0,PA,XCN2615,2015.0,7.0,2
2015015472,,0,SC,PV58953,9999.0,7.0,2
2015015492,,0,IA,IP159630,,7.0,2
2015015514,,0,ME,1540701,2015.0,6.0,1
2015015646,,0,ZZ,999999999999,9999.0,7.0,2
2015015770,,0,ZZ,UNKNOWN,9999.0,7.0,3
2015015772,,0,OK,8312KS,2015.0,7.0,2
2015016291,,0,PA,PT1239M,2099.0,7.0,1
2015016327,,0,PA,PT5516F,2015.0,7.0,1
2015016349,,0,ME,1571939,,7.0,1
2015016392,,0,PA,XHL7300,2014.0,6.0,2
2015016440,,0,PA,XDB4090,2015.0,3.0,1
2015016740,,0,OH,TPH8895,2015.0,3.0,2
2015017171,,0,PA,PT5658S,2099.0,7.0,2
2015017445,,0,PA,XDS-0323,2015.0,3.0,2
2015017550,,0,PA,XFA7627,2015.0,7.0,1
2015017558,,0,PA,XCV8908,2017.0,3.0,1
2015017633,,0,PA,XHE4598,2015.0,6.0,1
2015017835,,0,AR,PT135596,2015.0,7.0,1
2015017942,,0,,,,1.0,1
2015017942,,0,,,,1.0,2
2015018014,,0,TX,19E580,2015.0,7.0,2
2015018017,,0,MD,039505X,2015.0,3.0,2
2015018204,,0,TN,U352785,2015.0,7.0,1
2015018204,,0,TN,U12526,2015.0,7.0,2
2015018215,,0,ME,167024B,2015.0,7.0,1
2015018215,,0,ZZ,999999999999,9999.0,7.0,3
2015018278,,0,PA,PT6810V,9999.0,7.0,2
2015019064,,0,IN,P450462,2015.0,6.0,2
2015019343,,0,ME,1662776,2016.0,7.0,2
2015019347,,0,ME,181677B,2015.0,6.0,1
2015019423,,0,OK,9133EY,2005.0,7.0,2
2015020112,,0,PA,XR05059,2015.0,6.0,2
2015020259,,0,ME,B263250,2015.0,7.0,2
2015020741,,0,IN,TM49970,,7.0,2
2015020761,,0,,,,2.0,2
2015020868,,0,ZZ,999999999999,9999.0,7.0,1
2015020985,,0,ZZ,UNKNOWN,2015.0,9.0,2
2015021317,,0,PA,PT0519Y,2002.0,6.0,2
2015021450,,0,PA,XZ17252,2016.0,7.0,2
2015021511,,0,PA,AG17213,2015.0,6.0,1
2015021521,,0,IN,P47656,2015.0,6.0,1
2015021562,,0,NJ,TMF49Y,2017.0,6.0,2
2015021757,,0,ME,L1308,2015.0,6.0,2
2015021919,,0,,I,,1.0,1
2015022059,,0,MD,083093X,2005.0,7.0,1
2015022138,,0,,,,8.0,1
2015022480,,0,PA,XJC5451,2006.0,6.0,2
2015022534,,0,PA,PT3804V,2015.0,7.0,1
2015022571,,0,PA,PT7020X,2099.0,7.0,2
2015022594,,0,PA,PT7330S,2007.0,7.0,1
2015022594,,0,ME,1935753,2008.0,7.0,2
2015022638,,0,PA,PT7018X,2015.0,7.0,1
2015022642,,0,ME,2449423,2015.0,7.0,2
2015022678,,0,TN,U264912,2015.0,7.0,1
2015022681,,0,TN,U297117,2015.0,7.0,2
2015023547,,0,PA,PT-1850V,,6.0,1
2015023673,,0,NE,206755,2015.0,6.0,1
2015024248,,0,ME,B377387,2015.0,7.0,1
2015024250,,0,PA,PT1147X,2007.0,6.0,1
2015024269,,0,PA,XHN9671,2015.0,6.0,1
2015024720,,0,WI,599582,2015.0,7.0,2
2015024727,,0,IL,T393570,2015.0,7.0,2
2015024728,,0,ME,2339884,2015.0,7.0,1
2015025095,,0,,,,1.0,2
2015025106,,0,,,,9.0,99
2015025113,,0,,,,1.0,1
2015025247,,0,QC,RF7064M4,2015.0,7.0,2
2015025252,,0,NJ,TFT791,2015.0,6.0,2
2015025370,,0,PA,XHZ1797,2015.0,3.0,2
2015025409,,0,IL,528815ST,2004.0,7.0,2
2015025770,,0,PA,XJD3458,2015.0,7.0,2
2015026086,,0,,,,2.0,3
2015026618,,0,SC,PV95136,2012.0,3.0,1
2015026778,,0,DE,T45144,2015.0,6.0,1
2015026828,,0,PA,PT1254G,2015.0,7.0,1
2015027020,,0,IN,P304839,2015.0,6.0,2
2015027076,,0,,,,1.0,1
2015027255,,0,PA,XFL8744,2015.0,3.0,2
2015027338,,0,PA,PT7142D,2099.0,7.0,1
2015027417,,0,NJ,TEH51L,2016.0,7.0,1
2015027777,,0,PA,XFK3699,1998.0,7.0,2
2015028064,,0,NJ,TFETFE60C,2016.0,7.0,1
2015028070,,0,ME,1536622,2015.0,7.0,1
2015028209,,0,TN,U352681,9999.0,7.0,1
2015028792,,0,ME,I837Y77,9999.0,7.0,2
2015028864,,0,ZZ,999999999999,9999.0,7.0,2
2015029331,,0,PA,PT7020X,2015.0,7.0,1
2015029351,,0,IN,SP144AAJ,2015.0,6.0,2
2015029498,,0,,,,7.0,1
2015030108,,0,ID,TF4777,2015.0,6.0,2
2015030153,,0,PA,JRB9879,2004.0,1.0,2
2015030170,,0,ZZ,,,9.0,2
2015030320,,0,IL,452072ST,2015.0,7.0,1
2015030321,,0,OK,5011JX,2012.0,7.0,1
2015030455,,0,ZZ,UNKNOWN,,7.0,1
2015030868,,0,MN,8330STJ,2015.0,7.0,2
2015030874,,0,OK,3478LE,2015.0,7.0,1
2015030874,,0,ME,182687A,2015.0,7.0,3
2015030877,,0,NJ,T17E6C,2015.0,7.0,1
2015031056,,0,NE,11573C,2013.0,7.0,1
2015031191,,0,PA,XV28127,2000.0,6.0,2
2015031196,,0,DE,T4388,2015.0,7.0,2
2015031587,,0,NJ,TML14K,2018.0,7.0,1
2015031592,,0,ME,2141455,2017.0,7.0,1
2015031750,,0,NJ,T8A209,2015.0,6.0,2
2015031821,,0,NC,AA33223,2015.0,3.0,2
2015031829,,0,PA,PT2554L,2015.0,6.0,2
2015031913,,0,ZZ,UNKNOWN,9999.0,6.0,1
2015032135,,0,PA,XCM9003,2015.0,3.0,2
2015032482,,0,ME,166886B,2015.0,6.0,1
2015032520,,0,TN,T864053,2099.0,7.0,1
2015032520,,0,NJ,T70F7R,2017.0,7.0,2
2015032523,,0,NJ,TNJ70F,2015.0,7.0,1
2015032523,,0,TN,U381869,2015.0,7.0,2
2015032910,,0,,,,7.0,2
2015032969,,0,PA,PT8383W,2015.0,6.0,1
2015032981,,0,ME,167455B,2016.0,7.0,3
2015033126,,0,ME,1758538,2015.0,7.0,3
2015033139,,0,ME,1935422,2015.0,7.0,2
2015033332,,0,OH,T0K6708,2015.0,7.0,1
2015033333,,0,ZG,19Z131,2015.0,6.0,1
2015033570,,0,PA,PT5151V,2099.0,7.0,2
2015033861,,0,ME,19TLR95419,2016.0,7.0,1
2015033868,,0,OR,HU85785,2015.0,7.0,1
2015033868,,0,NJ,TGN63C,2015.0,7.0,6
2015034290,,0,ME,185663,2015.0,7.0,3
2015034291,,0,NJ,TMC19H,2017.0,7.0,1
2015034291,,0,IL,T494736,2099.0,7.0,4
2015034291,,0,MN,0983STL,2099.0,7.0,5
2015034295,,0,NJ,TGJ63Z,2017.0,7.0,2
2015034752,,0,OH,TQN1054,1996.0,7.0,2
2015035064,,0,ME,19-90803,2019.0,7.0,1
2015035130,,0,,IVII,,1.0,2
2015035219,,0,IN,P456258,2000.0,7.0,2
2015035317,,0,ME,1838102,2018.0,7.0,1
2015035329,,0,PA,PT8479M,2015.0,7.0,1
2015035372,,0,NJ,TMU21C,2017.0,7.0,2
2015035373,,0,OK,1757DX,2016.0,7.0,2
2015035605,,0,MO,19A594,2015.0,7.0,2
2015035614,,0,PA,XCS5051,2015.0,3.0,2
2015035716,,0,IN,6696JJ,2015.0,7.0,2
2015035949,,0,PA,PT9709B,2015.0,7.0,2
2015036348,,0,PA,PT2558W,2015.0,7.0,1
2015036363,,0,PA,XHY1152,2019.0,6.0,1
2015036367,,0,NJ,J356296,2015.0,7.0,2
2015036374,,0,IN,P455619,2015.0,7.0,2
2015036539,,0,ME,1967043,2019.0,7.0,2
2015036553,,0,ML,189Y24,9999.0,7.0,1
2015036564,,0,NJ,1IEHY7JW,9999.0,7.0,2
2015036695,,0,ME,BI3937I,9999.0,7.0,1
2015036747,,0,SD,91399,2012.0,7.0,2
2015036835,,0,PA,PT3014Z,2003.0,3.0,2
2015036939,,0,PA,XN53762,2017.0,3.0,2
2015037072,,0,,,,1.0,3
2015037236,,0,MA,C28261,2015.0,6.0,2
2015037500,,0,IL,509768ST,2015.0,7.0,1
2015037967,,0,TN,68000,2015.0,7.0,2
2015038080,,0,NY,BB87576,2015.0,7.0,2
2015038240,,0,PA,PT5335W,2015.0,7.0,1
2015038241,,0,NJ,THP72D,2018.0,6.0,2
2015038381,,0,PA,PT7591Z,2007.0,7.0,2
2015038386,,0,PA,J96462J,2015.0,7.0,1
2015038407,,0,PA,PT4129Z,2006.0,6.0,1
2015038474,,0,NJ,TDJ86Z,2001.0,6.0,1
2015038534,,0,,,,1.0,2
2015038569,,0,ZZ,99999999999,9999.0,7.0,2
2015038752,,0,IL,P370889,2015.0,7.0,2
2015039131,,0,IA,TF3181,2008.0,7.0,2
2015039483,,0,OK,8191QK,2014.0,7.0,1
2015039531,,0,,,,3.0,1
2015039722,,0,TN,91H1552,2015.0,3.0,2
2015040028,,0,IN,P292440,2015.0,7.0,1
2015040116,,0,PA,PT0049P,9999.0,7.0,2
2015040123,,0,IL,911R883,2016.0,7.0,1
2015040270,,0,IL,42208ST,2015.0,7.0,1
2015040270,,0,TN,U452545,2015.0,7.0,3
2015040270,,0,TN,U0507948,2015.0,7.0,4
2015040405,,0,NJ,TGB27C,2015.0,7.0,2
2015040708,,0,IL,446235,2015.0,6.0,2
2015041478,,0,FL,1046CK,2001.0,7.0,1
2015041481,,0,NE,154498,2016.0,7.0,2
2015041830,,0,TN,U166008,1995.0,7.0,1
2015042250,,0,NJ,THV57M,2002.0,7.0,1
2015042277,,0,PA,PT8986R,2015.0,7.0,1
2015042543,,0,ME,1880993,2014.0,7.0,1
2015042775,,0,IN,TG96NG,9999.0,7.0,2
2015042837,,0,,,,9.0,1
2015042952,,0,PA,PT7326X,2015.0,6.0,2
2015042976,,0,NJ,TMV82U,2018.0,7.0,2
2015043013,,0,PA,XHF7211,2016.0,6.0,2
2015043100,,0,PA,XCL4858,2011.0,3.0,2
2015043218,,0,ZZ,999999999999,9999.0,7.0,4
2015043336,,0,ZZ,999999999999,9999.0,7.0,3
2015043344,,0,IL,T351749,2015.0,7.0,1
2015043378,,0,,,,1.0,2
2015043485,,0,NC,BP90522,2015.0,6.0,1
2015043678,,0,PA,XS25223,2002.0,6.0,1
2015043905,,0,NJ,TMS38C,2015.0,7.0,1
2015043906,,0,IL,T449536,2015.0,7.0,1
2015043906,,0,RI,7491DX,2015.0,7.0,2
2015044014,,0,PA,PT2265W,9999.0,7.0,2
2015044089,,0,PA,XGY9590,2015.0,7.0,1
2015044492,,0,IL,453628ST,2015.0,7.0,2
2015044597,,0,MS,092659A,2015.0,7.0,1
2015044597,,0,IL,T499089,2015.0,7.0,2
2015044922,,0,PA,PT7127P,2015.0,6.0,2
2015045056,,0,PA,ZDA2541,2015.0,3.0,2
2015045191,,0,PA,XBH4147,2015.0,6.0,2
2015045224,,0,PA,PT5912V,2099.0,6.0,1
2015045227,,0,ZZ,999999999999,9999.0,7.0,3
2015045376,,0,ZZ,99999999999,9999.0,7.0,2
2015045549,,0,MS,026224A,2015.0,7.0,2
2015045628,,0,PA,XJH6485,2015.0,3.0,1
2015045631,,0,PA,PT7878H,,6.0,2
2015045828,,0,PA,XJH6247,2016.0,3.0,2
2015046064,,0,NJ,TKE27R,,6.0,2
2015046116,,0,IL,DTR9438,2015.0,7.0,1
2015046119,,0,PA,PT6342F,2015.0,3.0,2
2015046141,,0,NJ,THP54S,2016.0,6.0,1
2015046605,,0,PA,XBN3303,2015.0,3.0,1
2015046668,,0,DE,T28693,2015.0,7.0,2
2015046690,,0,NJ,TDC50B,2008.0,3.0,1
2015046799,,0,NJ,THE99X,2015.0,7.0,1
2015047164,,0,VA,135945TL,2010.0,6.0,1
2015047187,,0,PA,PT6056T,9999.0,3.0,1
2015047389,,0,MD,995210G,2015.0,7.0,2
2015047684,,0,DE,T40506,2015.0,6.0,1
2015047771,,0,NJ,TNE779,2008.0,7.0,1
2015047771,,0,IA,TL0285,,7.0,3
2015047848,,0,PA,PT8917H,9999.0,6.0,2
2015047914,,0,ME,2087315,2020.0,7.0,1
2015047975,,0,PA,XGB7370,2011.0,3.0,4
2015048113,,0,TN,T793747,2015.0,7.0,1
2015048184,,0,PA,XY63404,2015.0,3.0,2
2015048288,,0,PA,XJC5453,2015.0,6.0,1
2015048318,,0,PA,DYG0464,2005.0,1.0,1
2015048346,,0,PA,XHR3098,,6.0,1
2015048479,,0,,,,8.0,1
2015048749,,0,PA,XFL6600,2015.0,6.0,1
2015048774,,0,ME,2337632,2016.0,7.0,1
2015048874,,0,PA,XJD0720,2015.0,3.0,1
2015048935,,0,PA,XDL8056,2015.0,6.0,1
2015049024,,0,PA,X40050H,9999.0,3.0,1
2015049098,,0,ZZ,999999999999,9999.0,7.0,3
2015049118,,0,ZZ,TM54Z,9999.0,7.0,1
2015049409,,0,PA,XHD4231,2020.0,3.0,2
2015049450,,0,ME,1840001,2018.0,7.0,1
2015049569,,0,NJ,TAP44G,1995.0,6.0,1
2015049603,,0,PA,JTK9819,2014.0,1.0,2
2015049603,,0,PA,DXJ9931,2015.0,1.0,3
2015049603,,0,PA,GVV0727,2015.0,1.0,4
2015049641,,0,ME,1852915,2018.0,7.0,1
2015049877,,0,IN,P354736,15.0,6.0,1
2015050052,,0,ME,167817C,2015.0,6.0,1
2015050224,,0,PA,XHF7546,2016.0,3.0,2
2015050693,,0,PA,JLB5108,2015.0,1.0,2
2015050799,,0,PA,PT4575K,2015.0,7.0,2
2015050800,,0,IN,P455155,2015.0,7.0,2
2015051058,,0,,,,8.0,2
2015051425,,0,ZZ,999999999999,9999.0,7.0,1
2015051437,,0,ZZ,999999999999,9999.0,7.0,2
2015051466,,0,,,,9.0,1
2015051474,,0,ZZ,MA7W,9999.0,7.0,1
2015051607,,0,MO,869914,2015.0,6.0,1
2015051610,,0,ZG,AF02552,2015.0,7.0,5
2015051613,,0,PA,PT3151Z,2015.0,7.0,2
2015051615,,0,PA,PT6023N,2015.0,7.0,2
2015051648,,0,PA,XGT6197,2015.0,3.0,1
2015052071,,0,WI,ST30184,2015.0,7.0,1
2015052091,,0,PA,XDK6646,,3.0,1
2015052188,,0,PA,XHY3519,2019.0,3.0,2
2015052272,,0,TN,U331019,2015.0,7.0,1
2015052345,,0,PA,6628063,2015.0,7.0,1
2015052347,,0,OH,TNA2963,2015.0,7.0,1
2015052368,,0,PA,PT9545A,2015.0,7.0,1
2015052376,,0,PA,XCE9748,2016.0,3.0,1
2015052386,,0,ME,1992392,2006.0,7.0,1
2015052764,,0,FL,2457CE,2015.0,7.0,1
2015052844,,0,PA,XJL3354,2016.0,3.0,2
2015053060,,0,OK,9786FP,2016.0,7.0,1
2015053093,,0,ME,1966586,2016.0,6.0,1
2015053139,,0,ZZ,UNKNOWN,,7.0,1
2015053308,,0,IL,T508754,2015.0,7.0,2
2015053356,,0,OR,HR66057,2016.0,7.0,1
2015053380,,0,WA,8455YE,2013.0,7.0,1
2015053453,,0,NJ,T99F6C,2016.0,7.0,1
2015053488,,0,,,,7.0,1
2015053488,,0,PA,PT5594K,2004.0,7.0,2
2015053590,,0,PA,XGD7730,2011.0,3.0,3
2015053726,,0,ZF,UNKNOWN,2015.0,9.0,2
2015054306,,0,OK,4896EO,16.0,7.0,1
2015054362,,0,,TKVMY,,3.0,1
2015054408,,0,,,,2.0,1
2015054415,,0,PA,PT4269V,1996.0,7.0,1
2015054484,,0,PA,XCP6423,2015.0,6.0,3
2015054707,,0,PA,XM80261,,3.0,2
2015054816,,0,OH,TPK6401,2016.0,7.0,2
2015054837,,0,PA,XDZ5046,2016.0,3.0,1
2015054984,,0,PA,YWF0834,2015.0,2.0,1
2015055108,,0,IA,DA4111,2015.0,7.0,2
2015055113,,0,PA,XBJ2063,2003.0,8.0,2
2015055333,,0,WI,666680,2015.0,7.0,1
2015055363,,0,PA,XGG6219,2015.0,3.0,2
2015055537,,0,PA,PT9023L,2017.0,7.0,2
2015055538,,0,PA,XJJ4217,2020.0,3.0,1
2015056279,,0,OH,TPC1620,2015.0,7.0,1
2015056280,,0,PA,XHF6351,2019.0,3.0,2
2015056313,,0,TN,U536652,2017.0,7.0,2
2015056313,,0,PA,PT9919E,2016.0,7.0,4
2015056365,,0,PA,XGJ5264,2010.0,3.0,1
2015056629,,0,ME,B460698,2016.0,7.0,2
2015056631,,0,ME,2637474,2014.0,7.0,2
2015056639,,0,ME,1948503,1993.0,7.0,2
2015056675,,0,PA,PT9473W,2017.0,7.0,1
2015056705,,0,PA,XHM5452,2015.0,3.0,3
2015057026,,0,PA,NONE,2015.0,8.0,2
2015057178,,0,IN,P394455,2015.0,7.0,1
2015057290,,0,,,,3.0,2
2015057429,,0,PA,XJH3116,2016.0,3.0,1
2015057644,,0,PA,XHG6337,2020.0,3.0,2
2015057720,,0,ZZ,NONE,2000.0,8.0,1
2015057720,,0,NJ,THD18W,2016.0,6.0,4
2015057747,,0,TN,U109786,9999.0,7.0,1
2015057842,,0,ME,2729182,,7.0,2
2015057890,,0,PA,PT1175X,2015.0,7.0,1
2015058167,,0,PA,PT1919C,2015.0,7.0,2
2015058252,,0,PA,XFV0981,2015.0,6.0,1
2015058338,,0,ME,2236003,2015.0,7.0,1
2015058358,,0,PA,XHH2750,2013.0,5.0,2
2015058458,,0,ME,1844242,2015.0,7.0,1
2015058507,,0,FL,1197CB,2016.0,6.0,1
2015058600,,0,NE,14013W,2015.0,6.0,1
2015058603,,0,ME,2074871,2000.0,6.0,2
2015058853,,0,ME,2050120,2015.0,7.0,1
2015058968,,0,ME,2147538,2015.0,7.0,2
2015059005,,0,PA,XR57106,2015.0,6.0,2
2015059037,,0,MN,169080B,2001.0,7.0,2
2015059093,,0,IL,T473272,2015.0,7.0,2
2015059109,,0,ZZ,BTW88,9999.0,7.0,1
2015059189,,0,NJ,THB52G,1998.0,7.0,1
2015059190,,0,NJ,8738963,2016.0,7.0,2
2015059232,,0,PA,HGG8553,2009.0,1.0,2
2015059244,,0,OK,4854CZ,,7.0,1
2015059985,,0,PA,XHR2593,815.0,3.0,1
2015060015,,0,,,,1.0,1
2015060026,,0,,,,6.0,3
2015060485,,0,CA,4NL1008,2015.0,7.0,1
2015060608,,0,NJ,TNE70Y,2018.0,7.0,1
2015060629,,0,OK,5648KS,2014.0,7.0,1
2015060982,,0,,,,8.0,1
2015060991,,0,,,,1.0,1
2015061026,,0,ME,2238105,615.0,7.0,2
2015061097,,0,PA,XHH2869,2015.0,7.0,1
2015061102,,0,IL,T494862,2016.0,7.0,1
2015061245,,0,ME,2327300,2023.0,7.0,1
2015061310,,0,PA,XL83102,2015.0,6.0,1
2015061350,,0,NJ,TPH50U,2016.0,6.0,1
2015061350,,0,ZZ,UNKNOWN,,6.0,2
2015061723,,0,ZZ,999999999999,9999.0,7.0,2
2015061769,,0,ZZ,99999999999,9999.0,7.0,2
2015061838,,0,,,,3.0,2
2015062779,,0,PA,XGW5341,2016.0,3.0,1
2015062872,,0,OK,925DEV,2016.0,7.0,2
2015063032,,0,PA,PT1960P,2015.0,6.0,2
2015063217,,0,TN,U269753,2016.0,7.0,2
2015063439,,0,NJ,TNJ6-W,2019.0,7.0,2
2015063451,,0,NJ,TCG18V,2017.0,7.0,1
2015063463,,0,PA,XJL8311,2013.0,3.0,1
2015063552,,0,NJ,T16Y3L,,7.0,1
2015063713,,0,ZZ,NO TAG,2000.0,3.0,1
2015063742,,0,PA,XHF6655,2015.0,7.0,2
2015063770,,0,,,,7.0,2
2015063773,,0,PA,,2016.0,9.0,1
2015064088,,0,FL,1362CD,2015.0,7.0,2
2015064249,,0,PA,XDK4559,,3.0,3
2015064317,,0,ME,1783222,2016.0,7.0,1
2015064346,,0,KY,623,2015.0,3.0,2
2015064509,,0,PA,PT0017R,2006.0,7.0,1
2015065040,,0,PA,PT9736V,2015.0,7.0,2
2015065358,,0,PA,XHS1017,2015.0,3.0,3
2015065365,,0,PA,XGJ9532,2015.0,6.0,2
2015065380,,0,PA,PT4830Y,2015.0,7.0,2
2015065426,,0,PA,ZFG3707,2015.0,2.0,2
2015065448,,0,VA,999999999999,9999.0,7.0,2
2015065775,,0,PA,XDA0514,2016.0,6.0,2
2015065891,,0,OK,7579GU,2011.0,7.0,1
2015065901,,0,PA,PT5310V,,7.0,1
2015066226,,0,IL,H64H6ST,9999.0,7.0,1
2015066278,,0,,,,9.0,1
2015066332,,0,IN,P46403,9999.0,7.0,2
2015066503,,0,PA,56830MG,,3.0,1
2015066581,,0,MO,31A762,2015.0,7.0,1
2015066660,,0,PA,XJH6501,2015.0,3.0,2
2015066725,,0,IN,P161193,,6.0,2
2015067255,,0,TN,U427506,2016.0,7.0,3
2015067390,,0,TN,U564720,2015.0,7.0,2
2015067510,,0,IL,P683826,2016.0,7.0,2
2015067520,,0,WV,C204068,2007.0,7.0,2
2015067527,,0,PA,PT9060P,2015.0,7.0,1
2015067574,,0,FL,3331CM,2015.0,7.0,1
2015067578,,0,NJ,TMB69D,2016.0,7.0,1
2015067617,,0,PA,XFF5009,2015.0,3.0,1
2015067751,,0,VA,541498TL,2015.0,7.0,2
2015067923,,0,NE,G04J98,9999.0,7.0,1
2015067923,,0,,O,,,2
2015067924,,0,FL,NSYCL,9999.0,7.0,1
2015068038,,0,OK,2124FP,2015.0,7.0,1
2015068061,,0,PA,XY71920,2015.0,7.0,1
2015068067,,0,MD,8783316,2015.0,3.0,3
2015068390,,0,FL,G0825D,16.0,3.0,2
2015068407,,0,PA,XDJ3603,2016.0,6.0,1
2015068511,,0,PA,XFV3955,2016.0,6.0,1
2015068580,,0,PA,JSS9468,2015.0,1.0,2
2015068713,,0,,,,8.0,2
2015068805,,0,IL,T435683,2016.0,6.0,2
2015069485,,0,PA,XFH9396,16.0,6.0,2
2015069657,,0,PA,XHR5350,2015.0,6.0,1
2015069671,,0,FL,729SU,9999.0,7.0,1
2015069676,,0,PA,JF80847,,1.0,1
2015069748,,0,ZZ,TJE82H,9999.0,7.0,2
2015069863,,0,WI,591352,2015.0,7.0,1
2015070186,,0,,,,8.0,2
2015070270,,0,ME,1951930,2016.0,6.0,1
2015070272,,0,NC,U535981,2016.0,7.0,2
2015070283,,0,TN,T994159,2099.0,7.0,2
2015070286,,0,PA,XHN9662,2018.0,3.0,3
2015070286,,0,GA,TR8012L,2016.0,3.0,7
2015070289,,0,DE,RT3604,2016.0,5.0,2
2015070480,,0,IL,461758ST,2013.0,7.0,1
2015070616,,0,,,,3.0,2
2015070631,,0,,,9999.0,,97
2015070773,,0,ZZ,NONE,2015.0,1.0,2
2015070818,,0,ME,2031935,2015.0,6.0,2
2015071084,,0,PA,PT2911K,2099.0,7.0,2
2015071113,,0,ME,1955625,1982.0,7.0,2
2015071201,,0,PA,PT670214,,7.0,2
2015071479,,0,ZZ,UNKNOWN,2099.0,7.0,2
2015072001,,0,,NONE,,8.0,1
2015072174,,0,IL,467696,2015.0,7.0,1
2015072197,,0,PA,PT3292F,2015.0,7.0,2
2015072212,,0,ID,TE3273,2015.0,7.0,2
2015072431,,0,ME,TRL1753825,2016.0,6.0,2
2015072816,,0,PA,XHX6144,2020.0,7.0,1
2015072967,,0,NC,L818080,2016.0,6.0,1
2015072968,,0,NJ,TFL80M,2015.0,7.0,2
2015072991,,0,PA,XBK0409,2016.0,3.0,2
2015073210,,0,PA,XFY3447,2015.0,6.0,2
2015073253,,0,ME,25U37W,9999.0,7.0,2
2015073262,,0,ZZ,999999999999,9999.0,7.0,2
2015073509,,0,ON,E3801A,2016.0,7.0,1
2015073630,,0,ZZ,999999999999,9999.0,7.0,1
2015073659,,0,,,,1.0,1
2015073787,,0,NJ,TMY92S,1997.0,7.0,2
2015073855,,0,IN,P428625,2015.0,7.0,1
2015073929,,0,IN,E731561,2015.0,7.0,1
2015074256,,0,IN,P476980,2016.0,7.0,1
2015074257,,0,ME,183210C,2015.0,6.0,1
2015074511,,0,PA,YXZ7124,2006.0,2.0,1
2015074577,,0,ZZ,999999999999,9999.0,7.0,2
2015074636,,0,IN,P357842,2016.0,7.0,2
2015074960,,0,IL,T492934,2015.0,7.0,2
2015074989,,0,NJ,TNX38A,2016.0,7.0,1
2015075349,,0,ME,184281A,2015.0,7.0,1
2015075389,,0,PA,PT6494V,2016.0,7.0,1
2015075389,,0,ZZ,999999,2016.0,1.0,3
2015075827,,0,PA,KJW787,9999.0,8.0,3
2015075905,,0,KY,49080T,2014.0,7.0,2
2015076272,,0,NJ,TEE78V,2019.0,7.0,2
2015076559,,0,PA,XZ96229,2015.0,6.0,2
2015076793,,0,PA,FBP6855,2016.0,1.0,1
2015077112,,0,CO,759KGR,2016.0,3.0,2
2015077169,,0,PA,JJH2543,2015.0,1.0,2
2015077417,,0,TN,T718519,2015.0,7.0,2
2015077437,,0,MI,D205438,9999.0,7.0,2
2015077495,,0,MS,75798A,2015.0,6.0,2
2015077498,,0,TN,T567263,2015.0,7.0,1
2015077518,,0,IL,452568ST,2015.0,7.0,1
2015077519,,0,MT,617698B,2015.0,1.0,1
2015077839,,0,OK,5337KS,9999.0,7.0,2
2015078016,,1,PA,XFZ6913,2019.0,3.0,1
2015078074,,0,PA,XHM4077,2016.0,3.0,2
2015078075,,0,VA,CT714523,2015.0,6.0,2
2015078094,,0,PA,PT6371B,2016.0,7.0,2
2015078268,,0,IA,999999999999,9999.0,7.0,1
2015078642,,0,,JH4Z0S3,,,99
2015078877,,0,,,,1.0,1
2015078909,,0,IA,DE0041,2015.0,7.0,1
2015078966,,0,TN,T691852,2004.0,7.0,1
2015079289,,0,ME,1964432,2019.0,7.0,2
2015079622,,0,IL,T505269,2015.0,7.0,2
2015079694,,0,PA,PT3839T,,6.0,2
2015079702,,0,PA,XGY9940,2016.0,3.0,2
2015079871,,0,TN,T715141,,7.0,3
2015080131,,0,IL,286702ST,2015.0,6.0,1
2015080225,,0,SC,PV56171,,6.0,2
2015080271,,0,,4,,1.0,1
2015080503,,0,QC,RA0855K,2015.0,7.0,2
2015080667,,0,PA,,,7.0,1
2015080727,,0,ME,B589032,2016.0,7.0,2
2015080860,,0,PA,PT1003V,1990.0,6.0,2
2015081251,,0,PA,XGM4354,2016.0,3.0,2
2015081304,,0,TN,T959384,2016.0,7.0,2
2015081362,,0,PA,PT4267S,9999.0,7.0,2
2015081407,,0,PA,,2015.0,3.0,3
2015081465,,0,IN,P434830,2015.0,6.0,1
2015081475,,0,PA,XLJ2330,2016.0,3.0,2
2015081539,,0,CA,4KV5671,,7.0,1
2015081648,,0,PA,XJM7310,2015.0,3.0,2
2015081955,,0,PA,AF57295,2015.0,7.0,2
2015081962,,0,OR,HS61677,2015.0,7.0,1
2015082000,,0,IL,329370ST,2016.0,7.0,1
2015082230,,0,NJ,TMP20S,2017.0,7.0,1
2015082431,,0,ZZ,UNKNOWN,,7.0,2
2015082503,,0,PA,XJK2822,2015.0,6.0,2
2015082549,,0,FL,CPME29,2016.0,1.0,2
2015082709,,0,NJ,THP690C,2016.0,7.0,2
2015082927,,0,IN,P399285,2015.0,7.0,2
2015082995,,0,PA,XGM3293,2015.0,3.0,2
2015083054,,0,NJ,T68J7W,2016.0,7.0,2
2015083216,,0,PA,PT4431B,99.0,7.0,2
2015083238,,0,NY,2138C0,2015.0,7.0,1
2015083436,,0,OH,TQK4U5,,7.0,1
2015083480,,0,OK,4591JW,2012.0,7.0,2
2015083961,,0,PA,PT7577R,2014.0,7.0,1
2015084001,,0,NJ,TKP22J,2018.0,7.0,2
2015084003,,0,NJ,TKX86E,2015.0,7.0,2
2015084007,,0,NJ,5342,2012.0,7.0,1
2015084037,,0,ME,1955223,2015.0,7.0,1
2015084037,,0,ME,1784502,2015.0,7.0,2
2015084040,,0,ME,2335340,2015.0,7.0,2
2015084204,,0,ME,19TLR89832,2016.0,7.0,1
2015084302,,0,NJ,TMS53D,2016.0,6.0,2
2015084464,,0,CA,999999999999,9999.0,7.0,2
2015084560,,0,PA,XJM6619,2016.0,5.0,2
2015084593,,0,WI,ST23171,2099.0,7.0,1
2015084636,,0,PA,XJK4123,2001.0,3.0,2
2015084725,,0,WI,672791,2015.0,7.0,2
2015084726,,0,PA,PT006A1,2016.0,8.0,2
2015084833,,0,ZZ,999999999999,9999.0,7.0,1
2015085098,,0,PA,XJF8679,2016.0,7.0,1
2015085134,,0,PA,,,1.0,1
2015085157,,0,TN,073705,2001.0,7.0,1
2015085319,,0,ME,I86203,2000.0,7.0,3
2015085895,,0,NY,BB60304,2016.0,3.0,2
2015085896,,0,NJ,TMH37W,2015.0,7.0,1
2015085897,,0,NJ,T714WL,2016.0,7.0,1
2015086190,,0,ME,22-5897,2015.0,7.0,2
2015086200,,0,,,,8.0,1
2015086243,,0,ZZ,999999999999,9999.0,3.0,1
2015086251,,0,AB,,,,1
2015086874,,0,KY,57446T,2016.0,6.0,1
2015087145,,0,IL,494093ST,2016.0,7.0,2
2015087433,,0,PA,XR44458,,3.0,1
2015087584,,0,KS,510829,2007.0,7.0,2
2015087591,,0,NJ,TPG17V,1999.0,7.0,2
2015087595,,0,MN,1291STN,2015.0,6.0,1
2015087612,,0,PA,PT8258T,2016.0,7.0,2
2015087839,,0,PA,JWK1316,2016.0,1.0,1
2015087846,,0,,,,7.0,2
2015088196,,0,PA,XK95698,2016.0,3.0,2
2015088197,,0,PA,XDC9770,2003.0,6.0,2
2015088409,,0,PA,XFE8006,2016.0,8.0,2
2015088411,,0,NJ,TEG68B,2008.0,3.0,2
2015088499,,0,AL,1UTB5294,2019.0,6.0,1
2015088651,,0,NJ,T68T4K,2016.0,7.0,1
2015088663,,0,ZZ,2I85Y5,9999.0,7.0,1
2015088791,,0,MN,U56865Z,,7.0,2
2015088804,,0,,U0IWWJ,,7.0,2
2015088853,,0,NE,241480,2015.0,6.0,1
2015088962,,0,IL,542877ST,2015.0,7.0,1
2015088967,,0,TN,U137726,2020.0,7.0,2
2015088974,,0,PA,ZGR2460,2016.0,3.0,2
2015089062,,0,,,,1.0,1
2015089062,,0,PA,,,1.0,2
2015089103,,0,NJ,TAS82J,2017.0,7.0,1
2015089104,,0,IN,P424473,2015.0,7.0,2
2015089225,,0,NJ,TNX17G,2013.0,7.0,2
2015089305,,0,PA,XHJ8860,2008.0,3.0,2
2015089572,,0,ZZ,UNKNOWN,,7.0,2
2015089601,,0,PA,XHY2056,16.0,3.0,2
2015089696,,0,OK,2037JL,2015.0,7.0,1
2015089718,,0,ZZ,UNK,2015.0,7.0,1
2015089720,,0,PA,XY96094,2018.0,8.0,1
2015090084,,0,IN,P236961,2016.0,6.0,2
2015090124,,0,99,9999999,9999.0,7.0,2
2015090247,,0,PA,XCZ0775,2015.0,3.0,1
2015090251,,0,MD,2261267,2016.0,7.0,1
2015090300,,0,WV,C33332,,6.0,1
2015090449,,0,NJ,THG85G,2016.0,7.0,1
2015090482,,0,,,,7.0,1
2015090755,,0,PA,PT9358Y,2015.0,6.0,1
2015090844,,0,PA,AG38345,2015.0,6.0,2
2015091001,,0,PA,PT25092Z,2011.0,6.0,1
2015091068,,0,ZZ,XW2905,9999.0,3.0,2
2015091173,,0,,0IA,,9.0,1
2015091243,,0,DE,CL116102,1999.0,6.0,1
2015091282,,0,PA,ZCL3702,2016.0,1.0,2
2015091600,,0,IL,469979ST,2016.0,7.0,2
2015091601,,0,IN,P306282,2015.0,7.0,1
2015091616,,0,,,,8.0,2
2015091935,,0,WI,642753,,7.0,1
2015091935,,0,PA,XFL1080,,3.0,2
2015092002,,0,NJ,T91W4B,2015.0,6.0,1
2015092053,,0,IN,S8759AB,9999.0,7.0,1
2015092068,,0,ZZ,999999999999,9999.0,7.0,1
2015092161,,0,ON,K5074X,2020.0,6.0,1
2015092167,,0,DE,T0048826,2016.0,7.0,1
2015092203,,0,PA,PT1644G,2017.0,7.0,2
2015092373,,0,PA,XJS-3599,2013.0,3.0,1
2015092556,,0,NJ,TFE59K,2015.0,7.0,1
2015092564,,0,NC,CD66311,2015.0,6.0,2
2015092999,,0,,L,,,2
2015093109,,0,IN,P236614,2015.0,7.0,2
2015093113,,0,TX,031B137,2015.0,7.0,2
2015093566,,0,PA,XBD0839,2020.0,3.0,2
2015093767,,0,OK,4381KS,2015.0,7.0,2
2015093893,,0,,,,1.0,2
2015094157,,0,PA,XGK1858,2015.0,6.0,1
2015094663,,0,,,,7.0,1
2015094736,,0,PA,XP06593,2015.0,7.0,1
2015094837,,0,ZZ,NONE,2016.0,8.0,1
2015094864,,0,NJ,TNZ97C,2016.0,3.0,2
2015094928,,0,PA,HZE0851,2016.0,1.0,2
2015094928,,0,PA,JHB0643,2016.0,1.0,3
2015094930,,0,IL,555721ST,2016.0,6.0,2
2015095326,,0,ZZ,UNKNOWN,2099.0,9.0,2
2015095333,,0,PA,PT8421T,2016.0,7.0,2
2015095336,,0,ME,18TLR3599B,2015.0,7.0,2
2015095354,,0,CA,4NE6639,2014.0,7.0,1
2015095355,,0,MI,D181936,2015.0,7.0,1
2015095403,,0,ME,2248973,2016.0,7.0,1
2015095406,,0,CT,V96625,2016.0,7.0,1
2015095474,,0,PA,PT5316V,2015.0,7.0,2
2015095800,,0,IL,328919ST,2015.0,7.0,1
2015095818,,0,IN,P364114,,7.0,2
2015095895,,0,NJ,T953XV,2016.0,3.0,2
2015096220,,0,ME,2415872,2015.0,7.0,1
2015096327,,0,PA,PT2827J,2016.0,7.0,3
2015096339,,0,TN,U405896,2016.0,7.0,1
2015096348,,0,IL,282468ST,2015.0,7.0,1
2015096383,,0,TN,T584562,,6.0,1
2015096882,,0,TN,U334550,2016.0,7.0,1
2015096995,,0,PA,XJC-9320,2015.0,6.0,2
2015097377,,0,PA,XJN4810,2016.0,3.0,1
2015097609,,0,ME,1885927,2016.0,7.0,2
2015097619,,0,IN,P450477,2015.0,7.0,2
2015097625,,0,IN,144148,2014.0,7.0,2
2015097628,,0,PA,PT7958F,2016.0,7.0,1
2015097635,,0,PA,PT8741S,2099.0,7.0,2
2015097640,,0,ME,1658749,2016.0,7.0,2
2015098068,,0,,,,3.0,1
2015098201,,0,IL,T47859,2015.0,7.0,1
2015098216,,0,PA,XBC5679,2015.0,6.0,1
2015098352,,0,OR,HR83897,9999.0,7.0,1
2015098360,,0,,,,6.0,1
2015098486,,0,PA,XT28745,2016.0,3.0,1
2015098639,,0,PA,XGG3500,2016.0,8.0,1
2015098800,,0,IL,465655,2018.0,7.0,1
2015099000,,0,ZZ,999999999999,9999.0,7.0,2
2015099075,,0,NE,139616,2015.0,7.0,2
2015099439,,0,NJ,U601758,2015.0,6.0,2
2015099628,,0,,,,1.0,2
2015099668,,0,PA,XBB6575,,6.0,2
2015099790,,0,PA,XFT0742,,6.0,1
2015099809,,0,,,,7.0,1
2015099815,,0,AZ,0741B,2015.0,3.0,2
2015100024,,0,TN,T941772,2015.0,7.0,1
2015100107,,0,PA,PT4746T,2016.0,7.0,2
2015100234,,0,PA,XFG3551,2016.0,3.0,2
2015100439,,0,OH,FMD7859,1991.0,1.0,1
2015100472,,0,NJ,TKJ73M,2016.0,7.0,1
2015100496,,0,TN,007268T,1999.0,7.0,2
2015100630,,0,NJ,,2019.0,7.0,2
2015100785,,0,DE,T68769,2017.0,7.0,2
2015100855,,0,PA,XK69682,2016.0,3.0,2
2015101032,,0,OK,3298FA,2016.0,6.0,1
2015101377,,0,NJ,TJL71U,2016.0,7.0,1
2015101740,,0,,,,1.0,1
2015102014,,0,,W50QVIGBB5Y,9999.0,7.0,1
2015102062,,0,NE,236987,2015.0,7.0,2
2015102067,,0,OK,1982LT,2015.0,7.0,1
2015102082,,0,NJ,TKE27R,2015.0,6.0,1
2015102217,,0,PA,PT1673V,2008.0,4.0,2
2015102547,,0,PA,PT7575R,2011.0,6.0,1
2015102636,,0,ME,1657082,,6.0,1
2015102640,,0,DE,T96260,2015.0,6.0,1
2015102654,,0,IA,DA3559,2016.0,7.0,2
2015102680,,0,IN,,,7.0,1
2015103186,,0,PA,XBH2312,2015.0,3.0,1
2015103326,,0,,,,1.0,2
2015103572,,0,ME,1779496,2000.0,7.0,2
2015103572,,0,PA,PT5132Y,1993.0,7.0,4
2015103875,,0,NJ,TKT10P,2016.0,6.0,2
2015104436,,0,TX,070C200,2016.0,7.0,2
2015104663,,0,PA,PT3671Z,2010.0,7.0,2
2015104713,,0,IA,DA8042,2016.0,7.0,2
2015104861,,0,PA,XFP2753,2016.0,3.0,1
2015105099,,0,ZZ,999999999999,9999.0,7.0,2
2015105110,,0,FL,9368CQ,2015.0,7.0,2
2015105270,,0,TN,U445449,2015.0,7.0,2
2015105515,,0,PA,XJL4755,1994.0,1.0,1
2015105619,,0,PA,XJH2356,2015.0,8.0,2
2015105622,,0,PA,XBE5850,2015.0,8.0,2
2015105625,,0,OK,8223KD,2012.0,6.0,1
2015105795,,0,IL,1945085,2016.0,6.0,1
2015105875,,0,TN,U273610,2011.0,7.0,2
2015106191,,0,ME,7321405,2015.0,7.0,2
2015106192,,0,PA,XL20839,2020.0,3.0,1
2015106201,,0,PA,PT7534V,2016.0,7.0,1
2015106204,,0,ME,1764282,2016.0,7.0,1
2015106223,,0,PA,XJR9023,2016.0,7.0,2
2015106312,,0,PA,XGW5755,2012.0,3.0,1
2015106404,,0,TN,999999999999,9999.0,7.0,1
2015106412,,0,ZZ,999999999999,9999.0,7.0,2
2015106414,,0,GA,UAZ670,1995.0,7.0,2
2015106451,,0,PA,PT6322J,2014.0,7.0,1
2015106457,,0,ZZ,999999999999,9999.0,7.0,1
2015106705,,0,PA,XJJ9561,2016.0,3.0,2
2015106888,,0,PA,XFP3376,2016.0,3.0,2
2015107392,,0,KS,511332,2016.0,7.0,1
2015107438,,0,ZZ,999999999999,9999.0,7.0,1
2015107629,,0,DE,CL19617,2016.0,1.0,1
2015107765,,0,PA,PT35914,2016.0,7.0,1
2015107872,,0,PA,XM04111,2016.0,6.0,1
2015108076,,0,NJ,TNM20E,2015.0,7.0,2
2015108088,,0,IL,172266ST,2015.0,7.0,1
2015108088,,0,NJ,T416FP,1988.0,7.0,3
2015108088,,0,NY,10606,2009.0,7.0,4
2015108092,,0,ME,1670074,2016.0,7.0,1
2015108095,,0,PA,PT6410M,2015.0,7.0,1
2015108171,,0,PA,PT8750D,2015.0,7.0,2
2015108239,,0,ON,K5331T,2017.0,7.0,1
2015108791,,0,ZZ,999999999999,9999.0,7.0,2
2015108830,,0,TN,T401085,2012.0,6.0,1
2015108884,,0,TN,U045818,2007.0,7.0,2
2015109064,,0,OK,896LF,2015.0,7.0,1
2015109100,,0,PA,PT69338,2015.0,7.0,1
2015109100,,0,,,,6.0,2
2015109108,,0,,,,7.0,1
2015109365,,0,PA,XFN5056,2016.0,6.0,2
2015109896,,0,PA,XJK0061,2015.0,5.0,2
2015110029,,0,NY,BA41767,,7.0,2
2015110197,,0,NJ,T5F889,2016.0,6.0,2
2015110457,,0,PA,PT3563W,2015.0,7.0,2
2015110499,,0,OK,8137KD,2016.0,7.0,2
2015110916,,0,NJ,TMW45D,2019.0,7.0,1
2015110916,,0,ME,1855074,2018.0,7.0,4
2015110916,,0,PA,PT827W,2013.0,7.0,5
2015111151,,0,TN,U203715,2011.0,7.0,1
2015111244,,0,ME,305805Z,2030.0,7.0,1
2015111384,,0,PA,PT1585B,2016.0,7.0,1
2015111388,,0,OH,TQM5265,2015.0,7.0,1
2015111542,,0,PA,PT1468R,2099.0,7.0,1
2015111806,,0,ZZ,999999999,9999.0,7.0,1
2015112114,,0,,,,8.0,1
2015112495,,0,NJ,TMS83G,316.0,3.0,2
2015113008,,0,OH,TNS6381,2016.0,7.0,2
2015113320,,0,ME,164363C,2016.0,7.0,3
2015113643,,0,,,,6.0,1
2015113873,,0,PA,PT9263W,2001.0,6.0,1
2015113889,,0,PA,PT9630K,2015.0,7.0,2
2015113907,,0,ME,B578654,2012.0,7.0,2
2015113982,,0,NJ,TAW84L,2019.0,7.0,1
2015114055,,0,PA,XHV1408,2002.0,3.0,2
2015114210,,0,MD,20TLR71110,2016.0,7.0,5
2015114211,,0,IN,P330178,2013.0,6.0,3
2015114430,,0,PA,PT8998G,2015.0,6.0,1
2015114588,,0,ZZ,999999999999,9999.0,7.0,1
2015115039,,0,ZZ,999999999999,9999.0,7.0,1
2015115044,,0,,,,1.0,2
2015115115,,0,MN,2589P,9999.0,7.0,1
2015115260,,0,ID,TG1039,2015.0,7.0,2
2015115310,,0,ME,186230B,2018.0,7.0,1
2015115358,,0,ZZ,UNKNOWN,,7.0,2
2015115595,,0,PA,PT5167X,2016.0,7.0,1
2015116077,,0,PA,XCM4395,2006.0,7.0,2
2015116460,,0,WI,695540,2015.0,7.0,1
2015116463,,0,PA,PT4219H,2016.0,7.0,2
2015116479,,0,MN,5981STK,2016.0,7.0,1
2015116791,,0,PA,NONE,1999.0,8.0,2
2015116817,,0,ID,TG6195,2016.0,7.0,1
2015116859,,0,PA,XBL7018,2016.0,6.0,1
2015116917,,0,QC,90632910,,7.0,1
2015117671,,0,ZZ,999999999999,9999.0,7.0,3
2015118151,,0,OK,6522W,9999.0,7.0,2
2015118179,,0,PA,PT5YJN,2016.0,7.0,2
2015118265,,0,PA,XJH3770,2016.0,3.0,2
2015118270,,0,FL,6034CN,2016.0,7.0,2
2015118490,,0,PA,XR29319,2016.0,3.0,2
2015118554,,0,PA,XJD0662,2016.0,6.0,2
2015118621,,0,PA,PT4072M,2016.0,7.0,2
2015118886,,0,PA,PT8065W,2099.0,7.0,2
2015119063,,0,PA,XHM2924,2016.0,3.0,1
2015119139,,0,,,,7.0,2
2015119160,,0,ME,189520A,2016.0,7.0,1
2015119257,,0,PA,XJG0899,2015.0,7.0,1
2015119315,,0,PA,PT5506T,2015.0,3.0,2
2015119334,,0,PA,XCC2655,2016.0,3.0,2
2015119462,,0,ME,2152294,2016.0,6.0,1
2015119517,,0,ZZ,UNKNOWN,,6.0,1
2015119517,,0,ZZ,UNKNOWN,,6.0,2
2015119718,,0,PA,XDF6426,2015.0,6.0,1
2015120204,,0,ZZ,UNKNOWN,2016.0,7.0,2
2015120213,,0,VA,1889532,2015.0,7.0,2
2015120596,,0,PA,XR70770,2016.0,7.0,2
2015120615,,0,OK,2286KB,2014.0,7.0,2
2015120747,,0,IL,T512183,9999.0,7.0,2
2015120765,,0,ZZ,9999999,9999.0,7.0,2
2015121093,,0,PA,PT1583H,1994.0,7.0,1
2015121622,,0,KY,,,7.0,1
2015121745,,0,PA,XJJ5794,2015.0,7.0,2
2015121951,,0,NJ,TPB92S,9999.0,7.0,1
2015121961,,0,PA,XHF4585,2016.0,3.0,2
2015121994,,0,,,,3.0,2
2015122084,,0,PA,XW35177,2016.0,3.0,2
2015122107,,0,NJ,TPT47D,2016.0,6.0,2
2015122404,,0,PA,XFN6548,2016.0,6.0,2
2015122492,,0,NY,,,7.0,2
2015122522,,0,ME,173535A,2017.0,7.0,1
2015122629,,0,ZZ,99999,2099.0,7.0,1
2015122645,,0,MI,D297920,2015.0,7.0,1
2015122646,,0,ME,2266675,2016.0,7.0,2
2015122647,,0,PA,PT2262W,2015.0,7.0,1
2015122648,,0,OK,7550FZ,2099.0,7.0,2
2015122650,,0,TX,727649H,2016.0,3.0,1
2015122651,,0,PA,PT3383X,2016.0,7.0,2
2015122819,,0,PA,XDZ6714,2016.0,6.0,1
2015122957,,0,IN,P428393,2008.0,7.0,2
2015123078,,0,PA,AG26028,2016.0,8.0,1
2015123226,,0,IL,359768ST,,7.0,1
2015123254,,0,PA,XJR9330,2016.0,3.0,2
2015123416,,0,IN,P259068,2013.0,6.0,1
2015123528,,0,,,,1.0,2
2015123622,,0,OK,3583KQ,2014.0,3.0,1
2015123622,,0,PA,7406409,2015.0,3.0,2
2015123637,,0,PA,XN72717,2016.0,3.0,2
2015123772,,0,PA,XJG6917,2015.0,7.0,1
2015123882,,0,,,,8.0,1
2015123981,,0,KY,54644T,2017.0,7.0,1
2015124098,,0,PA,XDN-1998,2016.0,3.0,2
2015124231,,0,OK,6307KS,2016.0,7.0,1
2015124266,,0,PA,XCN4183,2016.0,3.0,2
2015124363,,0,ME,1748090,2006.0,6.0,2
2015124713,,0,OK,1987JW,2015.0,7.0,2
2015124751,,0,DE,T0017733,2014.0,3.0,2
2015124788,,0,ME,193980A,2019.0,6.0,2
2015125016,,0,ZZ,UNKNOWN,2015.0,9.0,2
2015125279,,0,OH,TQL6070,2016.0,7.0,2
2015125280,,0,ZZ,999999999999,9999.0,7.0,2
2015125373,,0,IL,503393ST,2016.0,6.0,2
2015125392,,0,OK,7298LP,2015.0,7.0,1
2015125395,,0,TN,T656618,2016.0,7.0,1
2015125412,,0,ZZ,UNKNOWN,,7.0,2
2015125598,,0,PA,PT128A6,2099.0,7.0,2
2015125766,,0,PA,YMA4542,2016.0,1.0,2
2015125766,,0,PA,JDL8085,2016.0,1.0,4
2015125847,,0,OK,8263BN,2016.0,7.0,2
2015125975,,0,NC,BT39468,1993.0,3.0,2
2015126049,,0,PA,PT6082V,2099.0,7.0,2
2015126167,,0,OK,6446GA,2009.0,7.0,1
2015126279,,0,ME,2337614,2015.0,7.0,2
2015126282,,0,NJ,T3W957,2016.0,7.0,2
2015126481,,0,PA,XHP2663,2015.0,3.0,1
2015126541,,0,PA,MG9935A,2099.0,8.0,2
2015127062,,0,IN,P275524,9999.0,7.0,2
2015127296,,0,ZZ,215174,9999.0,7.0,2
2015127556,,0,PA,XHX0492,2016.0,3.0,2
2015127974,,0,OK,7059BJ,2015.0,7.0,2
2015128415,,0,NY,AW51550,2016.0,7.0,2
2015128490,,0,PA,XHR1119,2016.0,3.0,1
2015128702,,0,PA,XJM27Q,2015.0,6.0,1
2015129048,,0,NJ,TKR-13E,2016.0,7.0,2
2015129093,,0,ME,1689342,2015.0,6.0,2
2015129097,,0,PA,XY46954,2016.0,7.0,2
2015129290,,0,TN,U103571,2016.0,7.0,1
2015129341,,0,NJ,XHS2172,2015.0,6.0,1
2015129359,,0,OK,2057JX,2007.0,7.0,1
2015129902,,0,IL,553391ST,2016.0,7.0,1
2015129979,,0,ME,IRL2QH2,2016.0,7.0,2
2015130120,,0,ZZ,999999999999,9999.0,7.0,1
2015130276,,0,ZZ,999999999999,9999.0,7.0,2
2015130428,,0,PA,UNK,2015.0,6.0,2
2015130479,,0,TN,U286496,2099.0,7.0,1
2015130543,,0,,,,8.0,1
2015130680,,0,NJ,TMF79V,2018.0,6.0,1
2015131136,,0,PA,XGX4229,2016.0,7.0,2
2015131184,,0,ME,2357480,2015.0,7.0,1
2015131216,,0,ME,1855041,2018.0,7.0,1
2015131261,,0,ZZ,999999999999,9999.0,7.0,3
2015131405,,0,IN,9410169,2015.0,7.0,1
2015131469,,0,PA,PT8508Z,2016.0,7.0,2
2015131474,,0,ZZ,UNKNOWN,2099.0,9.0,2
2015131913,,0,ZZ,UNKNOWN,2099.0,9.0,2
2015132074,,0,PA,PT5816L,2099.0,7.0,2
2015132078,,0,IA,TC1130,2015.0,7.0,1
2015132289,,0,TN,U080033,2016.0,6.0,2
2015132363,,0,PA,PT4990Z,2016.0,7.0,2
2015132408,,0,PA,XGH2669,2016.0,3.0,1
2015132605,,0,,NONE,,4.0,1
2015132994,,0,PA,PT2660T,2003.0,7.0,1
2015133016,,0,ZZ,UNKNOWN,2099.0,7.0,1
2015133018,,0,ZZ,UNK,2016.0,7.0,1
2015133247,,0,NJ,T12U5R,2018.0,7.0,1
2015133338,,0,PA,XGA4769,2016.0,6.0,2
2015133357,,0,ZZ,999999999999,2099.0,7.0,3
2015133472,,0,,,,7.0,2
2015133586,,0,OK,2284FE,2015.0,7.0,2
2015133599,,0,WI,ST29608,2016.0,7.0,1
2015133736,,0,,I4I,,1.0,1
2015133759,,0,ZZ,999999999999,9999.0,7.0,2
2015133816,,0,PA,XGJ6753,2016.0,3.0,1
2015133889,,0,ZZ,UNK,2016.0,7.0,1
2015133898,,0,PA,XHY1800,2016.0,3.0,2
2015133899,,0,ZZ,UNKNOWN,1999.0,7.0,1
2015133902,,0,TN,U355337,2013.0,7.0,2
2015133905,,0,TN,T702766,2014.0,7.0,2
2015134401,,0,PA,PT6152VV,2007.0,6.0,1
2015134401,,0,CA,4HK5596,1999.0,6.0,2
2015134407,,0,PA,PT7956P,2016.0,7.0,1
2015134866,,0,ME,1973048,2016.0,7.0,2
2015135334,,0,IN,P419170,2016.0,7.0,2
2015135416,,0,OK,7172EQ,2016.0,7.0,2
2015135638,,0,DE,T45602,2016.0,7.0,1
2015135710,,0,PA,PT7906V,2003.0,7.0,2
2015135720,,0,,,,3.0,2
2015135848,,0,,,,2.0,1
2015136193,,0,IN,P381280,2016.0,7.0,1
2015136362,,0,IN,P274294,2016.0,7.0,2
2015136645,,0,PA,XJH9081,2020.0,3.0,2
2015136826,,0,OH,TQG2099,2016.0,6.0,1
2015136982,,0,PA,PT0544Z,2015.0,7.0,2
2016000760,,0,NJ,THB85R,2015.0,7.0,1
2016000856,,0,PA,JTW2217,2016.0,8.0,2
2016000856,,0,PA,DGS1053,2016.0,8.0,3
2016000966,,0,NJ,TPH98U,2016.0,6.0,2
2016000967,,0,ZZ,999999999999,9999.0,7.0,1
2016000986,,0,NJ,TNN97H,2014.0,6.0,1
2016000997,,0,ZZ,999999999999,9999.0,7.0,1
2016001057,,0,PA,PT4912X,0.0,6.0,1
2016001590,,0,ZZ,UNKNOWN,2099.0,3.0,1
2016001850,,0,NY,3400C9,2014.0,7.0,2
2016002347,,0,ZZ,9999999999,9999.0,7.0,2
2016002637,,0,ZZ,999999999999,9999.0,7.0,1
2016002662,,0,OK,1089JD,2015.0,6.0,3
2016003192,,0,ME,107592A,2015.0,7.0,2
2016004276,,0,ME,2338175,2012.0,7.0,1
2016004589,,0,ME,194127A,2015.0,7.0,3
2016005068,,0,,,,6.0,1
2016005077,,0,ZZ,999999999999,9999.0,7.0,2
2016005077,,0,ZZ,999999999999,9999.0,7.0,3
2016005094,,0,PA,XHF6360,2018.0,3.0,2
2016007562,,0,,,,9.0,2
2016007633,,0,,,,7.0,1
2016009903,,0,ME,1646678,2015.0,6.0,2
2016010720,,0,IN,P449093,2015.0,7.0,1
2016011175,,0,TX,17L0750,2015.0,7.0,1
2016012593,,0,IN,P500076,2016.0,7.0,1
2016013831,,0,ZZ,UNKNOWN,,6.0,2
2016016151,,0,ME,22162150,2016.0,6.0,1
2016022503,,0,,,,3.0,1
2016031588,,0,OK,9006KD,2012.0,7.0,1
2016071998,,0,PA,PT5394B,2016.0,7.0,2
2016000331,,0,WI,548837,2008.0,7.0,2
2016000412,,0,PA,,,1.0,1
2016000896,,0,PA,XS84524,2016.0,6.0,1
2016001639,,0,PA,PT7556D,2016.0,7.0,1
2016002707,,0,ME,2076347,2020.0,7.0,3
2016002891,,0,IN,P245628,1988.0,7.0,2
2016002993,,0,PA,PT4077Z,2000.0,6.0,1
2016003540,,0,,,,1.0,1
2016004185,,0,OK,72225LG,2016.0,7.0,1
2016004624,,0,PA,XGJ9297,2016.0,8.0,3
2016004879,,0,ME,1675393,9999.0,6.0,1
2016005008,,0,TX,012B952,,6.0,1
2016005662,,0,PA,TD1738D,2016.0,3.0,2
2016005671,,0,ME,1778944,2017.0,3.0,3
2016005715,,0,ON,L6247T,2016.0,7.0,2
2016006122,,0,TN,T831853,2000.0,7.0,2
2016006137,,0,IL,521805ST,2016.0,7.0,1
2016006961,,0,,,,7.0,1
2016006976,,0,NJ,TLC39N,2008.0,6.0,1
2016007851,,0,ZZ,999999999999,9999.0,7.0,1
2016007870,,0,KY,54087T,2014.0,7.0,2
2016008151,,0,,,,7.0,2
2016008274,,0,IL,T411842,2016.0,7.0,2
2016008501,,0,PA,XJN3328,2016.0,6.0,1
2016008912,,0,PA,XS27532,2015.0,3.0,2
2016009372,,0,PA,XHL1044,2016.0,3.0,1
2016009641,,0,TN,T691705,2016.0,7.0,1
2016010032,,0,ME,187432B,2016.0,7.0,2
2016010037,,0,ME,2265935,2016.0,7.0,1
2016010058,,0,ME,A794615,2016.0,7.0,2
2016010352,,0,IN,P426759,2016.0,7.0,1
2016010378,,0,NJ,4693,,7.0,2
2016010379,,0,PA,PT2674F,,7.0,2
2016010495,,0,WI,5691ZA,2016.0,8.0,1
2016010618,,0,TN,T828140,2010.0,7.0,2
2016010618,,0,QC,L9938F,2016.0,7.0,3
2016010866,,0,PA,XHG6101,2016.0,3.0,2
2016010957,,0,IL,T194150,2016.0,6.0,2
2016011312,,0,PA,PT0545S,2016.0,7.0,1
2016011630,,0,NJ,TJW59K,2016.0,7.0,1
2016012534,,0,DE,T0070067,2016.0,6.0,2
2016012636,,0,,,,1.0,1
2016012797,,0,PA,PT3354W,2014.0,7.0,2
2016013004,,0,NY,2615C9,2016.0,6.0,2
2016013271,,0,ME,1368295,1996.0,7.0,1
2016013807,,0,NJ,TP64ZP,,8.0,2
2016013930,,0,,,,7.0,2
2016014102,,0,IL,494551ST,2016.0,7.0,1
2016014153,,0,IN,2181756,2016.0,6.0,3
2016014434,,0,MI,0J6O82,,7.0,2
2016014436,,0,,,,7.0,1
2016014553,,0,PA,PT1334Z,2016.0,7.0,1
2016014556,,0,PA,PT1427Y,2015.0,7.0,1
2016015143,,0,,,,1.0,1
2016015349,,0,PA,PT5388B,2016.0,7.0,1
2016015349,,0,PA,PT9627Y,2016.0,7.0,2
2016015356,,0,OK,4480KS,2016.0,6.0,3
2016015511,,0,ME,2548510,2020.0,6.0,1
2016015570,,0,LA,L656877,2016.0,3.0,2
2016015882,,0,ME,1793850,,7.0,1
2016015925,,0,IL,554290ST,2016.0,7.0,1
2016015925,,0,NJ,TGR66H,2016.0,7.0,2
2016015990,,0,PA,,,1.0,2
2016016091,,0,ME,1975024,2016.0,7.0,2
2016016325,,0,BC,90460D,2017.0,7.0,2
2016016371,,0,PA,PT0115Z,2015.0,7.0,1
2016016388,,0,ME,169404C,2016.0,7.0,1
2016016388,,0,ZZ,UNKNOWN,2016.0,7.0,2
2016016506,,0,PA,PT5309N,,7.0,1
2016016506,,0,PA,PT4287L,,7.0,2
2016016586,,0,NJ,TCC65Y,2016.0,7.0,3
2016016684,,0,PA,PT8400T,2017.0,6.0,2
2016016723,,0,IN,P188501,2016.0,7.0,1
2016017038,,0,,,,7.0,2
2016017045,,0,ME,,,7.0,1
2016018068,,0,ME,165288A,,7.0,2
2016018148,,0,QC,J7871H,2016.0,7.0,1
2016018207,,0,ME,TLR57007,2016.0,6.0,2
2016018227,,0,ME,3110706,2016.0,7.0,2
2016018232,,0,IL,T407448,2016.0,7.0,2
2016018345,,0,,,,7.0,1
2016018459,,0,OK,4863EX,,7.0,2
2016018605,,0,IL,485468,16.0,7.0,2
2016018788,,0,IN,P271019,2016.0,7.0,1
2016019213,,0,ZZ,999999999999,9999.0,7.0,1
2016019322,,0,ME,183558B,2016.0,7.0,2
2016019328,,0,ME,183605B,2016.0,7.0,2
2016019369,,0,NJ,TDJ13J,2016.0,3.0,3
2016019778,,0,PA,XGW0O2,9999.0,3.0,2
2016019884,,0,,,,1.0,2
2016019894,,0,IN,P194619,9999.0,7.0,2
2016019998,,0,PA,PT3821T,2016.0,6.0,2
2016020140,,1,PA,PT3019T,2016.0,6.0,1
2016020147,,0,ME,18TLR70894,2016.0,7.0,2
2016020160,,0,ZZ,999999999,2099.0,9.0,1
2016020178,,0,IL,428048ST,2016.0,7.0,2
2016020689,,0,CO,997HYQ,2016.0,7.0,1
2016020690,,0,OK,3918EB,2016.0,7.0,1
2016020978,,0,NJ,25805,2016.0,6.0,1
2016021208,,0,IN,P474664,2099.0,6.0,2
2016021274,,0,IN,P360294,2016.0,7.0,2
2016021276,,0,ME,20TLR60710,2016.0,7.0,2
2016021284,,0,MD,5T10123,2017.0,8.0,2
2016021419,,0,PA,PT6692S,2016.0,6.0,1
2016021934,,0,NJ,TLJ28Z,2016.0,7.0,4
2016022009,,0,MI,D115232,9999.0,7.0,1
2016022164,,0,PA,PT2501V,2012.0,3.0,1
2016022199,,0,TN,T683531,2000.0,7.0,2
2016022449,,0,IL,5Y012S8,9999.0,7.0,2
2016022566,,0,PA,UNK,,8.0,2
2016022599,,0,PA,AG44968,2016.0,6.0,2
2016022605,,0,TN,U590860,2016.0,7.0,1
2016022608,,0,PA,PT343A1,2017.0,7.0,1
2016022608,,0,PA,PT-4213F,2017.0,7.0,2
2016022636,,0,IL,T-515074,2016.0,7.0,3
2016022758,,0,PA,PT9368P,2011.0,6.0,1
2016022885,,0,,,,1.0,1
2016023166,,0,PA,GLK8868,2017.0,1.0,1
2016023457,,0,ID,TG1053,2016.0,7.0,2
2016023470,,0,IL,503478ST,2016.0,7.0,2
2016023471,,0,PA,8325W,2016.0,7.0,1
2016023471,,0,NY,2511C9,2019.0,7.0,2
2016023697,,0,IA,TI7002,2016.0,7.0,2
2016023874,,0,PA,PT43904,2016.0,6.0,2
2016024699,,0,NJ,TJY68T,2016.0,7.0,1
2016024699,,0,NJ,TKR37R,2018.0,7.0,2
2016024728,,0,,,,3.0,1
2016024842,,0,PA,XJL2728,2016.0,3.0,2
2016024855,,0,ME,2072078,2099.0,6.0,2
2016024862,,0,ME,2265935,2022.0,7.0,2
2016025031,,0,IL,385757ST,2016.0,7.0,1
2016025032,,0,VA,187205TL,2016.0,7.0,1
2016025113,,0,PA,PT2890K,2016.0,6.0,2
2016025143,,0,IL,547660,9999.0,7.0,1
2016025171,,0,PA,KHV6597,2016.0,3.0,2
2016025180,,0,PA,PT9484R,2016.0,7.0,2
2016025367,,0,ME,208661B,2016.0,7.0,3
2016025860,,0,ME,1951025,2016.0,7.0,2
2016025981,,0,ZZ,999999999999,9999.0,7.0,1
2016026488,,0,PA,,,1.0,2
2016026662,,0,NJ,TPU44L,2016.0,7.0,2
2016027083,,0,PA,XHG0602,2016.0,6.0,1
2016027145,,0,PA,PT2164W,2014.0,6.0,1
2016027150,,0,PA,XGM6225,2012.0,7.0,1
2016027566,,0,,,,1.0,2
2016027577,,0,ZZ,999999999999,9999.0,7.0,1
2016027913,,0,PA,XHK6033,2019.0,3.0,2
2016028251,,0,TN,U241257,2016.0,6.0,2
2016028287,,0,ME,52506,2016.0,7.0,1
2016028311,,0,IN,P430763,,7.0,2
2016028463,,0,ME,B640155,2016.0,6.0,1
2016028608,,0,IN,P284499,2016.0,6.0,1
2016028632,,0,,,,8.0,1
2016028695,,0,ME,1759351,2016.0,7.0,2
2016028696,,0,ME,184333B,1994.0,7.0,1
2016028696,,0,PA,HXY5319,2005.0,1.0,2
2016028701,,0,ME,1880445,2016.0,6.0,2
2016028799,,0,IL,545863ST,2016.0,7.0,1
2016028817,,0,NJ,TNL50Y,2016.0,7.0,1
2016028817,,0,PA,PT76262,2016.0,7.0,4
2016028825,,0,ME,2618186,2016.0,7.0,2
2016028862,,0,PA,XHT6288,2016.0,3.0,2
2016029028,,0,NJ,TMD67Z,2016.0,7.0,3
2016029109,,0,PA,XFG9255,2020.0,3.0,1
2016029400,,0,,,,7.0,2
2016029774,,0,NJ,TK859Z,9999.0,7.0,1
2016029809,,0,,,,2.0,1
2016029875,,0,,,,1.0,2
2016030112,,0,NE,13935W,2017.0,7.0,1
2016030142,,0,PA,PT2878S,2016.0,7.0,1
2016030439,,0,IL,T484808,2016.0,8.0,2
2016030584,,0,ME,2640240,2016.0,7.0,2
2016030713,,0,PA,P779U4,9999.0,7.0,2
2016030719,,0,,,,2.0,1
2016030719,,0,,,,2.0,2
2016030804,,0,IL,T507614,2006.0,7.0,1
2016030826,,0,ZZ,999999999999,9999.0,7.0,1
2016030832,,0,ME,1853590,2016.0,7.0,2
2016030856,,0,,,,7.0,2
2016030951,,0,ME,2636707,2017.0,7.0,1
2016030994,,0,PA,XHC2076,2016.0,6.0,2
2016031044,,0,PA,PT4466Z,,6.0,1
2016031068,,0,PA,XHVB95,1992.0,1.0,1
2016031218,,0,,,,7.0,2
2016031220,,0,ME,2544290,2016.0,7.0,1
2016031441,,0,OK,2179JW,2018.0,7.0,3
2016031442,,0,OR,HU12891,2016.0,7.0,1
2016031447,,0,PA,PT290A0,2016.0,7.0,1
2016031774,,0,IN,P339952,2016.0,7.0,2
2016031777,,0,ZZ,UNKNOWN,,7.0,1
2016031780,,0,PA,PT6363K,2007.0,6.0,1
2016031954,,0,PA,HWA4869,2016.0,1.0,3
2016032106,,0,ZZ,99999999999,9999.0,7.0,2
2016032150,,0,IN,SP885AAM,2005.0,7.0,2
2016032498,,0,PA,PT2008K,2016.0,7.0,1
2016032500,,0,PA,PT2954L,2016.0,7.0,1
2016032501,,0,PA,PT1292X,2016.0,7.0,2
2016033096,,0,,,,2.0,1
2016033096,,0,,,,2.0,2
2016033229,,0,TN,U499678,2015.0,7.0,2
2016033488,,0,FL,9159CL,2016.0,7.0,1
2016033491,,0,ZZ,999999999999,9999.0,7.0,2
2016033498,,0,OK,2022JT,2016.0,7.0,1
2016033535,,0,NY,AX20440,2016.0,7.0,1
2016033535,,0,PA,PT1480J,2017.0,6.0,3
2016033541,,0,IL,477936ST,2017.0,7.0,1
2016033860,,0,ZZ,999999999999,9999.0,7.0,2
2016033889,,0,,UHRNZW3,,,2
2016034049,,0,ME,2341860,2016.0,6.0,1
2016034268,,0,PA,1VVSV53263F0,2003.0,6.0,1
2016034407,,0,IN,P562832,2016.0,7.0,1
2016034442,,0,PA,XHT5729,2018.0,6.0,1
2016034765,,0,ID,TG9408,1977.0,6.0,2
2016034766,,0,PA,PT51992,2016.0,7.0,2
2016034943,,0,IL,423646ST,2085.0,7.0,2
2016034983,,0,ZZ,999999999999,9999.0,7.0,2
2016035028,,0,TN,T644842,2000.0,6.0,1
2016035059,,0,NY,2093C0,2016.0,7.0,1
2016035282,,0,,UNK,,3.0,2
2016035661,,0,PA,XJF9470,2012.0,3.0,2
2016035697,,0,PA,PT5191W,2016.0,7.0,1
2016035757,,0,PA,PT3232N,2016.0,7.0,2
2016035997,,0,IA,DE0585,,6.0,1
2016036037,,0,PA,PT9845Y,2016.0,7.0,2
2016036074,,0,TX,035B492,2015.0,6.0,1
2016036298,,0,MN,4941STP,2017.0,7.0,1
2016036497,,0,ZZ,999999999999,9999.0,7.0,1
2016036524,,0,ME,17-41793,2016.0,7.0,2
2016036529,,0,PA,W57I7,,8.0,2
2016036566,,0,TN,T957689,2016.0,6.0,1
2016036742,,0,IL,509012ST,,7.0,1
2016036766,,0,ZZ,UNKNOWN,,7.0,1
2016037390,,0,PA,PT081B3,9999.0,7.0,1
2016037409,,0,TN,U279349,2016.0,7.0,1
2016037451,,0,PA,TL62501,2016.0,6.0,2
2016037460,,0,IN,Z82891,2019.0,6.0,2
2016037474,,0,NJ,TDR66W,2016.0,7.0,1
2016037597,,0,ZZ,999999999999,9999.0,7.0,1
2016037799,,0,PA,XHV2123,1996.0,3.0,1
2016037880,,0,PA,XJW2365,2017.0,3.0,2
2016038049,,0,NJ,THK94E,2018.0,3.0,1
2016038049,,0,PA,PT0290P,2016.0,7.0,2
2016038282,,0,NJ,TCB33X,2017.0,7.0,2
2016038285,,0,PA,XV28127,2016.0,7.0,2
2016038448,,0,FL,0752CR,2016.0,6.0,1
2016038569,,0,DE,TDU79Z,2016.0,7.0,1
2016038670,,0,IN,P489571,2015.0,6.0,1
2016038884,,0,ZZ,UNKNOWN,,7.0,2
2016038899,,0,MO,0540PD,2099.0,7.0,1
2016038899,,0,NJ,T77T7U,2017.0,3.0,2
2016039067,,0,PA,XJL4407,2017.0,3.0,1
2016039439,,0,PA,XHE4545,2020.0,6.0,2
2016039622,,0,PA,PT1581H,9999.0,7.0,2
2016039659,,0,,,,8.0,1
2016039659,,0,,,,8.0,2
2016039840,,0,PA,PT6910T,2016.0,7.0,1
2016040183,,0,ME,28TLR11296,2016.0,7.0,2
2016040246,,0,,,,6.0,1
2016040396,,0,PA,XHM5402,2020.0,3.0,1
2016040440,,0,NJ,T52K7K,,7.0,1
2016040459,,0,PA,XGT3473,2016.0,3.0,1
2016040467,,0,MA,SM90251,2016.0,3.0,1
2016040575,,0,FL,9977CI,2016.0,7.0,1
2016040584,,0,KS,U1636,2016.0,8.0,1
2016040611,,0,PA,PT4152R,2016.0,7.0,2
2016040636,,0,ME,194939A,2005.0,7.0,1
2016040636,,0,PA,XGF8113,2011.0,3.0,2
2016040700,,0,PA,PT5805V,2016.0,7.0,1
2016040847,,0,PA,XGA5706,2016.0,3.0,2
2016041020,,0,ZZ,999999999999,9999.0,7.0,3
2016041074,,0,ZZ,999999999999,9999.0,7.0,1
2016041135,,0,PA,PT0547X,2016.0,7.0,2
2016041136,,0,PA,FHM8000,2016.0,1.0,2
2016041393,,0,CA,4FN4726,2019.0,7.0,2
2016041423,,0,ZZ,999999999999,9999.0,7.0,1
2016041424,,0,PA,PT4087,9999.0,7.0,1
2016041436,,0,ME,2253274,2013.0,7.0,1
2016041527,,0,NJ,TNH21T,2015.0,7.0,1
2016041651,,0,PA,PT9860V,2014.0,6.0,2
2016042097,,0,FL,DYCZ84,2017.0,3.0,1
2016042100,,0,NJ,T54J7P,2017.0,7.0,1
2016042101,,0,IN,P329024,2018.0,7.0,1
2016042160,,0,,,,6.0,1
2016042339,,0,,,,1.0,2
2016042555,,0,NJ,TPL54P,2017.0,5.0,2
2016042557,,0,OK,7438KH,2017.0,7.0,5
2016042787,,0,PA,PT3603W,2016.0,3.0,1
2016043029,,0,ZO,UNKNOWN,,8.0,2
2016043195,,0,PA,XDJ3730,2017.0,7.0,2
2016043206,,0,NJ,TPK51T,2019.0,7.0,2
2016043312,,0,PA,XGV6200,2017.0,3.0,3
2016043350,,0,,,,3.0,1
2016043410,,0,RI,3RL7698,2016.0,6.0,4
2016043486,,0,PA,XGV7035,2017.0,7.0,2
2016043588,,0,TN,U267040,2016.0,7.0,2
2016043744,,0,ME,197398B,9999.0,7.0,2
2016043747,,0,QC,RS28742,2016.0,7.0,2
2016043749,,0,PA,XGF3770,2020.0,3.0,2
2016044555,,0,ZZ,999999999999,9999.0,7.0,1
2016045108,,0,NJ,THM47S,2017.0,3.0,2
2016045235,,0,ME,174109A,2017.0,7.0,1
2016045284,,0,PA,PT5268K,,7.0,1
2016045308,,0,PA,XJJ-4278,2016.0,3.0,2
2016045393,,0,PA,PT4864A,2016.0,3.0,1
2016045418,,0,NC,AD11109,2099.0,7.0,1
2016045449,,0,PA,XHF1705,2016.0,3.0,2
2016045617,,0,PA,XHT6269,2017.0,6.0,2
2016045947,,0,PA,XJA3376,2017.0,3.0,1
2016045963,,0,,,,7.0,2
2016045969,,0,PA,JKP-3630,2000.0,1.0,3
2016046033,,0,IN,P162002,,7.0,2
2016046168,,0,IN,P350293,2015.0,7.0,1
2016046230,,0,ME,2192832,2021.0,7.0,1
2016046289,,0,ZZ,99999999,9999.0,6.0,1
2016046298,,0,NJ,T9G473,2017.0,7.0,3
2016046355,,0,ME,2136920,2016.0,7.0,1
2016046355,,0,PA,PT9138X,2016.0,7.0,2
2016047061,,0,PA,XJL4392,2017.0,6.0,2
2016047217,,0,PA,XCJ2658,,3.0,1
2016047333,,0,MB,TA3163,2020.0,7.0,1
2016047603,,0,PA,XGH7705,2018.0,3.0,2
2016047807,,0,ZZ,999999999999,9999.0,7.0,1
2016047851,,0,PA,PT8042H,2016.0,6.0,2
2016047888,,0,ZZ,UNKNOWN,2099.0,3.0,1
2016047964,,0,NJ,TPV15P,2016.0,7.0,1
2016048033,,0,PA,PT5748H,2016.0,7.0,2
2016048079,,0,PA,XCN3910,2019.0,7.0,1
2016048168,,0,PA,XP22981,2017.0,3.0,2
2016048234,,0,PA,XGD8540,2017.0,3.0,1
2016048340,,0,ME,2084391,2020.0,7.0,1
2016048536,,0,,,,9.0,2
2016048551,,0,,,,3.0,1
2016048614,,0,ZZ,999999999999,9999.0,7.0,1
2016048665,,0,ZZ,999999999999,9999.0,7.0,2
2016048690,,0,ZZ,999999999999,9999.0,7.0,1
2016048790,,0,PA,XHK6135,2011.0,7.0,1
2016048804,,0,PA,JBP1397,2017.0,1.0,2
2016048981,,0,IL,514949ST,16.0,7.0,3
2016049099,,0,,,,1.0,2
2016049161,,0,PA,XJV6657,2017.0,6.0,1
2016049236,,0,PA,XHF0124,2004.0,6.0,1
2016049356,,0,PA,XGX7629,1995.0,7.0,1
2016049460,,0,IL,794S198,2016.0,7.0,1
2016049510,,0,TX,042C667,2017.0,7.0,1
2016049600,,0,,,,3.0,2
2016049800,,0,KY,54089T,16.0,7.0,2
2016050020,,0,PA,EV33222,2017.0,8.0,1
2016050036,,0,ZZ,999999999999,9999.0,7.0,1
2016050185,,0,ME,174283B,2016.0,7.0,2
2016050298,,0,PA,PT597A2,2017.0,7.0,3
2016050311,,0,PA,PT2079Y,2016.0,7.0,1
2016050405,,0,DE,T49996,1997.0,3.0,1
2016050495,,0,NE,244899,2017.0,7.0,1
2016050495,,0,TX,042C667,2017.0,7.0,4
2016050515,,0,PA,XJT1014,1991.0,3.0,2
2016050515,,0,PA,PT21083,2006.0,7.0,3
2016050560,,0,ME,2628879,2016.0,7.0,1
2016050560,,0,PA,MG0013E,2016.0,7.0,2
2016050790,,0,PA,XP34785,2010.0,3.0,1
2016051161,,0,PA,XR79817,2016.0,3.0,2
2016051296,,0,PA,P766SSR,,7.0,1
2016051330,,0,PA,PT4321N,2016.0,7.0,1
2016051338,,0,ME,2444625,2017.0,7.0,2
2016051339,,0,QC,RC0061B,2016.0,7.0,1
2016051339,,0,QC,RC0061B,2016.0,7.0,2
2016051393,,0,,,,6.0,1
2016051602,,0,IL,T494719,2017.0,7.0,2
2016052387,,0,,,,3.0,1
2016052413,,0,,,,7.0,2
2016052413,,0,,,,7.0,3
2016052452,,0,TN,U108424,2017.0,7.0,2
2016052493,,0,PA,PT3105T,2020.0,6.0,2
2016052752,,0,PA,XGR1911,2016.0,3.0,1
2016052992,,0,,,,6.0,2
2016053001,,0,NJ,TNJ51C,2016.0,7.0,1
2016053002,,0,IL,T479145,2016.0,7.0,1
2016053237,,0,ME,2066711,2020.0,7.0,1
2016053325,,0,PA,PT7931X,2014.0,3.0,1
2016053325,,0,PA,PT27069,2014.0,7.0,2
2016053338,,0,PA,XJL8760,2017.0,3.0,2
2016053579,,0,PA,GLM0785,2016.0,1.0,2
2016053579,,0,PA,FDF5664,2016.0,1.0,3
2016053704,,0,OK,3596LN,,6.0,2
2016053817,,0,,C,,,1
2016053818,,0,ME,48002,9999.0,7.0,1
2016053863,,0,PA,XHT7838,2020.0,3.0,1
2016053896,,0,PA,PT0627P,1995.0,7.0,1
2016053923,,0,WV,C204067,1966.0,7.0,2
2016054009,,0,PA,XN54013,2017.0,7.0,1
2016054105,,0,PA,XKA2135,2017.0,3.0,1
2016054229,,0,PA,XGM6251,2016.0,3.0,2
2016054240,,0,PA,000000000000,2016.0,8.0,1
2016054370,,0,ME,1756811,2017.0,7.0,1
2016054696,,0,ME,2032214,2017.0,3.0,2
2016054944,,0,,,,1.0,2
2016055237,,0,IN,P385592,2014.0,7.0,2
2016055300,,0,PA,PT2668Y,2016.0,7.0,2
2016055506,,0,ME,1860841,2016.0,7.0,1
2016055511,,0,PA,JRZ8810,2007.0,1.0,1
2016055523,,0,ME,274021B,,7.0,1
2016055779,,0,TN,U615611,2016.0,7.0,1
2016055779,,0,FL,6406CA,2016.0,7.0,2
2016055839,,0,PA,XP81445,2016.0,3.0,1
2016056523,,0,UT,TH2472,2016.0,7.0,1
2016056811,,0,PA,XJJ6193,2017.0,6.0,2
2016057155,,0,,,,3.0,1
2016057197,,0,,XT69979,,3.0,3
2016057238,,0,ZZ,458569,2016.0,7.0,1
2016057312,,0,IN,P331391,2016.0,7.0,1
2016057430,,0,ME,16-7406B,2017.0,7.0,1
2016057458,,0,NJ,THB-12M,2017.0,7.0,1
2016057709,,0,PA,XJR1606,2016.0,3.0,1
2016058146,,0,OK,8315KS,2016.0,7.0,1
2016058207,,0,TN,U498046,2016.0,6.0,2
2016058376,,0,PA,XFT3376,2020.0,8.0,1
2016058465,,0,FL,8483CM,2006.0,6.0,1
2016058465,,0,,,,1.0,2
2016058595,,0,ZZ,999999999999,9999.0,7.0,1
2016058657,,0,,,,1.0,1
2016058737,,0,NJ,TPL16G,2016.0,7.0,1
2016058805,,0,NY,BD29855,2020.0,7.0,2
2016058931,,0,PA,XGE9936,2017.0,3.0,1
2016059186,,0,PA,XJY4606,2018.0,3.0,1
2016059802,,0,PA,PT1268S,2012.0,7.0,2
2016059857,,0,,,,1.0,2
2016059940,,0,PA,JLJ0760,2016.0,1.0,2
2016059940,,0,PA,JTT5168,2017.0,1.0,3
2016059956,,0,NJ,TPL15G,2016.0,7.0,1
2016060008,,0,PA,XKA8748,2017.0,3.0,2
2016060043,,0,MX,2053540,2020.0,6.0,1
2016060137,,0,NJ,TKB45W,2016.0,7.0,2
2016060141,,0,PA,XDW4048,2019.0,3.0,1
2016060440,,0,PA,XHH1584,9999.0,3.0,1
2016060440,,0,PA,XGT1081,2011.0,3.0,3
2016060509,,0,IN,SP347EEE,2016.0,7.0,2
2016060545,,0,ME,2111615,9999.0,7.0,1
2016060626,,0,,,,8.0,2
2016060642,,0,PA,XZ56007,2016.0,3.0,1
2016060642,,0,IL,562367ST,2015.0,7.0,2
2016060827,,0,TN,66ZSJW,1994.0,7.0,2
2016060828,,0,ME,17TR92678,9999.0,7.0,2
2016061042,,0,PA,XGJ1923,,3.0,2
2016061236,,0,UT,2512453,2016.0,7.0,2
2016061240,,0,,,,3.0,2
2016061274,,0,ME,271255A,2017.0,7.0,1
2016061430,,0,,,,1.0,2
2016061636,,0,NJ,TML42P,2017.0,7.0,1
2016061667,,0,ZZ,999999999,9999.0,7.0,2
2016061705,,0,PA,PT2880X,2016.0,6.0,1
2016061884,,0,PA,PT333B6,2017.0,7.0,1
2016062088,,0,PA,XDN2476,2017.0,7.0,3
2016062170,,0,PA,XW98728,2017.0,3.0,2
2016062389,,0,OK,5317LG,2016.0,7.0,4
2016062769,,0,TN,U649436,2016.0,7.0,2
2016062794,,0,WI,694785,2016.0,7.0,1
2016063058,,0,PA,XJW5509,2016.0,3.0,1
2016063104,,0,PA,XJN1928,2014.0,3.0,1
2016063202,,0,ME,18303SC,2017.0,7.0,2
2016063402,,0,PA,PT2094T,2017.0,7.0,2
2016063417,,0,PA,XR79817,2016.0,3.0,2
2016063471,,0,ME,2452834,9999.0,7.0,2
2016063766,,0,ME,187127B,2018.0,7.0,2
2016063796,,0,ME,17TCR94462,2016.0,6.0,1
2016063796,,0,PA,PT86145,2016.0,6.0,3
2016063935,,0,PA,JXW0151,2016.0,1.0,2
2016063973,,0,,,,1.0,1
2016063977,,0,,1,,1.0,1
2016064116,,0,ME,367093Z,2013.0,7.0,1
2016064188,,0,PA,XY08421,2021.0,3.0,1
2016064328,,0,PA,XJF2097,2016.0,3.0,1
2016064774,,0,CA,4NZ2724,2016.0,7.0,1
2016064934,,0,NJ,DBI70,2016.0,3.0,1
2016065280,,0,TN,T809106,2099.0,7.0,2
2016065282,,0,IL,443357ST,2019.0,7.0,1
2016065504,,0,PA,XJP7209,2016.0,3.0,2
2016065650,,0,NE,1889813,9999.0,7.0,2
2016065737,,0,ZZ,999999999999,9999.0,7.0,1
2016065758,,0,IN,P404501,2020.0,7.0,2
2016065763,,0,NC,AD17744,2016.0,7.0,2
2016065767,,0,NC,AC64697,2016.0,7.0,1
2016066210,,0,TN,U431492,2016.0,7.0,1
2016066210,,0,TN,T576370,2016.0,7.0,2
2016066336,,0,NJ,TDP64S,2016.0,7.0,2
2016066349,,0,VA,706713,2017.0,6.0,2
2016066369,,0,NY,2052C8,2018.0,7.0,1
2016066478,,0,PA,AG42183,2001.0,7.0,1
2016066488,,0,ZZ,999999999999,9999.0,7.0,1
2016066526,,0,NJ,AS310C,2017.0,7.0,1
2016066532,,0,PA,XJX1437,2016.0,6.0,1
2016066602,,0,PA,XGZ2201,2017.0,3.0,2
2016066860,,0,TN,U370882,2017.0,7.0,2
2016066862,,0,GA,LE1357G,2016.0,7.0,1
2016066952,,0,NJ,TNV49U,2016.0,7.0,4
2016067016,,0,NJ,THN26N,2016.0,7.0,2
2016067171,,0,PA,,,1.0,1
2016067305,,0,MN,8382STA,2016.0,7.0,2
2016067399,,0,PA,,,1.0,2
2016067771,,0,PA,PT5075M,9999.0,7.0,2
2016067855,,0,IL,5M4ST,2017.0,7.0,1
2016067895,,0,FL,9604CS,2020.0,6.0,2
2016068183,,0,TN,U292566,,7.0,1
2016068184,,0,PA,XDA2887,2020.0,3.0,1
2016068303,,0,PA,XV93335,2017.0,8.0,2
2016068369,,0,IN,P513944,2000.0,7.0,1
2016068386,,0,PA,PT9226Z,2016.0,7.0,2
2016068410,,0,SC,8385PT,2016.0,7.0,1
2016068447,,0,PA,XN16270,2016.0,3.0,2
2016068560,,0,IN,P397290,2017.0,7.0,2
2016068652,,0,PA,MG72I4H,2015.0,7.0,2
2016068730,,0,PA,XGF8I0S,9999.0,3.0,2
2016068751,,0,PA,XHT4651,2016.0,3.0,2
2016068772,,0,PA,NONE,2016.0,8.0,2
2016068775,,0,NJ,TPX-29N,2017.0,8.0,2
2016068816,,0,NJ,TPP71P,2019.0,7.0,1
2016068983,,0,PA,PT0894W,2012.0,7.0,1
2016068989,,0,,,,1.0,1
2016069091,,0,PA,XW00815,2016.0,3.0,2
2016069119,,0,PA,PT3193Y,2099.0,7.0,1
2016069199,,0,,,,1.0,2
2016069256,,0,PA,XBL5914,4.0,6.0,2
2016069523,,0,PA,XW81693,2017.0,3.0,2
2016069585,,0,IN,P366782,2017.0,7.0,1
2016069597,,0,NJ,TJG44C,2016.0,3.0,1
2016069835,,0,PA,,,7.0,1
2016070169,,0,NJ,TPH62F,,3.0,1
2016070200,,0,QC,RG8449A,2016.0,6.0,2
2016070215,,0,NE,14035W,2017.0,7.0,1
2016070425,,0,ME,194654,2016.0,7.0,2
2016070453,,0,IN,P502660,2016.0,7.0,1
2016070616,,0,NJ,T46G6B,2017.0,6.0,1
2016070626,,0,IN,P237322,2016.0,7.0,2
2016070746,,0,ME,2261233,2022.0,7.0,2
2016071169,,0,PA,C256450,2016.0,6.0,1
2016071203,,0,NY,AF59503,2016.0,7.0,2
2016072180,,0,PA,XJL8317,2016.0,8.0,1
2016072405,,0,PA,XJP5843,2016.0,7.0,2
2016072465,,0,PA,PT7439Z,2016.0,7.0,1
2016072672,,0,PA,PT9127Y,2007.0,6.0,1
2016072857,,0,IL,586681ST,2017.0,7.0,2
2016072859,,0,PA,XDY7863,2016.0,3.0,1
2016072985,,0,OK,9630GA,2017.0,7.0,1
2016073128,,0,SC,UP21399,2099.0,8.0,2
2016073129,,0,PA,PT8816D,2016.0,7.0,1
2016073182,,0,NC,AC95516,2016.0,7.0,2
2016073461,,0,NJ,TGB79C,2018.0,7.0,2
2016073473,,0,PA,XJT8324,2017.0,3.0,1
2016073583,,0,SC,21977PT,2016.0,3.0,2
2016073656,,0,IL,501847ST,2017.0,7.0,1
2016073660,,0,DE,T41977,2018.0,7.0,2
2016073685,,0,ME,2051644,2016.0,7.0,2
2016073720,,0,PA,KDY3025,2016.0,3.0,2
2016073768,,0,PA,PT5439L,,7.0,1
2016074081,,0,IL,T372619,2017.0,7.0,2
2016074625,,0,PA,PT4490W,2016.0,7.0,1
2016074641,,0,NJ,TGM48U,2017.0,3.0,1
2016074641,,0,NJ,TMJ24T,2017.0,3.0,3
2016074807,,0,PA,MG7122D,9999.0,7.0,2
2016074825,,0,,,,1.0,1
2016074853,,0,OH,SVE6326,2016.0,6.0,1
2016074958,,0,IL,PAPERTAG,2016.0,1.0,1
2016075503,,0,PA,999999,2016.0,7.0,1
2016075897,,0,IL,T514724,,6.0,2
2016076084,,0,,,,6.0,1
2016076122,,0,PA,PT4080X,2017.0,6.0,1
2016076363,,0,OK,2242JW,2016.0,7.0,1
2016076444,,0,ME,2357536,2023.0,7.0,2
2016076630,,0,NJ,TNW39H,2019.0,7.0,1
2016076662,,0,VA,657843LC,2016.0,7.0,1
2016076946,,0,PA,,,,1
2016077122,,0,PA,XGV1046,2013.0,3.0,3
2016077261,,0,KS,U4959,2016.0,3.0,2
2016077293,,0,PA,XHJ4240,2016.0,6.0,2
2016077503,,0,ME,178539,2017.0,7.0,1
2016077711,,0,PA,XR64206,,3.0,1
2016077887,,0,IL,NONE,2016.0,3.0,2
2016078102,,0,IL,P893491,2017.0,7.0,1
2016078148,,0,PA,,,1.0,2
2016078598,,0,TN,U630593,2099.0,6.0,1
2016078645,,0,OK,1983LT,2016.0,7.0,1
2016079244,,0,NJ,TNX51K,2016.0,3.0,1
2016079283,,0,CA,4GN2287,2030.0,7.0,1
2016079857,,0,PA,PT2174M,2016.0,7.0,2
2016080129,,0,,,,7.0,2
2016080141,,0,ZZ,999999999999,9999.0,7.0,3
2016080280,,0,PA,PT-6127X,2016.0,7.0,2
2016080324,,0,ZZ,999999999999,9999.0,7.0,2
2016080335,,0,,,,1.0,99
2016080442,,0,NE,252137,2016.0,7.0,2
2016080494,,0,IL,5210825T,9999.0,7.0,4
2016080606,,0,PA,JPR7920,2016.0,1.0,2
2016080730,,0,,,,2.0,2
2016081014,,0,TN,U161063,2017.0,7.0,2
2016081031,,0,PA,XKD9946,2017.0,3.0,1
2016081045,,0,PA,PT-9682Z,9999.0,7.0,2
2016081081,,0,NJ,THG94X,2017.0,7.0,1
2016081086,,0,IL,495638ST,2099.0,7.0,2
2016081194,,0,,,,1.0,1
2016081446,,0,ZZ,999999999999,9999.0,7.0,1
2016081484,,0,TN,U365841,2016.0,7.0,3
2016081496,,0,PA,PT3713X,2016.0,8.0,1
2016081571,,0,PA,XHJ2073,2019.0,3.0,1
2016081953,,0,PA,XJC5743,2016.0,3.0,1
2016082226,,0,ZZ,999999999999,9999.0,7.0,1
2016082256,,0,IN,P210191,2016.0,7.0,2
2016082258,,0,,,,3.0,2
2016082319,,0,,,,9.0,1
2016082372,,0,ZZ,999999999999,9999.0,7.0,1
2016082442,,0,IL,410068ST,2012.0,7.0,2
2016083021,,0,PA,JSV6908,2016.0,1.0,2
2016083186,,0,PA,PT8548X,2017.0,7.0,2
2016083188,,0,PA,PT618A2,2017.0,7.0,1
2016083189,,0,IL,534962ST,2017.0,7.0,3
2016083343,,0,ZZ,999999999999,9999.0,7.0,1
2016083394,,0,PA,2170,2013.0,9.0,1
2016083416,,0,,,,7.0,1
2016083745,,0,PA,PT4326V,2012.0,7.0,2
2016083789,,0,PA,31643216,2017.0,1.0,3
2016083795,,0,ZZ,999999999999,9999.0,7.0,1
2016084035,,0,PA,XCR4111,2017.0,3.0,1
2016084113,,0,ME,B527536,17.0,7.0,2
2016084136,,0,,PT1277D,,7.0,2
2016084142,,0,ZZ,,,6.0,2
2016084199,,0,PA,XJH2826,2016.0,6.0,2
2016084206,,0,ME,194238A,2017.0,6.0,2
2016084486,,0,OK,6247GT,2016.0,7.0,2
2016084611,,0,IN,G546340,2017.0,7.0,1
2016084682,,0,PA,XGW5292,2018.0,3.0,1
2016084717,,0,NJ,TKK22X,2016.0,7.0,1
2016084861,,0,PA,XZ37901,2018.0,6.0,2
2016085328,,0,PA,XJY5335,2016.0,3.0,2
2016085435,,0,PA,XCJ7941,2016.0,6.0,1
2016085717,,0,,,,1.0,1
2016085868,,0,PA,XJJ9223,2004.0,8.0,1
2016085944,,0,ME,I97LR8U4,9999.0,7.0,2
2016085963,,0,OH,TNS5875,2017.0,6.0,1
2016086591,,0,PA,PT7002J,2016.0,7.0,2
2016086607,,0,PA,YVH5600,2017.0,2.0,2
2016086671,,0,PA,HRA9106,2017.0,1.0,2
2016086815,,0,PA,XJX9440,2020.0,3.0,1
2016086834,,0,TN,TL99296,2016.0,6.0,1
2016087293,,0,ME,2243694,2016.0,7.0,1
2016087653,,0,ZZ,999999999999,9999.0,7.0,1
2016087687,,0,,,,2.0,1
2016087780,,0,PA,XDH7489,2017.0,3.0,2
2016087846,,0,ME,B697867,2017.0,7.0,1
2016087986,,0,PA,XCC5445,2017.0,3.0,3
2016088024,,0,PA,PT8383Y,99.0,7.0,2
2016088576,,0,NJ,TCK16Y,1999.0,7.0,1
2016089035,,0,PA,PT5081W,2014.0,7.0,2
2016089510,,0,NJ,T638314,2016.0,7.0,1
2016089558,,0,NJ,T72R9P,2017.0,7.0,3
2016089650,,0,ON,A5613M,2016.0,7.0,2
2016089735,,0,PA,XHY2056,2017.0,3.0,1
2016090111,,0,ZZ,UNKNOWN,2016.0,7.0,1
2016090211,,0,ZZ,UNKNOWN,9999.0,8.0,1
2016090231,,0,NY,44343ME,2018.0,3.0,1
2016090255,,0,ME,2187587,2016.0,6.0,1
2016090514,,0,PA,XHX7743,2017.0,3.0,3
2016090588,,0,NC,U649499,2016.0,7.0,2
2016090627,,0,DE,T105193,2019.0,3.0,1
2016090787,,0,NJ,TLR19-2106B,2019.0,6.0,2
2016091150,,0,CA,4PN9406,2016.0,7.0,2
2016091376,,0,NJ,TLG99C,2017.0,3.0,2
2016091500,,0,,,,8.0,1
2016091525,,0,PA,PT9082V,2012.0,7.0,2
2016091913,,0,TX,035B073,,7.0,1
2016091955,,0,TN,T484560,2002.0,7.0,1
2016092022,,0,PA,XJY4382,2017.0,3.0,2
2016092162,,0,PA,XBF4477,2017.0,7.0,4
2016092368,,0,IL,T496362,2099.0,7.0,2
2016092373,,0,RI,80479,2017.0,6.0,3
2016092665,,0,PA,XDS6511,2017.0,3.0,1
2016092812,,0,NJ,TMP10W,2016.0,7.0,1
2016092968,,0,WI,632912,2017.0,7.0,2
2016093083,,0,PA,XJL0024,2016.0,6.0,2
2016093091,,0,TN,T177699,2017.0,7.0,2
2016093093,,0,PA,KDR6853,2017.0,1.0,4
2016093093,,0,NJ,T65P6Y,2017.0,7.0,6
2016093112,,0,ME,18TLR4910B,2018.0,7.0,1
2016093112,,0,VA,452701TL,2014.0,7.0,2
2016093113,,0,PA,XHY0934,2020.0,3.0,1
2016093125,,0,OK,7756LK,2017.0,7.0,1
2016093273,,0,OK,4555LA,,7.0,2
2016093328,,0,ME,2152268,2021.0,7.0,2
2016093351,,0,ON,M39205,2017.0,7.0,1
2016093351,,0,PA,AF18113,2016.0,7.0,2
2016093493,,0,MD,10907,2016.0,3.0,2
2016093815,,0,PA,PT9047K,2017.0,7.0,2
2016093856,,0,PA,XJA4135,2017.0,8.0,2
2016093891,,0,GA,LE5902H,2017.0,7.0,2
2016094178,,0,PA,999999,2017.0,3.0,3
2016094648,,0,PA,XP74258,2017.0,7.0,2
2016094649,,0,NJ,TNR18J,2016.0,7.0,2
2016094652,,0,ME,1793924,2005.0,7.0,1
2016094652,,0,TN,685269,1994.0,7.0,3
2016094699,,0,PA,PA4277A,2017.0,8.0,2
2016095199,,0,VA,544192TL,99.0,7.0,1
2016095385,,0,PA,,,1.0,2
2016095429,,0,PA,XR94056,2020.0,3.0,1
2016095470,,0,ME,278164A,2016.0,7.0,1
2016095543,,0,OK,8492FZ,2040.0,7.0,2
2016095699,,0,PA,PT2234R,2099.0,7.0,1
2016095896,,0,OK,3506JF,2014.0,7.0,1
2016096002,,0,PA,XHG2045,2017.0,3.0,3
2016096163,,0,,,,1.0,2
2016096346,,0,NJ,TRV73Y,2016.0,7.0,2
2016096356,,0,PA,PT5434W,2099.0,7.0,3
2016096620,,0,PA,PTJIDV,9999.0,7.0,2
2016096624,,0,PA,999999999999,9999.0,7.0,1
2016096625,,0,,,,1.0,1
2016096656,,0,PA,XJN1123,2016.0,3.0,2
2016096926,,0,ME,1989795,9999.0,7.0,1
2016096956,,0,,,,7.0,1
2016097543,,0,ME,1756408,2017.0,7.0,1
2016097712,,0,,N,,,2
2016097712,,0,,1V,9999.0,,3
2016097717,,0,PA,TIXZB9,9999.0,7.0,1
2016097774,,0,PA,XDG6480,2016.0,3.0,1
2016097867,,0,IN,P475658,2016.0,7.0,1
2016098221,,0,PA,XFE0217,2016.0,6.0,2
2016098617,,0,TN,U551910,,6.0,1
2016098617,,0,NJ,THT13K,,7.0,2
2016098695,,0,NJ,XAEN80,2017.0,8.0,2
2016098783,,0,ZZ,UNKNOWN,,7.0,2
2016098839,,0,MI,DKW4234,,1.0,1
2016098839,,0,ME,2455216,,6.0,2
2016099018,,0,PA,PT9705T,2016.0,6.0,1
2016099061,,0,MD,533318G,1999.0,7.0,1
2016099528,,0,ZZ,999999999999,9999.0,7.0,2
2016099602,,0,ME,196043C,16.0,7.0,2
2016099655,,0,ZZ,999999999999,9999.0,7.0,1
2016099668,,0,PA,HZC1736,,1.0,2
2016099700,,0,PA,XJA5843,2017.0,6.0,1
2016100021,,0,IN,U170972,2016.0,7.0,2
2016100173,,0,ME,1888036,2016.0,7.0,2
2016100197,,0,ME,25258476,2017.0,7.0,6
2016100281,,0,,,,6.0,3
2016100562,,0,TN,U181714,2017.0,6.0,3
2016100630,,0,ME,1836204,2016.0,7.0,2
2016101115,,0,IN,P289749,,7.0,2
2016101517,,0,IN,P530519,2016.0,6.0,2
2016101880,,0,PA,PT02672,2016.0,7.0,2
2016101923,,0,QC,RG8760E,2016.0,6.0,1
2016101923,,0,PA,PT9173N,2017.0,6.0,3
2016102010,,0,PA,XGG5438,2016.0,3.0,2
2016102095,,0,PA,PT3459J,2016.0,7.0,2
2016102144,,0,QC,RG7061L,2016.0,7.0,2
2016102282,,0,ZZ,UNKNOWN,,7.0,2
2016102502,,0,ME,2068203,2020.0,6.0,1
2016102879,,0,PA,PA5317,2016.0,8.0,2
2016102891,,0,ME,23TLR55272,2016.0,7.0,2
2016102956,,0,ME,278180A,2017.0,7.0,1
2016103022,,0,,,,3.0,2
2016103049,,0,NE,211040,2017.0,7.0,2
2016103150,,0,CA,4MN7930,2099.0,7.0,1
2016103504,,0,PA,JNW0747,2017.0,1.0,2
2016103504,,0,PA,HBB7256,2017.0,1.0,3
2016103558,,0,ME,20466A,2016.0,7.0,1
2016104210,,0,IL,551651,17.0,7.0,2
2016104259,,0,NJ,TGZ94P,2017.0,3.0,2
2016104260,,0,NJ,TNZ58R,2017.0,7.0,1
2016104639,,0,PA,XHP1662,2018.0,3.0,1
2016104679,,0,IL,523642ST,2016.0,7.0,2
2016104971,,0,MN,2084STA,,7.0,1
2016104986,,0,PA,XGL6372,2017.0,3.0,1
2016105029,,0,PA,PT8577L,,3.0,1
2016105118,,0,ME,285435Y,2017.0,7.0,2
2016105150,,0,DE,C25194,2016.0,8.0,1
2016105158,,0,PA,XGX8111,2017.0,6.0,2
2016105159,,0,NJ,TNN39H,2018.0,7.0,2
2016105250,,0,PA,,,6.0,2
2016105521,,0,NJ,T0KDT,9999.0,7.0,1
2016105711,,0,ZZ,999999999999,9999.0,7.0,2
2016105717,,0,PA,MKE76IB,,3.0,1
2016105927,,0,PA,999999999999,9999.0,7.0,1
2016106174,,0,PA,XJW-2389,2017.0,7.0,2
2016106209,,0,PA,PT2113Z,2017.0,7.0,2
2016107298,,0,ME,2819426,2028.0,7.0,3
2016107304,,0,DE,NONE,2016.0,6.0,3
2016107340,,0,NY,2135C0,2016.0,7.0,3
2016107353,,0,PA,XJA6856,2017.0,7.0,2
2016107626,,0,,,,6.0,1
2016107711,,0,PA,XJE1319,2017.0,3.0,2
2016107767,,0,OH,TPX2008,2017.0,7.0,2
2016108107,,0,ZZ,TXIRP,2017.0,7.0,2
2016108219,,0,ZF,99999,2017.0,7.0,1
2016108318,,0,OK,3856LG,2017.0,6.0,2
2016108330,,0,PA,XT55719,2017.0,6.0,1
2016108430,,0,DE,T12695,2008.0,8.0,1
2016108488,,0,LA,L874505,2016.0,6.0,1
2016108498,,0,OK,1242KL,2000.0,7.0,1
2016108610,,0,,22S972I,,1.0,2
2016108772,,0,PA,PT2709Z,2016.0,6.0,1
2016109019,,0,PA,XKF9146,2017.0,3.0,1
2016109058,,0,ID,P040,2016.0,7.0,2
2016110148,,0,NJ,TMK46T,2017.0,7.0,2
2016110203,,0,AB,5CA241,2016.0,7.0,1
2016110253,,0,PA,XGX6237,2017.0,3.0,1
2016110253,,0,ME,207625A,2017.0,3.0,2
2016110505,,0,PA,PT4603W,2017.0,7.0,1
2016110638,,0,ZZ,NONE,2016.0,7.0,1
2016110689,,0,PA,XHD8851,2017.0,3.0,1
2016110840,,0,PA,,,,2
2016110855,,0,NC,AD17744,2016.0,7.0,1
2016110944,,0,VA,695285TL,2017.0,7.0,1
2016110944,,0,ME,18TLR6474C,2017.0,7.0,2
2016110963,,0,ME,1983858,2017.0,7.0,2
2016111091,,0,PA,XHX9652,2021.0,6.0,1
2016111177,,0,VA,458288TL,2016.0,7.0,1
2016111409,,0,PA,PT37007,,6.0,2
2016111553,,0,NE,251822,2017.0,7.0,2
2016111960,,0,,,,1.0,3
2016111982,,0,ME,2448506,2016.0,7.0,2
2016112133,,0,PA,XHZ50I6,2017.0,3.0,1
2016112151,,0,NJ,TMD5Y8,2005.0,7.0,2
2016112160,,0,ZZ,999999999999,9999.0,7.0,2
2016112197,,0,,,,2.0,1
2016112233,,0,PA,JFDB43Z,,1.0,1
2016112270,,0,PA,TSH284,,3.0,1
2016112275,,0,PA,XFC4588,2017.0,6.0,1
2016112378,,0,PA,PT3171S,2017.0,6.0,2
2016112421,,0,PA,PT0308L,2017.0,7.0,2
2016112426,,0,,,,1.0,1
2016112760,,0,PA,XFY3483,2017.0,3.0,1
2016112956,,0,GA,UBF122,2016.0,6.0,1
2016113414,,0,IN,P328336,2017.0,7.0,2
2016113435,,0,PA,XJS2089,2017.0,7.0,1
2016113442,,0,IN,P351366,2017.0,7.0,2
2016113462,,0,ME,2619136,2016.0,8.0,1
2016113465,,0,PA,XJY6145,2017.0,7.0,1
2016113515,,0,NC,,,1.0,1
2016113528,,0,OH,TQE3263,17.0,6.0,2
2016113635,,0,FL,GQVN51,1985.0,3.0,2
2016113780,,0,PA,PT15341H,2017.0,7.0,1
2016113892,,0,SC,9988PT,2017.0,7.0,2
2016113955,,0,PA,XFB8043,2009.0,3.0,2
2016114010,,0,PA,XGV8642,2016.0,3.0,1
2016114263,,0,MN,0JO55C,2017.0,7.0,2
2016114324,,0,PA,XJW0640,2016.0,7.0,1
2016114324,,0,PA,EXEMPT,2016.0,8.0,2
2016114325,,0,PA,XJC8626,2017.0,7.0,1
2016114387,,0,NJ,TMG19U,2017.0,6.0,1
2016114406,,0,PA,PT9851W,2014.0,7.0,2
2016114787,,0,IN,SP623SMS,2016.0,7.0,2
2016114791,,0,NJ,TGE56W,2017.0,7.0,1
2016114857,,0,NJ,TAA43L,2017.0,7.0,2
2016114877,,0,QC,RD1375B,2017.0,7.0,2
2016114943,,0,IN,P511518,2004.0,7.0,2
2016115425,,0,NY,BD28740,2016.0,7.0,1
2016116102,,0,ME,2548245,2025.0,7.0,2
2016116111,,0,IL,T486542,,7.0,1
2016116208,,0,PA,XJH6492,2017.0,3.0,2
2016116760,,0,PA,PT524Y,2017.0,3.0,2
2016116957,,0,PA,MG9291D,2017.0,3.0,2
2016117261,,0,PA,PT5821Z,2099.0,7.0,2
2016117317,,0,MI,D077239,2017.0,7.0,1
2016117470,,0,PA,PT9789V,2099.0,6.0,1
2016117682,,0,ZZ,999999999999,9999.0,7.0,1
2016117732,,0,ME,999999999999,9999.0,7.0,1
2016117778,,0,,0IA,,2.0,2
2016118095,,0,PA,MG1115E,,3.0,1
2016118160,,0,PA,PT870B3,2017.0,7.0,1
2016118161,,0,PA,XDC8671,,6.0,1
2016118335,,0,IL,T360605,2016.0,7.0,1
2016118345,,0,IN,P278084,2017.0,7.0,3
2016118417,,0,PA,B747SME,2009.0,3.0,2
2016119001,,0,PA,PT5011W,9999.0,7.0,2
2016119059,,0,,,,3.0,3
2016119249,,0,ZZ,999999999999,9999.0,7.0,1
2016119259,,0,NC,AD50884,2016.0,6.0,1
2016119299,,0,PA,XGP6586,2017.0,3.0,1
2016119310,,0,PA,XJV0875,2017.0,3.0,1
2016119317,,0,VA,416081TL,2017.0,7.0,1
2016119334,,0,PA,PT2737L,2017.0,7.0,1
2016119348,,0,NY,1632C8,2015.0,7.0,2
2016119662,,0,ZZ,999999999999,9999.0,7.0,1
2016119774,,0,TN,U496295,2017.0,7.0,2
2016119894,,0,DE,OK1780KJ,2016.0,7.0,2
2016119952,,0,ME,1854994,2017.0,7.0,2
2016120231,,0,PA,PT2093T,2017.0,6.0,2
2016120393,,0,PA,XHT2439,,3.0,2
2016120403,,0,ME,2648511,2011.0,7.0,2
2016120513,,0,PA,XHR44I,2017.0,3.0,2
2016120545,,0,ZZ,999999999999,9999.0,7.0,2
2016120706,,0,ME,19627A,2017.0,7.0,2
2016120716,,0,TN,T642319,2099.0,7.0,1
2016120716,,0,ME,1968100,2019.0,7.0,2
2016120716,,0,NE,UNK,2099.0,7.0,3
2016120716,,0,ME,1792600,2017.0,7.0,5
2016120899,,0,PA,KCC5965,,1.0,1
2016120962,,0,NJ,THV518,,6.0,1
2016121000,,0,WI,661108,2016.0,6.0,2
2016121823,,0,PA,XGJ3936,2011.0,3.0,1
2016121869,,0,ME,1990269,2019.0,7.0,1
2016122036,,0,,,,7.0,2
2016122119,,0,PA,PT0518Y,2017.0,3.0,1
2016122148,,0,MN,7872STN,2006.0,7.0,1
2016122273,,0,PA,XJE9315,2017.0,3.0,2
2016122472,,0,PA,PT3832W,2099.0,7.0,1
2016122594,,0,PA,HXM 1315,2017.0,3.0,2
2016122677,,0,MS,081691A,2017.0,7.0,2
2016122810,,0,OH,TQT5258,2017.0,6.0,1
2016123477,,0,,,,6.0,2
2016123710,,0,FL,9475CQ,2017.0,6.0,3
2016124052,,0,VA,U292597,,7.0,2
2016124103,,0,PA,XBA3450,2020.0,3.0,1
2016124447,,0,ON,,,6.0,2
2016124615,,0,NY,1837CB,2017.0,6.0,1
2016124799,,0,IL,573293ST,9999.0,7.0,1
2016124920,,0,IN,P347901,2017.0,6.0,1
2016125182,,0,PA,XJE9927,2017.0,3.0,2
2016125356,,0,OH,TQM6957,,7.0,2
2016125358,,0,NJ,TSW45W,2017.0,6.0,2
2016125657,,0,ME,20TRL23803,2016.0,7.0,1
2016125806,,0,PA,PT-8144B,1999.0,7.0,2
2016125839,,0,PA,PT265C4,2017.0,7.0,3
2016126144,,0,PA,999999999999,9999.0,7.0,2
2016126153,,0,ZZ,999999999999,9999.0,7.0,2
2016126259,,0,ME,8TLR89431,2018.0,7.0,1
2016126588,,0,PA,XZ40009,2016.0,3.0,2
2016126647,,0,TN,U005539,2016.0,7.0,1
2016126745,,0,PA,PT3906T,2017.0,7.0,1
2016126745,,0,NJ,T71Y5C,2017.0,7.0,2
2016126810,,0,IL,T462521,,7.0,2
2016126857,,0,NJ,TSH84V,2016.0,6.0,1
2016126926,,0,PA,XZ69623,2017.0,6.0,2
2016126931,,0,DE,T27106,,3.0,2
2016127167,,0,OK,7418FH,9999.0,7.0,1
2016127266,,0,NJ,TPL10G,2017.0,6.0,2
2016127354,,0,NJ,T93U5S,2018.0,7.0,2
2016127366,,0,PA,XHJ7405,2013.0,3.0,1
2016127415,,0,PA,XHV4183,2017.0,3.0,1
2016127734,,0,PA,XFP4917,2018.0,6.0,2
2016127827,,0,ZZ,999999999999,9999.0,7.0,3
2016127841,,0,NJ,TEH65J,2017.0,7.0,1
2016127998,,0,FL,6955CL,9999.0,7.0,1
2016128120,,0,IL,T512354,2017.0,7.0,2
2016128121,,0,IN,P404086,2016.0,7.0,1
2016128379,,0,ZZ,UNKNOWN,,7.0,1
2016128409,,0,ME,2450873,2017.0,7.0,3
2016128410,,0,IL,504973ST,2016.0,7.0,2
2016128645,,0,PA,PT851B7,2016.0,6.0,2
2016128737,,0,IN,SP119TJR,2015.0,6.0,1
2016128793,,0,PA,XJA6429,2017.0,6.0,2
2016129269,,0,ZZ,999999999999,9999.0,7.0,2
2016129289,,0,ZZ,999999999999,9999.0,7.0,1
2016129346,,0,ZZ,999999999999,9999.0,7.0,1
2016129346,,0,,,,9.0,2
2016129451,,0,PA,KCS76Q5,,1.0,3
2016129653,,0,IN,Z82880,2018.0,6.0,2
2016129763,,0,ME,272330Z,2017.0,6.0,1
2016129877,,0,,,,7.0,2
2016129997,,0,NJ,TPKYBH,2016.0,7.0,1
2016130023,,0,,,,7.0,1
2016130052,,0,PA,XCG4242,2017.0,4.0,1
2016130053,,0,ON,H1357A,2016.0,7.0,2
2016130243,,0,PA,FT6062C,,6.0,2
2016130985,,0,ZZ,UNKNOWN,,7.0,1
2016131047,,0,PA,UNKNOWN,2017.0,6.0,2
2016131175,,0,ME,04,2021.0,7.0,3
2016131500,,0,OK,8248DZ,2017.0,7.0,1
2016131610,,0,PA,XJF7409,2015.0,3.0,2
2016131668,,0,QC,RF9292M-9,2007.0,7.0,2
2016131777,,0,ME,2558336,2016.0,7.0,2
2016131937,,0,PA,PT3271V,2017.0,7.0,1
2016131937,,0,PA,PT8817H,2017.0,7.0,2
2016132267,,0,PA,MG0488J,2016.0,3.0,2
2016132358,,0,IN,P132881,2016.0,6.0,4
2016132391,,0,ME,21TLR874813,2017.0,7.0,1
2016132611,,0,PA,XZ33308,2017.0,3.0,2
2016132877,,0,NJ,TAV50K,2017.0,7.0,2
2016132879,,0,NE,17861,2001.0,7.0,2
2016133060,,0,NJ,TKS87P,2020.0,7.0,2
2016133078,,0,NJ,TKS47B,2007.0,3.0,2
2016133271,,0,NJ,TMV73M,2017.0,6.0,2
2016133271,,0,CA,4MP8822,2019.0,7.0,5
2016133288,,0,NJ,TPY85B,2017.0,6.0,2
2016133703,,0,PA,JBK6077,2017.0,1.0,2
2016133716,,0,IL,T486514,2013.0,6.0,2
2016133720,,0,NC,T865112,2016.0,6.0,3
2016134259,,0,ME,279618B,2027.0,7.0,2
2016134540,,0,PA,XJP3751,2017.0,3.0,2
2016134681,,0,ME,2345970,2017.0,7.0,2
2016134972,,0,IN,P642777,2016.0,7.0,1
2016135066,,0,PA,PT8133X,,7.0,1
2016135217,,0,ZZ,999999999999,9999.0,7.0,1
2016135301,,0,PA,PT534C5,2017.0,7.0,1
2016135569,,0,,,,7.0,1
2016135774,,0,ZZ,999999999999,9999.0,7.0,2
2016136262,,0,IL,T334580,2017.0,7.0,2
2016136396,,0,TN,T901476,2017.0,7.0,2
2016136420,,0,IN,P334197,2017.0,7.0,1
2016136420,,0,PA,PT4894V,2017.0,7.0,2
2016136771,,0,NC,AB28292,2017.0,7.0,3
2016136848,,0,DE,T339435,2017.0,3.0,2
2016136968,,0,,,,7.0,1
2016137598,,0,NJ,TAC52Z,2020.0,7.0,1
2016137735,,0,NY,BD65602,2017.0,7.0,2
2016137943,,0,PA,JSY6664,2008.0,1.0,2
2016137943,,0,PA,EZJ0680,2007.0,1.0,3
2016138374,,0,NJ,TSW32U,2017.0,7.0,1
2016138462,,0,NJ,THT90T,2018.0,7.0,2
2016138468,,0,PA,XV24511,2017.0,8.0,2
2016138539,,0,NY,BH4936,2010.0,7.0,2
2016138678,,0,IL,600120ST,2016.0,7.0,1
2016138814,,0,PA,XHS3306,2017.0,3.0,1
2016138826,,0,ME,1947776,2017.0,6.0,1
2016139294,,0,,,,8.0,2
2016139302,,0,,,,8.0,1
2017000034,,0,PA,XGT1079,2017.0,6.0,1
2017000152,,0,PA,XHX4944,2017.0,7.0,1
2017000860,,0,PA,XKB8401,2017.0,3.0,1
2017001035,,0,PA,PT914A2,2016.0,7.0,2
2017001069,,0,IN,P394572,2017.0,6.0,2
2017002448,,0,ME,2440381,1924.0,7.0,1
2017002448,,0,,,,8.0,2
2017002453,,0,PA,HXR5291,2004.0,1.0,1
2017002565,,0,ZZ,UNK,2017.0,7.0,1
2017003286,,0,WI,690567,2017.0,7.0,1
2017003321,,0,WI,MV38307,2017.0,2.0,1
2017003626,,0,PA,8HZOUB,2017.0,3.0,2
2017003628,,0,PA,PT2140P,2016.0,7.0,3
2017003799,,0,FL,8955CS,2017.0,6.0,2
2017004219,,0,ME,B22856,2017.0,7.0,2
2017005185,,0,ZZ,873MSZ,9999.0,7.0,1
2017005203,,0,,,,2.0,2
2017005269,,0,ZZ,999999999999,9999.0,7.0,1
2017005774,,0,ZZ,999999999999,9999.0,7.0,2
2017007932,,0,PA,550YH7,,1.0,1
2017013404,,0,,,,7.0,2
2017017992,,0,ZZ,999999999999,9999.0,3.0,1
2017017992,,0,ZZ,999999999999,9999.0,7.0,2
2017020778,,0,ZZ,999999999999,9999.0,7.0,2
2017128679,,0,OR,HS39600,2001.0,7.0,1
2017133382,,0,MI,D024403,2020.0,7.0,3
2017047531,,0,PA,XJZ4616,2017.0,3.0,2
2017077557,,0,,,,6.0,3
2017091267,,0,PA,XR36439,2017.0,8.0,2
2017033142,,0,,,,1.0,2
2017037917,,0,,,,1.0,1
2018008325,,0,PA,XJB5198,2019.0,3.0,1
2017015131,,0,SC,6909PT,2017.0,7.0,2
2017081528,,0,TN,U603552,2018.0,7.0,2
2017044873,,0,ME,2092051,2020.0,7.0,1
2017024704,,0,ME,2817859,2017.0,3.0,1
2017061812,,0,PA,XHD9596,2018.0,3.0,1
2017093985,,0,ME,2065822,2020.0,6.0,1
2017014318,,0,NJ,TEU78Z,2017.0,6.0,2
2017030515,,0,OH,TQV8144,,7.0,4
2017105356,,0,NJ,TKM60X,2020.0,7.0,1
2018028852,,0,ZZ,9999999999,9999.0,7.0,2
2017115370,,0,IL,T523333,2018.0,7.0,3
2017041821,,0,PA,GYY5251,2017.0,1.0,1
2017041821,,0,PA,HRP0261,2017.0,1.0,2
2017041821,,0,PA,HBT4567,2017.0,1.0,3
2017121170,,0,PA,PT793C8,2017.0,7.0,2
2017135479,,0,PA,XFN5355,2016.0,3.0,1
2017031837,,0,NJ,TGH88N,2017.0,7.0,1
2017134251,,0,ME,1985932,,7.0,1
2017002353,,0,PA,ZZZZZZZ,2017.0,8.0,2
2017125738,,0,,,,6.0,2
2017026439,,0,PA,PT2244T,2017.0,7.0,1
2017097556,,0,PA,XKL8657,,3.0,2
2017105298,,0,NJ,SG 33569,2018.0,6.0,2
2018003107,,0,NJ,T44T2G,2018.0,6.0,1
2017077597,,0,PA,XCX3185,2007.0,7.0,1
2017127665,,0,MO,2629PF,2018.0,6.0,1
2017127665,,0,WI,596776,2018.0,6.0,2
2017126870,,0,PA,JVV5431,2018.0,1.0,2
2017074365,,0,NJ,T67X1Y,2017.0,1.0,1
2017074365,,0,TN,U338150,2017.0,7.0,2
2017060870,,0,PA,ZGR6190,2018.0,3.0,1
2017098567,,0,NJ,TBV69D,320.0,6.0,2
2017103280,,0,GA,UAC444,2006.0,7.0,2
2017091177,,0,ZZ,999999999999,9999.0,7.0,2
2017038022,,0,NJ,TJB78N,2019.0,7.0,3
2017105247,,0,NJ,TLK20C,2018.0,7.0,1
2017125616,,0,OK,9038EE,2017.0,7.0,3
2017033107,,0,,,,9.0,1
2017125267,,0,PA,DFN4038,2005.0,8.0,1
2017125267,,0,,,,8.0,2
2017100635,,0,PA,PT779C8,2030.0,7.0,2
2017067577,,0,ME,198945C,2019.0,7.0,2
2017054207,,0,PA,XJN8756,2018.0,5.0,1
2017092655,,0,PA,XFM3360,2018.0,3.0,1
2017089646,,0,ME,1775939,2018.0,7.0,2
2017110875,,0,ME,2631112,2018.0,7.0,1
2017082997,,0,KY,44218T,2018.0,7.0,1
2017031001,,0,PA,XJK0054,2018.0,6.0,2
2017111443,,0,PA,PT313B0,2016.0,6.0,2
2017050898,,0,NC,AD53705,2017.0,7.0,2
2017063013,,0,PA,PT3843T,2013.0,7.0,2
2017074450,,0,TN,T974501,,7.0,2
2017081638,,0,PA,PT0332X,9999.0,3.0,1
2017040112,,0,PA,XJC7977,2017.0,3.0,1
2017070845,,0,PA,XJP7181,2017.0,3.0,1
2017086563,,0,OK,1827LT,2017.0,7.0,1
2017086563,,0,NY,BB47693,2017.0,7.0,4
2017081090,,0,IL,479424ST,2017.0,7.0,4
2017009870,,0,PA,PT2954Z,2017.0,7.0,2
2017107974,,0,,,,2.0,2
2017107974,,0,,,,2.0,3
2017095472,,0,TN,U356377,2017.0,7.0,1
2017025694,,0,PA,XKA3550,2017.0,3.0,3
2017131398,,0,TN,T284287,2018.0,7.0,1
2017117652,,0,ME,19TLR90035,2019.0,7.0,1
2017092301,,0,PA,XGE0438,,3.0,2
2017086619,,0,MD,48750TL,2018.0,5.0,1
2017069755,,0,PA,XHX8198,2014.0,3.0,2
2017081217,,0,PA,XKK5673,2017.0,3.0,3
2017058755,,0,PA,GTP0324,2017.0,1.0,2
2017088103,,0,,,,1.0,1
2017026041,,0,WV,C299930,2017.0,7.0,2
2017108732,,0,TN,U651752,2018.0,7.0,1
2017089843,,0,OK,OK12385,2000.0,6.0,2
2017128544,,0,ME,2434365,2012.0,6.0,1
2017086976,,0,ZZ,999999999999,9999.0,7.0,2
2017073155,,0,,,,3.0,2
2017030275,,0,PA,1856922,2017.0,7.0,2
2018001694,,0,IL,T523340,2018.0,7.0,2
2017075692,,0,CT,34618A,2018.0,7.0,1
2017082270,,0,IL,T523055,2016.0,7.0,2
2017128674,,0,PA,PT94902,2099.0,7.0,2
2017073043,,0,PA,PT923A3,2017.0,7.0,2
2017038149,,0,IL,558012ST,2019.0,7.0,1
2017088947,,0,ZZ,999999999999,9999.0,7.0,2
2018001099,,0,PA,ZFA6410,2018.0,7.0,3
2017057512,,0,PA,XHE0757,,3.0,1
2017075869,,0,ME,2038256,2020.0,7.0,1
2017022700,,0,PA,XHX6199,2017.0,3.0,1
2017076220,,0,IN,999999999999,9999.0,7.0,2
2017092370,,0,PA,PT42382,2017.0,6.0,1
2017103417,,0,PA,XJW2507,2018.0,3.0,1
2017032915,,0,PA,PT908C9,2017.0,7.0,1
2017122138,,0,IN,P682185,2017.0,6.0,1
2017125546,,0,ME,275800D,2016.0,7.0,1
2017111394,,0,OK,9393LN,2017.0,7.0,2
2017103282,,0,TN,U713065,2099.0,7.0,2
2017030217,,0,PA,PT9405Z,2017.0,6.0,1
2017108969,,0,NJ,TMK47T,2021.0,6.0,2
2017094958,,0,PA,PT301B7,2018.0,7.0,2
2017136269,,0,NY,1371C8,2018.0,7.0,1
2017032055,,0,PA,JFM7466,,1.0,2
2017096734,,0,ME,1866784,2017.0,7.0,1
2017079438,,0,PA,XJG0049,2019.0,6.0,1
2017038144,,0,IL,T518117,2018.0,7.0,2
2018027554,,0,,,,9.0,2
2017046937,,0,OR,HR85558,2017.0,7.0,2
2017137988,,0,ME,1670261,,7.0,2
2017076126,,0,ZZ,999999999999,9999.0,7.0,4
2018010541,,0,IN,P637486,2018.0,7.0,3
2017061540,,0,PA,KHW1788,2017.0,1.0,2
2017136497,,0,OK,5149CX,2017.0,7.0,1
2017072035,,0,ZZ,999999999999,9999.0,7.0,2
2017123956,,0,IN,P52290,2017.0,7.0,1
2017066260,,0,PA,XFR1614,2018.0,3.0,2
2017035932,,0,IN,P61742,2004.0,7.0,1
2017050547,,0,IA,DE5697,2017.0,7.0,2
2017129189,,0,ME,221549D,2018.0,7.0,1
2017025723,,0,ZZ,UNKNOWN,,7.0,1
2017028048,,0,ID,TF630,2020.0,7.0,1
2017019861,,0,PA,PT9465P,2017.0,7.0,2
2017077884,,0,PA,XJK6914,2017.0,5.0,1
2017113524,,0,PA,PT0406E,1996.0,3.0,2
2017114534,,0,PA,XKA0246,2013.0,3.0,1
2017086669,,0,ZZ,999999999999,9999.0,7.0,1
2017115833,,0,PA,XHF3183,2013.0,3.0,2
2017066722,,0,PA,KHB1677,2017.0,1.0,2
2017045211,,0,PA,XKL3198,2017.0,7.0,1
2017066823,,0,ZZ,UNKNOWN,2017.0,7.0,1
2017038893,,0,OK,2308LT,2016.0,7.0,2
2017123519,,0,PA,PT201E4,2099.0,7.0,2
2017116634,,0,DE,T95689,2017.0,7.0,1
2017092560,,0,PA,PT6157J,,3.0,1
2017061552,,0,PA,XJR7967,2017.0,3.0,2
2017012376,,0,IL,T486562,2017.0,7.0,1
2017018074,,0,PA,PT460B5,2017.0,7.0,2
2017128451,,0,NJ,G78FNE,2019.0,1.0,2
2017069538,,0,CA,4NP9766,2019.0,7.0,2
2017127344,,0,,,,9.0,2
2017125726,,0,PA,XP42519,,3.0,2
2017032760,,0,NY,AD49035,2017.0,7.0,2
2017134435,,0,PA,PT4353K,,7.0,1
2017044278,,0,,,,1.0,1
2017001591,,0,TN,U028466,2099.0,7.0,1
2017071051,,0,TN,U551779,2017.0,6.0,2
2017079965,,0,PA,PT4990Z,2016.0,9.0,1
2017053188,,0,PA,XGV3981,2012.0,3.0,2
2017127404,,0,ME,2M285B6,2022.0,7.0,1
2017060526,,0,PA,KBL30J,,,1
2017050000,,0,PA,XBL551,2017.0,6.0,1
2017017209,,0,IL,T486772,2017.0,7.0,3
2017050187,,0,NJ,TLE41H,2001.0,7.0,1
2017138485,,0,IN,P631758,2018.0,7.0,2
2017074681,,0,PA,PT4427H,2017.0,7.0,2
2017122812,,0,PA,XHLY60,2017.0,3.0,2
2017040589,,0,ME,2520504,2025.0,6.0,2
2017051125,,0,PA,XBJ4313,2017.0,6.0,2
2017086835,,0,,,,2.0,1
2017037054,,0,PA,PT0750V,2015.0,6.0,2
2017135116,,0,PA,TT14245,2018.0,7.0,2
2017098488,,0,MD,109545X,2017.0,3.0,1
2017089390,,0,TN,U35267PT,2017.0,6.0,2
2017106867,,0,PA,PT0857X,2018.0,7.0,1
2017117491,,0,PA,AF68432,2018.0,7.0,2
2018000855,,0,ME,273875Z,2016.0,7.0,1
2017108512,,0,NJ,THF24H,2019.0,7.0,1
2017128637,,0,NJ,TFT80P,2018.0,7.0,2
2017052901,,0,MD,136585X,2017.0,8.0,1
2017015134,,0,TN,T756675,2099.0,7.0,1
2017018927,,0,PA,PT8291H,2017.0,7.0,2
2017075669,,0,OK,2959KK,2017.0,7.0,1
2017115341,,0,ME,2817429,2018.0,7.0,5
2017070911,,0,TN,U624033,,7.0,2
2017015622,,0,,,,1.0,1
2017063865,,0,ME,TLR2268701,2018.0,7.0,1
2017138881,,0,IL,540480,2017.0,7.0,1
2017072042,,0,,,,3.0,2
2017084376,,0,PA,XJT8516,2011.0,6.0,2
2017123166,,0,ME,3210293,2018.0,7.0,1
2017123166,,0,PA,PT7428X,2017.0,7.0,2
2017133046,,0,ME,B313535,2017.0,7.0,1
2017133046,,0,PA,PT9269P,2017.0,7.0,2
2017133046,,0,TN,U489261,2017.0,7.0,4
2017084286,,0,PA,XKG5951,2018.0,3.0,2
2017085901,,0,ON,L7532X,2017.0,7.0,2
2017032781,,0,NJ,TNK95F,2018.0,7.0,1
2017032781,,0,FL,9099CN,2017.0,7.0,3
2017023229,,0,ZZ,,,7.0,1
2017097544,,0,PA,XKW0596,2018.0,3.0,1
2017130637,,0,,,,9.0,1
2017080345,,0,IL,T505273,2017.0,6.0,2
2017117124,,0,PA,XJY7334,,6.0,2
2017092841,,0,IA,DF2852,2017.0,7.0,2
2017133245,,0,PA,XHR3644,2018.0,3.0,2
2017040655,,0,,,,1.0,1
2017128048,,0,,,,9.0,1
2017128048,,0,,,,9.0,2
2018012274,,0,OK,5281KS,2018.0,7.0,16
2017130595,,0,PA,XKS1010,2018.0,9.0,2
2017138117,,0,TN,T921612,2018.0,7.0,2
2017010449,,0,ME,2165137,2017.0,7.0,1
2017004032,,0,ZZ,,2017.0,7.0,2
2017054886,,0,ON,P6822D,2018.0,7.0,1
2017097411,,0,IL,623983,2018.0,6.0,1
2017097411,,0,PA,PT190B3,2018.0,6.0,2
2017089024,,0,IN,P413069,2017.0,7.0,1
2017096753,,0,CA,4PG9590,2017.0,7.0,1
2017028843,,0,OH,999999999999,9999.0,7.0,2
2017089046,,0,ZZ,ZZ,2017.0,7.0,2
2017050405,,0,PA,XJD8978,2016.0,7.0,1
2017079195,,0,NJ,TMV18T,2018.0,7.0,2
2017049656,,0,OR,HR13926,2017.0,7.0,1
2017049656,,0,LA,L948851,2018.0,7.0,2
2017128399,,0,PA,PT1550F,2018.0,6.0,3
2017012851,,0,PA,XDK3707,2017.0,3.0,2
2017123407,,0,ZZ,UNKNOWN,2099.0,7.0,1
2017081128,,0,IN,P93297,2017.0,7.0,2
2017034893,,0,NJ,TPL54A,2017.0,7.0,1
2017084395,,0,DE,999999,2018.0,8.0,2
2017042635,,0,PA,PT1384W,99.0,7.0,1
2017058912,,0,PA,XFH3856,2017.0,3.0,1
2017089633,,0,,,,3.0,2
2018007187,,0,IN,P539022,2017.0,6.0,1
2017113535,,0,IL,557037ST,2017.0,7.0,1
2017062796,,0,NJ,TRN51D,2014.0,6.0,2
2017043851,,0,PA,P523IC4,9999.0,7.0,2
2017028575,,0,FL,GDX550,2017.0,3.0,2
2017105818,,0,ME,272002C,,7.0,2
2017044336,,0,NY,BL35924,2017.0,3.0,1
2017075291,,0,ME,2558175,2025.0,7.0,2
2017033495,,0,IN,P334905,,7.0,1
2017080005,,0,OH,SWM2024,2018.0,3.0,2
2018005254,,0,LA,L018837,2018.0,7.0,2
2017072154,,0,NJ,TPF30R,2020.0,7.0,1
2017005468,,0,ME,2539781,9999.0,7.0,3
2017024544,,0,PA,XJJ3213,2017.0,8.0,1
2017128106,,0,,,,2.0,2
2017043224,,0,ME,193989A,2019.0,7.0,2
2017112639,,0,NJ,TBN44K,2017.0,7.0,3
2017042200,,0,GA,LE3804I,,6.0,1
2017031255,,0,IN,P303540,2017.0,7.0,1
2017110207,,0,PA,XGY6942,2017.0,3.0,1
2017040464,,0,ME,2267243,2017.0,7.0,5
2017111704,,0,PA,XHR3909,2018.0,3.0,2
2017086496,,0,AL,14UTC336,2017.0,6.0,1
2017110665,,0,FL,8393CQ,2017.0,6.0,2
2017133981,,0,ZZ,999999999999,9999.0,7.0,2
2017070158,,0,,,,1.0,1
2017057036,,0,PA,PT132D2,2017.0,7.0,2
2017109617,,0,ME,B594804,2017.0,7.0,1
2017120698,,0,ZZ,999999999999,9999.0,7.0,2
2017094116,,0,ZZ,,2099.0,8.0,2
2017011039,,0,GA,PHS9032,2017.0,1.0,2
2017053345,,0,OK,3993FL,2017.0,6.0,1
2017123392,,0,ME,209242C,2006.0,6.0,2
2017135401,,0,PA,XJP6070,2008.0,8.0,1
2017075840,,0,IA,DB7768,2016.0,7.0,3
2017014889,,0,NJ,T725TJ,2017.0,7.0,2
2017007131,,0,TX,103740A,2017.0,7.0,2
2017078704,,0,,,,3.0,2
2017086111,,0,PA,HML4689,2008.0,1.0,3
2017094334,,0,PA,UNKNOWN,9999.0,9.0,2
2017103945,,0,,,,7.0,1
2017086623,,0,PA,,,6.0,2
2017015793,,0,PA,XKA5652,2017.0,7.0,2
2017007897,,0,,,,1.0,99
2017104923,,0,IL,529853ST,2016.0,7.0,2
2017069553,,0,PA,NONE,2013.0,8.0,2
2017076688,,0,PA,GDC5869,2017.0,1.0,2
2017044694,,0,,,,6.0,2
2017094373,,0,IN,P251805,,7.0,1
2017104963,,0,,,,9.0,2
2017057680,,0,PA,XL66826,1992.0,7.0,4
2017022946,,0,TN,U601929,2018.0,7.0,1
2017053676,,0,TN,U339111,2017.0,7.0,1
2017087791,,0,TN,T983900,2017.0,7.0,2
2017032654,,0,ZG,MG8044A,2010.0,8.0,1
2017032654,,0,PA,KCP5064,2009.0,1.0,2
2017115506,,0,KS,600755,2018.0,7.0,2
2017042403,,0,TX,086B889,2017.0,6.0,2
2017065375,,0,PA,XJS9813,2017.0,3.0,1
2017113640,,0,PA,XBL4523,2019.0,3.0,1
2017078299,,0,IL,423503ST,2012.0,7.0,1
2017011554,,0,PA,XGT-1095,2018.0,3.0,2
2017067247,,0,,,,1.0,2
2017048867,,0,ME,1862200,2018.0,7.0,2
2017055657,,0,TN,UG086A,2017.0,7.0,1
2017073580,,0,PA,AE99442,2017.0,8.0,1
2017099688,,0,ME,20TLR7751C,2020.0,7.0,2
2018000837,,0,TN,T921528,2018.0,7.0,2
2017113742,,0,,,,1.0,1
2017027733,,0,PA,PT9095Y,9999.0,7.0,2
2018035247,,0,,,,7.0,2
2017121452,,0,ME,274334B,2020.0,7.0,3
2017080018,,0,ME,2TLR58834,2021.0,7.0,2
2017012412,,0,TN,U556256,2017.0,7.0,1
2017107940,,0,,,,1.0,1
2017107940,,0,,,,1.0,2
2017107940,,0,,,,1.0,3
2017061728,,0,IL,T496083,2017.0,7.0,1
2017045674,,0,IN,P121371,2017.0,7.0,1
2017010558,,0,PA,HXF5347,2017.0,1.0,2
2017047693,,0,TN,T955968,2017.0,7.0,1
2017040515,,0,IL,476262ST,2017.0,7.0,2
2017030954,,0,,,,1.0,1
2017113940,,0,ME,2337158,2017.0,7.0,2
2017129654,,0,PA,PT347C2,2018.0,7.0,1
2017117256,,0,TN,U623762,9999.0,7.0,1
2017013135,,0,PA,PT5683L,,7.0,2
2017037249,,0,IA,DF0541,2016.0,7.0,1
2017025152,,0,ME,130906,2017.0,6.0,2
2017020480,,0,IL,589441ST,2017.0,7.0,1
2017109008,,0,NJ,TNH71E,2018.0,7.0,1
2017043558,,0,IL,473247ST,2017.0,7.0,2
2017117315,,0,,,,7.0,2
2017137065,,0,PA,XHM5382,2018.0,3.0,2
2017133107,,0,IN,P502327,2018.0,7.0,2
2017061747,,0,IL,T234350,2018.0,7.0,3
2017020572,,0,OH,TPJ9025,2011.0,7.0,1
2017061710,,0,TN,U738476,2017.0,7.0,2
2017121888,,0,,,,1.0,1
2017028357,,0,IN,P582476,2012.0,7.0,1
2017132623,,0,PA,XS68860,,8.0,1
2017092278,,0,PA,XJJ4828,2017.0,6.0,1
2017019375,,0,VA,324511TL,,7.0,1
2018003587,,0,MI,D007117,2017.0,6.0,1
2017048471,,0,VA,CT40037,2018.0,1.0,1
2017050336,,0,ME,27TLR8948B,2017.0,6.0,1
2017103890,,0,PA,186361,2017.0,3.0,1
2017103890,,0,PA,186361,2017.0,3.0,4
2017067440,,0,MI,D587727,9999.0,7.0,2
2018020700,,0,ZZ,999999999999,9999.0,7.0,3
2017101268,,0,TN,U325161,9999.0,7.0,1
2017066624,,0,SC,12108PT,2003.0,7.0,1
2018030135,,0,ZZ,99999999999,9999.0,7.0,2
2017128057,,0,,,,2.0,1
2017011097,,0,PA,PT2963V,2020.0,7.0,2
2017091967,,0,ZZ,UNKNOWN,2017.0,7.0,1
2017112055,,0,PA,PT2031W,2017.0,7.0,2
2018000743,,0,PA,PT538D4,2099.0,8.0,2
2017119246,,0,PA,PT4693R,2018.0,7.0,1
2017087300,,0,PA,PT2761N,2017.0,7.0,2
2017094952,,0,ME,206027D,2015.0,7.0,2
2017106013,,0,ZZ,999999999999,9999.0,7.0,2
2017035824,,0,VA,J74S98,,6.0,1
2017039544,,0,NJ,TMR70F,2010.0,7.0,1
2017102687,,0,IL,U312161,2012.0,7.0,2
2017040513,,0,ME,2198486,2017.0,7.0,1
2017043166,,0,DE,T19176,2017.0,6.0,2
2017087194,,0,TX,111C421,2018.0,7.0,1
2017053844,,0,OH,TQC4606,2018.0,6.0,1
2017076623,,0,ME,2189460,2018.0,7.0,2
2017098905,,0,NJ,TNS64F,2018.0,3.0,4
2017035670,,0,ZZ,999999999999,9999.0,7.0,2
2018004638,,0,TN,U327192,2018.0,7.0,2
2017095624,,0,DE,PC62471,2017.0,1.0,1
2017107423,,0,ME,2247247,2003.0,7.0,1
2017101168,,0,IN,P251502,2099.0,7.0,1
2017071727,,0,NJ,TPT93G,2016.0,7.0,2
2017002407,,0,IN,P431580,999.0,7.0,2
2017127428,,0,PA,W03S,9999.0,8.0,1
2017069001,,0,ME,1980535,,3.0,2
2017061333,,0,PA,XCJ6405,1971.0,3.0,1
2017074152,,0,,PT5979T,2018.0,6.0,2
2017126420,,0,PA,JPN9498,2017.0,1.0,2
2017044444,,0,PA,XJX1042,2018.0,3.0,2
2017099205,,0,NJ,TKY62W,2018.0,7.0,1
2017041403,,0,,,,9.0,2
2018009814,,0,PA,PT542C2,2018.0,7.0,2
2017060816,,0,PA,PT96942,2018.0,7.0,1
2017027066,,0,PA,XW36734,2017.0,7.0,2
2017023112,,0,PA,PT793A1,2222.0,7.0,1
2017011592,,0,TN,U333525,2017.0,7.0,2
2017089402,,0,OK,5405JF,2011.0,7.0,3
2017072132,,0,PA,XHT7672,2014.0,3.0,1
2017111892,,0,PA,XGE5616,2022.0,3.0,2
2017083235,,0,PA,PT91114,2018.0,6.0,2
2017098473,,0,PA,XKV6411,2017.0,3.0,3
2017094236,,0,PA,PT7487V,,7.0,2
2017038142,,0,OK,9799JF,2019.0,7.0,1
2017009956,,0,PA,KHJ9536,2017.0,1.0,2
2017058240,,0,ZZ,999999999999,9999.0,7.0,3
2017011422,,0,SC,6913PT,2010.0,7.0,1
2017060765,,0,FL,AB4W,2017.0,7.0,1
2017022250,,0,NC,AC71898,9999.0,7.0,1
2017129716,,0,PA,XDY8759,2004.0,3.0,1
2017076174,,0,,,,8.0,2
2017042543,,0,ME,B752367,2019.0,7.0,1
2017035829,,0,PA,0HJ64,9999.0,8.0,2
2017110704,,0,ME,2238105,999.0,7.0,2
2017090524,,0,ME,2559898,2017.0,7.0,2
2017113973,,0,MO,32A848,2018.0,7.0,2
2017046290,,0,TN,U731964,2017.0,6.0,1
2018006476,,0,OK,8757EQ,2017.0,7.0,3
2017123761,,0,ME,2099525,2018.0,6.0,1
2017098863,,0,PA,XDM1297,2018.0,6.0,1
2017100497,,0,PA,XCM5390,2018.0,3.0,2
2017046984,,0,OK,6017LY,2017.0,6.0,2
2017038534,,0,MO,1701PK,2017.0,7.0,2
2017058084,,0,,,,6.0,1
2017093206,,0,OR,HV19805,2017.0,7.0,1
2017011630,,0,IL,413887,2017.0,7.0,2
2017133368,,0,PA,XHL4513,2018.0,3.0,1
2017130358,,0,PA,KBK9517,2018.0,1.0,2
2017067845,,0,PA,X6D279,9999.0,7.0,2
2017093044,,0,ME,2452587,2019.0,7.0,2
2017117574,,0,PA,PT2653X,2003.0,7.0,1
2017077387,,0,ME,2559376,2017.0,7.0,2
2017016863,,0,,,,1.0,1
2017066335,,0,PA,XFE7605,2017.0,7.0,2
2017056858,,0,IL,500878ST,2017.0,7.0,2
2017022415,,0,PA,,,2.0,1
2017133371,,0,IN,P545415,2017.0,7.0,1
2017073046,,0,PA,PT3794S,2017.0,7.0,2
2018000782,,0,IN,P491198,2017.0,7.0,2
2017044066,,0,PA,PT,2017.0,6.0,1
2017101496,,0,IN,P36073,2017.0,7.0,2
2017066236,,0,ME,753889,,7.0,2
2017068926,,0,IL,AG,2018.0,7.0,1
2017072302,,0,NJ,TTE36,2019.0,7.0,1
2017024778,,0,NJ,TMD22D,2017.0,7.0,1
2017019205,,0,NE,18357W,2017.0,7.0,1
2017042846,,0,ME,1733789,2017.0,6.0,3
2017088691,,0,PA,PT099B9,,7.0,2
2017075867,,0,IN,670799,2017.0,7.0,2
2017007473,,0,,,,7.0,2
2017101764,,0,TN,U787488,18.0,7.0,1
2017097881,,0,CA,WP5W42,9999.0,7.0,1
2017019692,,0,NJ,T34V54,2016.0,6.0,2
2017124504,,0,,,,3.0,3
2017076104,,0,PA,PA473C5,,7.0,1
2017125935,,0,PA,XCC9497,2018.0,6.0,2
2017110784,,0,ME,1870274,2018.0,7.0,2
2017017666,,0,NJ,TJJ65Z,2017.0,7.0,1
2017082754,,0,ME,2292350,2017.0,7.0,1
2017100749,,0,OK,7250LO,2016.0,7.0,1
2017035745,,0,ZZ,999999999999,9999.0,7.0,1
2017021932,,0,,,,8.0,1
2017021932,,0,PA,KHC2727,2000.0,1.0,3
2017088890,,0,ZZ,XJRWZ95,9999.0,7.0,2
2017050838,,0,PA,XHT1574,2018.0,3.0,1
2017126994,,0,IN,P502324,2018.0,7.0,1
2017132445,,0,PA,XHG1906,2017.0,3.0,1
2017134784,,0,IL,494842ST,2017.0,6.0,2
2017037347,,0,ZZ,999999999999,9999.0,7.0,2
2018005315,,0,PA,XL13455,2021.0,3.0,1
2018005315,,0,,1135841,,6.0,2
2017107310,,0,NJ,TSY67K,2017.0,7.0,2
2017120940,,0,FL,3714CR,2011.0,7.0,1
2017016242,,0,NJ,TJS61B,9999.0,7.0,1
2017065192,,0,ME,8TLR1092C,2019.0,7.0,2
2017021149,,0,NJ,T50B9M,,7.0,2
2017071024,,0,ZZ,UNK,2099.0,7.0,1
2017031915,,0,SC,9935PT,2013.0,7.0,2
2017011611,,0,IN,TR768ASL,2017.0,3.0,1
2017011611,,0,TN,U623405,2016.0,6.0,2
2017112637,,0,PA,XHZ0953,1983.0,3.0,2
2017081231,,0,OK,2XP173,2018.0,7.0,2
2018026805,,0,,,,4.0,1
2018026805,,0,,,,4.0,4
2018001474,,0,MD,779190G,2018.0,7.0,1
2017059010,,0,PA,PT175C0,,7.0,2
2017060792,,0,PA,XCW9997,2017.0,6.0,1
2017129376,,0,PA,PT782C0,2018.0,8.0,2
2017037928,,0,TN,U606153,,7.0,2
2017037876,,0,PA,XKM6884,2005.0,3.0,2
2017111960,,0,PA,XP17640,1995.0,3.0,2
2017075556,,0,FL,5497CT,2017.0,7.0,1
2017133717,,0,IN,P577253,2018.0,7.0,2
2017008748,,0,ZZ,999999999999,9999.0,7.0,1
2017065580,,0,ME,188784C,2017.0,7.0,1
2017064599,,0,PA,XJK4149,2018.0,6.0,2
2017037187,,0,ZZ,999999999999,9999.0,7.0,2
2017134868,,0,NJ,TGH33N,1918.0,3.0,1
2017096246,,0,ME,2172402,2018.0,7.0,2
2017118385,,0,ZZ,UNKNOWN,2099.0,7.0,1
2017120757,,0,PA,XR13636,1981.0,3.0,4
2017045732,,0,PA,MG9003J,2017.0,8.0,1
2017100213,,0,TN,U052085,2017.0,6.0,1
2017027095,,0,,,,3.0,2
2017019109,,0,NJ,KWA6,9999.0,3.0,1
2018004629,,0,IL,T512561,2018.0,6.0,1
2017073210,,0,KY,66154T,2099.0,7.0,2
2017009170,,0,CA,4PA4519,2017.0,7.0,1
2017102882,,0,OH,TQX3682,2018.0,7.0,2
2017135404,,0,WI,709972,2017.0,7.0,2
2018029752,,0,,,,8.0,2
2017065905,,0,ZZ,UNKNOWN,2017.0,7.0,1
2017135251,,0,OK,5806LP,2018.0,6.0,2
2017064886,,0,ME,1854904,2017.0,7.0,1
2017062196,,0,PA,PT6870N,2017.0,6.0,2
2017133983,,0,PA,8T3M5Z,9999.0,7.0,2
2017060738,,0,PA,8XI768,2018.0,3.0,2
2017080979,,0,MO,36A251,2017.0,7.0,2
2017069880,,0,PA,XKJ0347,2017.0,3.0,1
2017091277,,0,PA,XDB1821,2007.0,6.0,2
2017037801,,0,PA,XJY7621,2018.0,6.0,1
2017032648,,0,PA,PT3127L,,7.0,2
2017118386,,0,ZZ,999999999999,9999.0,7.0,2
2017043410,,0,SC,PV9590,2007.0,6.0,2
2017116927,,0,PA,KJZ4649,2018.0,1.0,2
2017091989,,0,ON,M6537Z,2027.0,7.0,2
2017109037,,0,PA,KCA8474,2019.0,1.0,3
2017122588,,0,ZZ,999999999999,2017.0,7.0,1
2017081483,,0,NJ,TFA54G,2017.0,7.0,2
2017112940,,0,PA,PT-8129V,2012.0,7.0,2
2017095094,,0,KY,70794T,,7.0,2
2017133804,,0,PA,XFW7828,2018.0,7.0,2
2017066977,,0,PA,780-6409,2017.0,8.0,2
2017011774,,0,PA,XJH2237,2017.0,7.0,1
2017003375,,0,WI,687004,,7.0,2
2017064411,,0,ME,181886C,2004.0,3.0,3
2017064394,,0,IL,T486568,2017.0,6.0,2
2017068112,,0,NJ,TPG64V,2019.0,7.0,1
2017081399,,0,PA,XT55778,2018.0,7.0,2
2017136253,,0,IL,591478ST,2017.0,7.0,1
2018008979,,0,ME,TRL2458951,2009.0,7.0,1
2017050945,,0,OK,8922KS,2014.0,6.0,2
2017090492,,0,QC,RH0961E,2018.0,7.0,2
2017086703,,0,ZZ,999999999999,9999.0,7.0,2
2017039230,,0,ZZ,99999999,2099.0,7.0,2
2017042799,,0,KY,13299T,2017.0,6.0,2
2018027553,,0,,,,3.0,2
2017012773,,0,,,,8.0,1
2017115180,,0,,,,9.0,1
2017075021,,0,PA,XGF4422,2002.0,6.0,3
2017083425,,0,NJ,TLE44H,2017.0,7.0,2
2017108184,,0,PA,XHV6458,2017.0,8.0,2
2017092269,,0,PA,XFT6710,2015.0,3.0,1
2017093561,,0,ME,28340K,9999.0,7.0,1
2017063587,,0,MA,SM96168,2016.0,7.0,1
2017089848,,0,PA,XKF7830,2017.0,3.0,1
2017066818,,0,ME,255063,2023.0,7.0,1
2017039011,,0,NJ,T15Y2K,2017.0,6.0,2
2017038349,,0,TN,Z84535,2018.0,7.0,2
2017114903,,0,IL,479715ST,2018.0,7.0,1
2017114903,,0,PA,XKG2242,2022.0,3.0,5
2017002636,,0,ME,20TLR78939,2020.0,6.0,1
2017067716,,0,,,,9.0,1
2017023535,,0,OK,570B6S,,6.0,1
2017015079,,0,PA,PT8613T,2099.0,7.0,1
2017101886,,0,,,,9.0,1
2017021543,,0,,I4,,1.0,1
2017037440,,0,NJ,999999999999,9999.0,7.0,1
2017051028,,0,PA,XDH6243,2017.0,7.0,1
2017110435,,0,PA,XFJ1786,2017.0,8.0,1
2017133551,,0,CA,4PR9118,2018.0,7.0,1
2017133551,,0,PA,4PR9118,2018.0,7.0,2
2017093152,,0,IN,P332650,2018.0,6.0,2
2017126984,,0,ME,1915974,2019.0,7.0,3
2018011157,,0,TN,U627986,2012.0,7.0,1
2017097273,,0,NJ,THF75Z,2017.0,4.0,1
2017061228,,0,ZZ,UNKNOWN,2017.0,7.0,3
2017035434,,0,TN,T773874,2017.0,7.0,2
2017047522,,0,TN,T862854,2017.0,7.0,2
2017038187,,0,PA,PT4345X,2018.0,3.0,3
2017038517,,0,ZZ,999999999999,9999.0,7.0,1
2017100871,,0,PA,XJB0563,2018.0,3.0,1
2017068993,,0,TN,T847733,2017.0,7.0,2
2017127634,,0,IN,P658463,2018.0,6.0,2
2017089930,,0,PA,XT06437,2018.0,7.0,2
2017064443,,0,NJ,TTC39H,2017.0,7.0,2
2017110886,,0,IL,T480189,2018.0,7.0,2
2017085257,,0,,,,9.0,2
2017033721,,0,NJ,TKR39U,2014.0,7.0,2
2017068305,,0,NJ,THV47A,2017.0,7.0,3
2017020884,,0,TN,U551730,2017.0,7.0,1
2017091297,,0,PA,XHS3522,2018.0,7.0,1
2017094457,,0,ME,272520A,2017.0,7.0,2
2017110469,,0,NJ,TNZ28A,2018.0,3.0,1
2017023969,,0,PA,XKL2244,2018.0,5.0,1
2017078613,,0,PA,XDN1921,2017.0,3.0,2
2017077710,,0,TN,U596247,2016.0,6.0,2
2017118793,,0,PA,PT938D7,2017.0,7.0,2
2017050380,,0,PA,XJW7906,2021.0,3.0,1
2017031103,,0,,,,7.0,2
2017086105,,0,ZZ,999999999999,9999.0,7.0,1
2017079303,,0,ME,,,7.0,1
2017092201,,0,PA,XHR8133,2017.0,7.0,1
2017014485,,0,PA,YGP7461,2017.0,1.0,2
2018000570,,0,PA,PT6278Z,,7.0,2
2017009573,,0,,,,7.0,2
2017106729,,0,DE,T9962,2017.0,1.0,1
2017133247,,0,OR,HV13946,2017.0,6.0,1
2017134883,,0,NJ,TSL63W,1994.0,7.0,2
2017053722,,0,PA,XKG7830,2013.0,3.0,2
2017129235,,0,TN,U226956,2018.0,7.0,2
2017050447,,0,TN,U393458,2013.0,7.0,1
2017045221,,0,PA,XJZ9546,2017.0,3.0,1
2017006909,,0,MX,1852080,2017.0,7.0,1
2017074679,,0,ZZ,999999,2099.0,7.0,1
2017108548,,0,QC,RG5056H,2017.0,7.0,1
2017026706,,0,,,,1.0,2
2017100873,,0,ZZ,UNK,2099.0,7.0,1
2017085582,,0,PA,PT213A8,2017.0,3.0,1
2017027505,,0,PA,,,7.0,2
2017064271,,0,PA,XKE7665,2017.0,3.0,1
2017002310,,0,IL,585085ST,2017.0,7.0,2
2017077375,,0,TN,U560052,2016.0,7.0,2
2017108528,,0,PA,XKA5975,2022.0,3.0,2
2017016331,,0,PA,XJP7449,2017.0,7.0,1
2017093557,,0,PA,8S8O9W,9999.0,7.0,2
2017045021,,0,ID,TH2475,2017.0,6.0,1
2017064085,,0,PA,PT492B9,2017.0,7.0,1
2017057184,,0,ME,2135144,2021.0,7.0,2
2017085074,,0,PA,GRZ4592,2018.0,1.0,2
2017108364,,0,IN,2420885,2015.0,7.0,2
2017094582,,0,FL,0378CR,2018.0,7.0,2
2017020777,,0,PA,PT9300L,,7.0,2
2017121738,,0,ME,1978324,2018.0,7.0,3
2017093052,,0,IA,DB8528,2017.0,7.0,2
2017108646,,0,PE,OT159,2017.0,7.0,1
2017098731,,0,PA,PT5919V,2099.0,7.0,1
2017121098,,0,PA,FP13077T,2019.0,1.0,2
2017003721,,0,PA,PT5914F,9999.0,6.0,1
2017038184,,0,IL,483000ST,2017.0,6.0,3
2017117025,,0,OK,OK8164GV,2018.0,7.0,3
2017119363,,0,IL,35742ST,2017.0,7.0,3
2017057129,,0,OH,TQY4311,2004.0,7.0,1
2017068038,,0,ID,P23794,9999.0,7.0,2
2017028385,,0,PA,PT2244T,2017.0,7.0,1
2018004462,,0,ZZ,07915TT,2018.0,7.0,1
2017104863,,0,IL,T497058,2011.0,7.0,2
2017032737,,0,NY,AM17222,2017.0,6.0,2
2017045272,,0,ZZ,,,9.0,1
2017118033,,0,,,,3.0,1
2017107042,,0,PA,PT3845P,2004.0,7.0,1
2017015361,,0,TN,T683549,2017.0,7.0,1
2017125973,,0,PA,XJX0768,2018.0,3.0,2
2017063642,,0,ME,274554B,2027.0,6.0,2
2017045428,,0,ME,191942107,2017.0,7.0,5
2017065137,,0,ZZ,,,,2
2017079096,,0,IL,58944Y,2017.0,7.0,1
2017014846,,0,PA,PT2263Y,2017.0,6.0,2
2017002677,,0,PA,XT33127,2017.0,6.0,2
2017056389,,0,NJ,TMW70W,2015.0,7.0,2
2017061706,,0,ZZ,UNKNOWN,2017.0,9.0,1
2017097148,,0,TN,U676570,2017.0,7.0,2
2017102703,,0,PA,FRG6492,,1.0,1
2017051589,,0,PA,XGX0420,2012.0,3.0,1
2017051589,,0,PA,XCL0070,2003.0,3.0,2
2017049530,,0,OR,98103,,7.0,1
2017103899,,0,PA,XKF2232,2018.0,3.0,1
2017088391,,0,NJ,TRW41A,2020.0,7.0,3
2017067182,,0,OK,4021FR,2017.0,6.0,2
2017076425,,0,ME,2638043,2016.0,6.0,1
2017025209,,0,PA,PT8400Z,2017.0,7.0,3
2017092389,,0,PA,XJP1553,2018.0,3.0,1
2017013570,,0,ME,17-99208,2010.0,7.0,1
2017044872,,0,PA,XFK8596,2017.0,3.0,1
2017076669,,0,TN,U035345,9999.0,7.0,2
2017091903,,0,DE,312926,,1.0,2
2017061116,,0,NJ,TKX284,,7.0,2
2017074904,,0,PA,XZ90694,2019.0,3.0,2
2017104855,,0,ZZ,UNKNOWN,2017.0,7.0,1
2017105848,,0,ZZ,999999999999,9999.0,7.0,7
2017126876,,0,PA,ZBT6516,2018.0,2.0,2
2017011108,,0,MD,097656X,2017.0,7.0,2
2017049655,,0,PA,PT000N,2017.0,6.0,2
2017065932,,0,TN,U702677,2018.0,7.0,2
2017055451,,0,,,,2.0,2
2017067025,,0,ZZ,UNKNOWN,9999.0,7.0,2
2017120219,,0,,,,1.0,1
2017098874,,0,NJ,TFG78Y,2018.0,7.0,2
2017035599,,0,ZZ,999999999999,9999.0,7.0,1
2017083427,,0,NJ,TKV28T,2017.0,7.0,2
2017079931,,0,ME,276067C,2018.0,7.0,2
2017080683,,0,,,,7.0,2
2017074354,,0,PA,XCH9549,2020.0,3.0,1
2017092873,,0,PA,XCW9568,2019.0,3.0,2
2017094966,,0,PA,XHF4743,2018.0,3.0,1
2017052318,,0,ZZ,999999999999,9999.0,2.0,1
2017115538,,0,PA,PT11194W,2006.0,7.0,1
2017119015,,0,NJ,TRK53E,2012.0,7.0,2
2017133359,,0,ME,203862A,2020.0,7.0,1
2017116133,,0,,,,3.0,2
2017026504,,0,,,,7.0,1
2017040541,,0,ND,T849,2017.0,7.0,2
2017128373,,0,ME,207456D,2017.0,7.0,1
2017104014,,0,ME,273452B,2004.0,7.0,1
2017093532,,0,,H,,1.0,2
2017071726,,0,PA,PT269D0,2017.0,7.0,2
2017037810,,0,PA,,,3.0,1
2017072969,,0,,,,7.0,2
2017059505,,0,WI,698570,,6.0,1
2017025596,,0,TN,U64924,2017.0,7.0,1
2017013179,,0,,0,,,1
2017055392,,0,PA,PT129A6,2018.0,7.0,1
2018037718,,0,ZZ,999999999999,9999.0,7.0,2
2017136153,,0,PA,PT4333Y,2018.0,3.0,1
2017021392,,0,,,,7.0,2
2017080271,,0,NY,AS90211,2017.0,7.0,1
2017121987,,0,PA,,,1.0,2
2017039097,,0,PA,PT3755S,2018.0,6.0,2
2018000988,,0,TN,U202618,2018.0,7.0,1
2017054323,,0,OK,2775JY,2017.0,7.0,1
2017054323,,0,IN,P263217,2017.0,7.0,2
2017018329,,0,PA,XKM2890,2017.0,6.0,2
2017021607,,0,,,,9.0,97
2017084185,,0,NJ,TCZ19B,2017.0,3.0,1
2017008180,,0,ZZ,,,3.0,2
2017035931,,0,PA,PT3712X,2014.0,6.0,3
2017107189,,0,ZZ,999999999999,9999.0,7.0,6
2017047150,,0,OH,TQL5972,2017.0,7.0,1
2017047150,,0,IL,153054,2017.0,7.0,2
2017061509,,0,PA,XZ58935,,7.0,1
2017061509,,0,IL,L11034,,7.0,2
2017061509,,0,ME,2277549,,7.0,3
2017086122,,0,ZZ,999999999999,9999.0,7.0,1
2017073222,,0,NJ,TSR17C,2020.0,7.0,1
2017042170,,0,PA,XJF2097,2017.0,6.0,1
2017038518,,0,IL,562252ST,2011.0,7.0,1
2017035895,,0,NC,AE76546,2017.0,7.0,2
2017026047,,0,ME,199621A,2017.0,7.0,1
2017055505,,0,PA,XCN6316,2019.0,3.0,2
2017073184,,0,PA,XGY2253,2018.0,3.0,1
2017136273,,0,IN,P333516,2040.0,7.0,2
2017116090,,0,ZZ,99999999999,9999.0,7.0,2
2017066515,,0,PA,XDZ9090,2018.0,6.0,3
2017085968,,0,ME,18TLR7916C,17.0,7.0,1
2017103233,,0,PA,PT2377R,2017.0,7.0,2
2017096412,,0,ZZ,999999999999,9999.0,7.0,2
2017052533,,0,MO,1223PJ,2017.0,7.0,1
2017039080,,0,PA,PT100B2,2017.0,7.0,2
2017119586,,0,PA,,,,1
2017031949,,0,IL,597004ST,2017.0,7.0,1
2017107611,,0,NJ,TRZ31E,2018.0,7.0,1
2017040103,,0,ME,366117Z,2036.0,7.0,3
2017127429,,0,,,,9.0,1
2017129107,,0,PA,XT50687,2018.0,3.0,1
2017133635,,0,,,,3.0,2
2017056704,,0,PA,XEC8682,2017.0,3.0,2
2017077355,,0,NJ,THL32M,2017.0,7.0,2
2017090413,,0,ZZ,9999,2018.0,7.0,1
2017008528,,0,NC,AC86414,2006.0,3.0,1
2017008528,,0,NC,AC86414,2006.0,7.0,2
2017086796,,0,ZZ,999999999999,9999.0,7.0,1
2017104106,,0,IL,556761ST,2017.0,7.0,2
2017007660,,0,ME,2652194,2017.0,7.0,2
2017068443,,0,PA,XJC7956,2018.0,3.0,2
2017079348,,0,PA,PT558A3,2018.0,6.0,2
2017046605,,0,ZZ,UNKNOWN,2017.0,7.0,1
2017090181,,0,PA,XFR4090,2018.0,6.0,2
2017077269,,0,PA,XJE4736,2017.0,3.0,1
2017101029,,0,WI,683729,2017.0,7.0,2
2017076110,,0,PA,XL79926,2018.0,6.0,2
2017101339,,0,PA,ZGZ0786,2017.0,3.0,3
2017076663,,0,ME,2168687,2006.0,7.0,1
2017076663,,0,OK,3AG054,2018.0,7.0,2
2017066078,,0,TX,102C437,2014.0,7.0,1
2018020743,,0,ID,5365JL,9999.0,7.0,1
2017058197,,0,ME,21TLR87461,2018.0,7.0,1
2017075041,,0,,,,1.0,1
2017086913,,0,PA,XIJPYG7,9999.0,3.0,1
2017098290,,0,,NONE,,8.0,2
2017033449,,0,,,,8.0,2
2017025652,,0,KY,08601316,2017.0,7.0,2
2017076142,,0,IL,ZBH7,9999.0,7.0,3
2017085320,,0,PA,XJA7374,2017.0,3.0,2
2017050389,,0,NJ,T93V6H,2019.0,7.0,2
2017098882,,0,NY,2308C8,2018.0,7.0,1
2017133050,,0,WI,707341,2018.0,7.0,1
2017106713,,0,IL,546538ST,2017.0,7.0,2
2017080274,,0,ZZ,999999999999,9999.0,7.0,1
2017079205,,0,NJ,AT311J,2018.0,7.0,2
2017094234,,0,PA,XBJ6976,2019.0,6.0,2
2017094647,,0,PA,PT9037R,2017.0,7.0,1
2017129239,,0,IN,P624603,2018.0,7.0,2
2017115114,,0,,,,8.0,2
2017098539,,0,IL,T494638,,7.0,2
2017020223,,0,,U238044,,7.0,2
2017038006,,0,PA,PA99019,2017.0,8.0,2
2017016489,,0,,,,7.0,1
2017020041,,0,MT,T42230,,7.0,1
2017103908,,0,,,,1.0,2
2017018753,,0,PA,DVW8743,2017.0,1.0,2
2017018753,,0,PA,13ANTZ,2017.0,1.0,3
2017102276,,0,PA,PT5290Z,2018.0,7.0,2
2017123362,,0,PA,PT5185P,2004.0,7.0,1
2017098287,,0,NJ,TST61X,,7.0,2
2017071456,,0,OR,U461907,2018.0,8.0,2
2017058099,,0,PA,XJD9233,2021.0,3.0,1
2017061875,,0,,,,7.0,2
2017103046,,0,,,,8.0,3
2017100765,,0,NJ,TTU98M,2018.0,7.0,2
2017042042,,0,PA,XGJ6254,2017.0,3.0,3
2017050222,,0,ME,2290359,,6.0,1
2017101894,,0,IN,5P1B3RTY,,7.0,2
2017078681,,0,NJ,TSJ42K,,7.0,1
2017046941,,0,PA,PT8473Z,2017.0,6.0,2
2017086329,,0,,,,1.0,1
2017018181,,0,PA,PT-6001F,2003.0,7.0,1
2017126268,,0,,,,8.0,2
2017053765,,0,PA,XKL4715,2022.0,3.0,1
2017070451,,0,ZZ,999999999999,9999.0,7.0,1
2017120418,,0,PA,PT736C1,2099.0,6.0,2
2017028967,,0,ZZ,999999999999,9999.0,7.0,2
2017095680,,0,ON,L3420X,2017.0,7.0,1
2017127555,,0,PA,MG-1919A,2018.0,3.0,2
2017020669,,0,DE,T28895,2017.0,3.0,2
2017130851,,0,ME,203724C,2020.0,7.0,1
2017081091,,0,PA,PT3040W,2018.0,7.0,2
2017048604,,0,ME,1836039,2018.0,6.0,2
2017108436,,0,,,,3.0,1
2017110780,,0,PA,PT276C4,2017.0,7.0,2
2017008728,,0,PA,GGG5784,2017.0,1.0,2
2017008728,,0,PA,KHE0300,2017.0,1.0,3
2017082655,,0,PA,KHA04881,2017.0,1.0,2
2017013711,,0,NC,AF12637,2017.0,7.0,1
2017075873,,0,CT,W18159,2017.0,7.0,2
2017032807,,0,ON,K3492W,2016.0,6.0,1
2017014071,,0,PA,JSY2172,2011.0,1.0,2
2017133045,,0,NJ,TJU90V,2017.0,7.0,1
2017091723,,0,ZZ,999999999999,9999.0,7.0,2
2017101405,,0,ID,TF722,2018.0,7.0,2
2017121926,,0,TN,U354899,2099.0,7.0,2
2017108302,,0,PA,XJP7461,2018.0,7.0,1
2018008354,,0,IN,P604741,2017.0,7.0,2
2017123294,,0,,,,7.0,1
2017023788,,0,DE,T77290,2018.0,6.0,1
2017108139,,0,DE,T83477,2018.0,8.0,1
2017011425,,0,PA,PT280A4,2017.0,7.0,2
2017046575,,0,PA,XBC2004,2018.0,3.0,1
2017104569,,0,FL,DYB-V33,9999.0,1.0,1
2017108365,,0,PA,HYD3065,2018.0,1.0,2
2017079380,,0,PA,PT1997H,2017.0,7.0,2
2017043455,,0,PA,PT0271X,2017.0,6.0,1
2018004619,,0,ZZ,999999999999,9999.0,7.0,3
2017065554,,0,MI,D039529,,7.0,2
2017044188,,0,MS,100253A,2017.0,7.0,2
2017018125,,0,MN,7954STR,2017.0,7.0,2
2017125731,,0,PA,PT591A0,2018.0,7.0,2
2017030433,,0,ME,B719990,2017.0,7.0,2
2017066965,,0,ZZ,99999999999,9999.0,7.0,2
2017130639,,0,,,,8.0,2
2017046233,,0,ZZ,UNKNOWN,2017.0,6.0,1
2017095850,,0,PA,PT41645,2017.0,7.0,2
2017128688,,0,TN,T868220,2018.0,6.0,1
2017055035,,0,,,,1.0,2
2017074397,,0,TN,U691358,2017.0,7.0,2
2017040588,,0,PA,PT8962M,2099.0,7.0,1
2017006083,,0,PA,XKC8581,2021.0,3.0,1
2017119507,,0,PA,XJD6083,,6.0,2
2017127795,,0,TN,U512189,2018.0,6.0,2
2017051005,,0,,UNKNOWN,,3.0,1
2017052122,,0,,,,9.0,99
2017064772,,0,IN,P356100,2016.0,6.0,1
2017071815,,0,MN,2915STE,2012.0,7.0,1
2017072331,,0,NC,AE82606,2018.0,7.0,1
2017058969,,0,TN,U643357,2018.0,7.0,1
2017058969,,0,TX,004F650,2013.0,7.0,2
2017080429,,0,IN,P427464,2018.0,7.0,2
2017102700,,0,OR,HU64138,2012.0,7.0,1
2017077284,,0,PA,XKM0189,2018.0,3.0,1
2017063628,,0,NJ,TRW72B,2020.0,7.0,1
2017087287,,0,IL,560973ST,2016.0,7.0,2
2017068899,,0,PA,PT104D8,2099.0,7.0,2
2017047152,,0,,,,7.0,1
2017008058,,0,DE,T38238,2017.0,7.0,2
2017125646,,0,ID,TG9625,2017.0,7.0,2
2017107405,,0,PA,PT1072Y,,7.0,2
2017086763,,0,ZZ,999999999999,9999.0,7.0,2
2017108812,,0,PA,PT9495V,2017.0,6.0,2
2017047555,,0,PA,XJF7150,1990.0,3.0,1
2017041540,,0,MD,008235X,,3.0,1
2017125904,,0,NJ,TKT38J,9999.0,3.0,2
2017042261,,0,,PT7795K,2017.0,7.0,2
2017022427,,0,PA,GWV6131,2017.0,1.0,2
2017022427,,0,PA,JGA9016,17.0,1.0,3
2017050717,,0,PA,PT8583L,2018.0,7.0,2
2018001455,,0,PA,JFD2528,2018.0,1.0,2
2017136097,,0,OK,AB1738,2020.0,7.0,1
2017053269,,0,,NONE,,3.0,2
2017040551,,0,MI,C050767,2017.0,6.0,2
2017089064,,0,ME,21-83522,2018.0,7.0,1
2017046913,,0,ME,2286825,2017.0,7.0,2
2017087008,,0,PA,XJY3368,2016.0,3.0,2
2017100545,,0,PA,PT1338W,2017.0,7.0,2
2017035436,,0,DE,T0039826,2017.0,7.0,2
2017063629,,0,PA,PT531C7,2017.0,7.0,1
2017108462,,0,PA,JZS4319,2018.0,1.0,2
2017072092,,0,TN,T915905,9999.0,7.0,2
2017101337,,0,PA,XKP5766,2018.0,6.0,1
2017030281,,0,NJ,TSL79W,2016.0,6.0,2
2017068464,,0,PA,YXS5064,2017.0,1.0,1
2017076875,,0,TN,U264008,2017.0,7.0,2
2017030571,,0,TN,T851660,2017.0,7.0,1
2017096429,,0,ZZ,99999999999,9999.0,7.0,2
2017130678,,0,NJ,TFL80P,9999.0,7.0,1
2017112170,,0,OH,F102059,2017.0,7.0,1
2017046267,,0,IN,P287558,,7.0,2
2017036708,,0,PA,XJV3821,2017.0,3.0,1
2017133738,,0,PA,PT7405C,2018.0,7.0,2
2017116411,,0,MD,099879X,2017.0,3.0,2
2017040034,,0,PA,XN77482,2018.0,3.0,2
2017032303,,0,PA,XHZ7567,2017.0,3.0,2
2017044606,,0,PA,,,1.0,1
2017067864,,0,ZZ,999999999999,9999.0,7.0,2
2017051459,,0,,,,1.0,2
2017051459,,0,,,,1.0,1
2017050543,,0,OK,8242EE,2018.0,7.0,1
2017055503,,0,ZZ,999999999999,9999.0,7.0,2
2017108446,,0,ZZ,,,6.0,3
2017082834,,0,GA,LE87460,2017.0,3.0,1
2017038609,,0,PA,XR08020,2018.0,6.0,2
2017077673,,0,ME,203864A,2020.0,7.0,1
2017078863,,0,ZZ,999999999999,9999.0,7.0,2
2018002077,,0,ME,208718B,2018.0,7.0,2
2017034389,,0,PA,XJH6693,2017.0,6.0,2
2017088982,,0,,,,1.0,1
2017119216,,0,ZZ,NONE,2017.0,6.0,1
2017084415,,0,ME,2152257,2018.0,7.0,1
2017119189,,0,MO,27A184,2017.0,7.0,1
2017020440,,0,PA,KJB4622,2017.0,1.0,2
2017068311,,0,ME,22TLR93685,2018.0,7.0,2
2017012769,,0,PA,JVV5469,2017.0,1.0,2
2017012769,,0,PA,JWL3391,2017.0,1.0,3
2017087092,,0,IN,P353712,,7.0,1
2017032797,,0,ME,366903Z,2017.0,6.0,1
2017042320,,0,NJ,TET60F,2019.0,7.0,1
2017121155,,0,PA,XJB0310,2018.0,6.0,1
2017061823,,0,PA,XR63184,1999.0,3.0,1
2017052154,,0,ZZ,999999999999,9999.0,7.0,2
2017112031,,0,ME,2339075,2018.0,7.0,2
2017123399,,0,PA,XDW2022,2017.0,3.0,1
2017014500,,0,,NONE,,3.0,1
2017020571,,0,ME,2819913,2028.0,7.0,1
2017023156,,0,ME,2622978,2026.0,7.0,1
2017057186,,0,PA,PT8492Y,2017.0,7.0,1
2017057186,,0,ID,TE5459,2017.0,7.0,2
2017007701,,0,PA,96680MG,2017.0,6.0,2
2017002508,,0,IN,SE613AAF,2017.0,7.0,2
2017046935,,0,NJ,138378,2017.0,7.0,2
2017097244,,0,FL,0962CT,2000.0,7.0,2
2017089069,,0,MD,NONE,2018.0,3.0,1
2017035644,,0,,I,,,2
2017090611,,0,,,,3.0,2
2017130228,,0,OR,HV19439,2018.0,7.0,1
2017111580,,0,,,,3.0,1
2017135026,,0,PA,8FW200,2010.0,3.0,1
2017098869,,0,OK,3538KK,2017.0,7.0,1
2017092528,,0,,,,1.0,1
2017030861,,0,ME,2054307,2020.0,7.0,2
2017054326,,0,ME,2549479,2025.0,7.0,1
2017062795,,0,ZZ,999999999999,9999.0,7.0,2
2017091753,,0,,,,9.0,2
2017033973,,0,UT,A526607,2017.0,7.0,2
2017075289,,0,ME,19TLR31957,2017.0,7.0,2
2017139092,,0,TN,V633529,2018.0,6.0,2
2017091352,,0,KS,T454246,2017.0,7.0,1
2018011353,,0,MD,201317C,2020.0,7.0,2
2018005677,,0,TN,U811448,2018.0,7.0,1
2017015215,,0,PA,XCY9534,2007.0,7.0,2
2017021505,,0,IL,4S87565T,2012.0,6.0,1
2017065828,,0,PA,XL70513,2017.0,7.0,3
2017071017,,0,TN,T831056,2017.0,7.0,3
2017121702,,0,IL,569609ST,2018.0,7.0,1
2017080121,,0,PA,XHM4608,2017.0,3.0,1
2017129682,,0,NY,BE57342,2017.0,7.0,1
2017108851,,0,PA,XCP6950,2012.0,7.0,2
2017100767,,0,ME,2548207,2025.0,7.0,1
2017051210,,0,PA,PT674C1,2018.0,8.0,2
2017042474,,0,PA,XW09039,,3.0,2
2017050620,,0,PA,XGV4362,2020.0,3.0,2
2017046787,,0,PA,XP00195,2017.0,3.0,2
2017063575,,0,PA,XGB0579,2006.0,6.0,1
2017107063,,0,NJ,TGC62K,2020.0,7.0,1
2017107063,,0,PA,NONE,2099.0,3.0,2
2017114476,,0,IN,P343715,2018.0,7.0,2
2017049252,,0,PA,JWH4765,2017.0,1.0,3
2017049252,,0,PA,ZJG7845,2017.0,2.0,2
2017115357,,0,PA,PT5569Y,2004.0,7.0,1
2017083571,,0,PA,PT7268X,9999.0,6.0,2
2017083129,,0,NJ,TPY48Y,2019.0,7.0,1
2017063261,,0,ZZ,,2017.0,9.0,2
2017010391,,0,PA,PT5949H,2018.0,3.0,1
2017052381,,0,ZZ,999999999999,9999.0,7.0,2
2017009592,,0,PA,PT9634K,2001.0,6.0,1
2017131433,,0,NJ,TNE80N,2018.0,7.0,2
2017053601,,0,PA,XFS9487,2017.0,6.0,2
2017122212,,0,PA,PT6986T,2011.0,7.0,2
2017068111,,0,PA,XL54876,2017.0,3.0,1
2017043231,,0,IL,599469ST,2017.0,7.0,2
2017036261,,0,IL,T486527,2017.0,7.0,2
2017025223,,0,PA,PT2244T,2017.0,7.0,1
2017057407,,0,ME,B262779,2018.0,7.0,2
2017100670,,0,PA,XCY0559,2006.0,6.0,2
2017125441,,0,PA,XHT5127,2018.0,3.0,2
2017040593,,0,PA,PT3105T,2017.0,7.0,2
2017049945,,0,PA,PT13887,2001.0,7.0,2
2018001468,,0,PA,PT7311C,2020.0,6.0,1
2017047104,,0,PA,PT5251K,2017.0,7.0,1
2017087279,,0,PA,XHN8798,18.0,3.0,1
2017061635,,0,PA,ZGV3439,,8.0,2
2017061635,,0,PA,KJD1281,,1.0,3
2017101724,,0,IN,P577273,2017.0,6.0,1
2017005447,,0,PA,XHJ3133,2017.0,8.0,2
2017135051,,0,,,,1.0,2
2017020132,,0,,,,8.0,1
2017088946,,0,,,,9.0,1
2017088946,,0,,,,9.0,2
2017003332,,0,,,,3.0,1
2017108418,,0,,,,6.0,2
2017004565,,0,PA,PT3055K,9999.0,6.0,2
2017084535,,0,PA,MG0013E,2099.0,7.0,2
2017062325,,0,IL,494320ST,2017.0,7.0,3
2017073209,,0,KY,66154T,2099.0,7.0,1
2017084948,,0,PA,XJL4192,2017.0,7.0,1
2018135524,,0,PA,PT5370T,2099.0,7.0,1
2018108835,,0,IN,P689759,2018.0,7.0,1
2018046143,,0,MI,D491324,2017.0,7.0,1
2018063609,,0,VA,817126TL,2018.0,6.0,1
2018135050,,0,PA,PT3743X,9999.0,7.0,1
2018083399,,0,ME,2292404,2021.0,7.0,1
2018005627,,0,ZZ,UNKNOWN,1999.0,7.0,1
2018005627,,0,IL,458290ST,2018.0,7.0,2
2018075392,,0,CA,4PZ4311,2022.0,7.0,2
2018112778,,0,ME,2918533,2029.0,7.0,2
2018116678,,0,PA,KLZ8441,2019.0,1.0,1
2018041546,,0,,,,7.0,2
2018120737,,0,PA,PT3833L,2019.0,7.0,1
2018059890,,0,PA,PT1425X,,6.0,1
2018128016,,0,IA,TB2429,1995.0,7.0,2
2018024412,,0,IL,639495ST,2019.0,7.0,3
2018024412,,0,ME,416724Z,2041.0,7.0,4
2018115968,,0,NJ,TPJ94L,2018.0,7.0,2
2019008270,,0,TN,U732246,2017.0,7.0,1
2018122806,,0,PA,PT8774Y,2015.0,7.0,1
2018067749,,0,OK,8231FH,2018.0,7.0,2
2018132377,,0,PA,PT4269Z,2018.0,7.0,2
2018042789,,0,PA,XL74430,2018.0,3.0,2
2018036612,,0,PA,PT443A3,2030.0,7.0,1
2018136501,,0,,,,8.0,2
2018058067,,0,MS,094654A,2018.0,7.0,2
2018090463,,0,ME,2824246,2018.0,7.0,1
2018091089,,0,PA,PT751E0,2020.0,7.0,1
2018108100,,0,PA,XHS3305,2014.0,8.0,1
2018131196,,0,,,,6.0,1
2018042129,,0,NY,BD86976,2018.0,7.0,2
2018075414,,0,PA,JXL2104,2019.0,7.0,2
2018034837,,0,TX,081C257,2018.0,7.0,1
2018083364,,0,ME,218539B,2021.0,7.0,2
2018127976,,0,ZZ,999999999999,9999.0,7.0,1
2018137171,,0,ZZ,999999999999,9999.0,7.0,2
2018013665,,0,PA,PT9611V,2013.0,7.0,1
2018117865,,0,PA,AE87978,2020.0,7.0,1
2018054864,,0,ME,2366351,2023.0,7.0,2
2018121992,,0,,,,8.0,1
2018044216,,0,PA,PT007A3,2018.0,7.0,1
2018104011,,0,IN,P574750,2018.0,7.0,1
2018073117,,0,IN,P479232,2099.0,7.0,1
2018051648,,0,NJ,TTZ24B,2018.0,7.0,4
2018088346,,0,MI,DO69744,2019.0,7.0,1
2018051518,,0,ME,217455C,2018.0,7.0,1
2018048530,,0,PA,XKN0376,2017.0,6.0,1
2018126896,,0,PA,82777MG,2020.0,6.0,2
2018083309,,0,PA,TD1791D,2019.0,3.0,2
2018087825,,0,,,,3.0,2
2018119332,,0,WV,C303279,2018.0,7.0,2
2018087065,,0,,,,3.0,1
2018082466,,0,IL,639765ST,2018.0,7.0,2
2018111966,,0,,,,6.0,1
2018118453,,0,ME,2564798,2018.0,7.0,2
2018076741,,0,MI,B941594,2019.0,7.0,2
2018058829,,0,IL,T512573,2018.0,7.0,1
2018122023,,0,ZZ,999999999999,9999.0,7.0,6
2018059114,,0,ZZ,999999999999,9999.0,7.0,2
2018123098,,0,ME,26TLR46369,2020.0,7.0,1
2018093445,,0,PA,XKD9087,2018.0,8.0,1
2018072942,,0,IN,1665CS,2019.0,7.0,1
2018035803,,0,VA,6461AG,2018.0,7.0,2
2018135321,,0,PA,YXM7808,2019.0,1.0,1
2018069523,,0,PA,XT28693,2021.0,3.0,1
2018058456,,0,PA,XGP6041,2008.0,3.0,2
2018057018,,0,,,,8.0,1
2018034945,,0,OR,40143,2018.0,7.0,2
2018031753,,0,IN,P681338,2018.0,3.0,1
2018073245,,0,PA,MG7118D,9999.0,7.0,1
2018062865,,0,IL,T528080,2019.0,7.0,2
2018109202,,0,NJ,TRU94G,2019.0,7.0,1
2018102276,,0,ME,2188177,2019.0,7.0,2
2018102276,,0,TX,W35664,2019.0,7.0,3
2018064171,,0,NJ,TMU42S,2022.0,7.0,1
2018036330,,0,NJ,TCC70Y,2005.0,6.0,1
2018135563,,0,ME,2640327,2018.0,6.0,1
2018101499,,0,ZZ,999999999999,9999.0,7.0,2
2018007379,,0,ME,22-68937,2018.0,7.0,1
2018066846,,0,PA,XJS6658,2021.0,3.0,1
2018018573,,0,IN,P755558,2018.0,7.0,1
2018018573,,0,ME,B684655,2018.0,7.0,2
2018114309,,0,PA,XCN2621,2019.0,3.0,1
2018072476,,0,ZZ,999999999999,9999.0,7.0,2
2018016805,,0,ME,26-49807,2017.0,7.0,3
2018062041,,0,HI,TRC2754,2018.0,7.0,2
2018047181,,0,IN,P502088,2018.0,6.0,1
2018130249,,0,AB,T47907,2020.0,7.0,2
2018102002,,0,PA,FBS5863,2018.0,1.0,1
2018046315,,0,PA,XKY1963,2018.0,3.0,2
2018075418,,0,PA,ZCL6484,2018.0,3.0,1
2018053298,,0,MO,24A728,2018.0,7.0,2
2018129422,,0,,,,6.0,3
2018060394,,0,PA,XGR5732,2017.0,3.0,2
2018010562,,0,PA,XCT5023,2018.0,6.0,2
2018005264,,0,MI,D060365,2018.0,6.0,2
2018103243,,0,DE,T17917,2020.0,7.0,2
2018114589,,0,NY,2829C0,2018.0,7.0,2
2018114589,,0,PA,PT497B4,2018.0,7.0,4
2018086258,,0,TN,U551754,2021.0,7.0,1
2018077939,,0,PA,XFG6178,2019.0,3.0,2
2018008398,,0,ME,8110846,2031.0,6.0,2
2018065725,,0,OK,3694KH,2014.0,7.0,1
2019032084,,0,ME,2351490,2023.0,7.0,1
2018033381,,0,ME,2299050,2022.0,7.0,1
2018050805,,0,PA,PT6706M,,7.0,1
2018087510,,0,OH,TRE6832,2019.0,7.0,1
2018113679,,0,IL,7597024ST,2020.0,7.0,2
2018038916,,0,NJ,TLK99B,2018.0,7.0,2
2018015855,,0,GA,WBQ730,2000.0,7.0,1
2018137456,,0,NJ,THW63B,2022.0,7.0,1
2018051560,,0,PA,XW32536,2006.0,3.0,1
2018011762,,0,PA,XKJ0534,2018.0,3.0,1
2018136226,,0,OH,TQY6272,2019.0,7.0,2
2018042638,,0,ZZ,9999999999,9999.0,7.0,1
2018043927,,0,PA,XKK-5701,2019.0,3.0,2
2018066067,,0,IA,DX5405,2018.0,6.0,2
2018036651,,0,OH,TSB2458,2010.0,7.0,2
2018090457,,0,IL,T520078,2019.0,7.0,1
2018116931,,0,PA,XHV4100,2018.0,7.0,8
2018112381,,0,ME,209547C,2001.0,7.0,1
2018090454,,0,ME,2278492,2019.0,7.0,1
2018076685,,0,PA,XKY1354,2018.0,8.0,2
2018056816,,0,ZZ,999999999999,9999.0,7.0,1
2018095881,,0,PA,XDM8434,2019.0,3.0,2
2018117742,,0,PA,XP50964,2019.0,7.0,1
2018084242,,0,PA,XHN8294,,3.0,1
2018005623,,0,NJ,TTE58Z,2018.0,7.0,2
2018047188,,0,PA,XFJ0196,2017.0,3.0,1
2018128686,,0,PA,PT1583H,,7.0,2
2018082164,,0,ZZ,,,7.0,1
2018087418,,0,NJ,TRY69X,2020.0,7.0,1
2018087418,,0,PA,XFN5355,2019.0,3.0,2
2018111821,,0,IN,PT3554S,2017.0,7.0,3
2018125175,,0,,,,1.0,2
2019003634,,0,PA,XV96296,1989.0,3.0,1
2018007523,,0,WI,574489,2018.0,7.0,2
2018125118,,0,IN,SF583AAW,2019.0,7.0,1
2018114628,,0,ZZ,999999,2099.0,6.0,2
2019002004,,0,OH,TQW3462,2019.0,7.0,3
2018078049,,0,PA,AF93714,2019.0,7.0,1
2018078049,,0,PA,5966409,2019.0,8.0,2
2018034855,,0,NJ,TSV92F,2020.0,7.0,2
2019076068,,0,ZZ,999999999999,9999.0,7.0,2
2018048790,,0,NJ,,2019.0,7.0,1
2018075720,,0,ME,2831727,2019.0,7.0,2
2018020682,,0,NJ,TNJ35G,9999.0,7.0,1
2018089359,,0,PA,XLK2506,9999.0,8.0,2
2018062302,,0,PA,XLB0732,1999.0,6.0,1
2018130327,,0,ME,1958371,2004.0,6.0,1
2018080205,,0,IL,54097T,2014.0,7.0,3
2018113848,,0,TN,1680JJ,2016.0,7.0,3
2018112718,,0,PA,XDV9184,2019.0,7.0,2
2018008704,,0,ID,TG580,2019.0,7.0,2
2018101407,,0,PA,KVK3633,2019.0,1.0,2
2018021279,,0,ZZ,,,7.0,1
2018052704,,0,NJ,TTT16D,2013.0,7.0,1
2018102666,,0,PA,PT917B8,2018.0,7.0,2
2018069638,,0,PA,PT8032P,2020.0,7.0,2
2018089101,,0,PA,XDA4093,2019.0,6.0,2
2018021446,,0,PA,PT6024N,2009.0,7.0,1
2018052695,,0,,,,1.0,1
2018093192,,0,PA,XFY1029,2022.0,3.0,1
2018102149,,0,IL,526891ST,2018.0,6.0,1
2018120735,,0,ME,27TLR102310,2027.0,6.0,1
2018026211,,0,,,,6.0,2
2018032161,,0,,,,8.0,2
2018045265,,0,NJ,TCB34J,2021.0,7.0,1
2018051004,,0,,,,8.0,1
2018082186,,0,PA,PT7905Z,9999.0,7.0,2
2018023063,,0,PA,XHD8774,2008.0,6.0,1
2018044319,,0,PA,55784MG,1987.0,3.0,2
2018086120,,0,TN,T766752,2018.0,7.0,1
2018011021,,0,IA,TE5657,2018.0,6.0,1
2018057620,,0,ZZ,999999999999,9999.0,7.0,2
2018083377,,0,DE,T39412,2020.0,7.0,3
2018108429,,0,PA,XLC1302,2018.0,3.0,2
2018036562,,0,IL,617844ST,2018.0,7.0,1
2018090634,,0,IL,T518115,2019.0,6.0,2
2018051573,,0,FL,6639CU,2018.0,7.0,1
2018038027,,0,PA,PT745D3,2020.0,7.0,1
2018038027,,0,PA,PT864C2,2020.0,7.0,2
2018048658,,0,NJ,TPK41C,2019.0,7.0,2
2018086141,,0,PA,PT1456Y,2013.0,7.0,2
2018072146,,0,PA,XJV7079,2019.0,7.0,2
2018022116,,0,IN,P604712,2018.0,7.0,1
2018105952,,0,NC,CD58769,2018.0,6.0,1
2018105952,,0,PA,XJA2764,2019.0,3.0,3
2018131635,,0,PA,XCN3261,2019.0,3.0,2
2018022249,,0,NJ,TPW36X,2017.0,6.0,1
2018120790,,0,GA,WBP178,2019.0,7.0,1
2018120956,,0,MS,02662R,2099.0,3.0,1
2018044179,,0,PA,PT1758Y,2018.0,6.0,3
2018013551,,0,ME,B534794,2018.0,3.0,1
2018006532,,0,PA,XKZ5654,2018.0,6.0,2
2018131294,,0,PA,XDT2146,2019.0,2.0,2
2018021853,,0,ME,2922452,,7.0,2
2018072554,,0,IN,P590561,2018.0,6.0,2
2018135514,,0,PA,XHY2056,2007.0,3.0,1
2018012201,,0,IN,SF675AAR,2018.0,7.0,3
2018128748,,0,IL,P541456,2019.0,7.0,1
2018005377,,0,ME,2340895,2018.0,3.0,1
2018108200,,0,PA,XHS6861,2008.0,7.0,2
2018032210,,0,,,,1.0,2
2018132048,,0,PA,XJG7954,2019.0,6.0,1
2018092379,,0,PA,PT1674T,2018.0,6.0,1
2018002091,,0,TN,U063252,2018.0,7.0,1
2018007678,,0,PA,KMO4333,2018.0,1.0,2
2018010858,,0,TN,U110102,2018.0,7.0,2
2018040715,,0,TN,T697079,2018.0,7.0,1
2018040715,,0,ZZ,99999,2018.0,3.0,2
2018059823,,0,PA,JLR0402,2019.0,1.0,2
2018059823,,0,PA,DA80P2,2019.0,1.0,3
2018049209,,0,,,,7.0,2
2018050018,,0,PA,XFY0867,2018.0,3.0,3
2018081269,,0,PA,PT170A7,,3.0,1
2018026908,,0,PA,,,,3
2018003208,,0,IL,T518166,,7.0,1
2018004958,,0,,,,1.0,2
2018002092,,0,PA,XT55786,2018.0,7.0,1
2018060405,,0,NJ,T17G6B,2019.0,7.0,1
2018040412,,0,PA,XY11909,2018.0,7.0,2
2018093718,,0,TN,U012573,9999.0,7.0,1
2018003566,,0,TN,T599852,2018.0,7.0,1
2018048070,,0,PA,XJY1270,2019.0,3.0,2
2018128028,,0,,,,6.0,1
2018009531,,0,ME,21TLR7775A,2021.0,7.0,1
2018117755,,0,UT,2427028,2017.0,3.0,2
2018022898,,0,TN,U247218,2018.0,6.0,2
2018110610,,0,PA,,,1.0,1
2018109881,,0,IL,669478ST,2018.0,7.0,2
2018077805,,0,ME,B632896,2019.0,7.0,1
2018044076,,0,IL,640330,2018.0,7.0,1
2018079054,,0,IN,P520177,2018.0,7.0,2
2018096673,,0,PA,XKY4641,2019.0,3.0,1
2018082449,,0,IL,525805ST,2019.0,7.0,1
2018044454,,0,ZZ,999999999999,9999.0,7.0,1
2018044454,,0,ZZ,999999999999,9999.0,7.0,3
2018133433,,0,,,,1.0,1
2018022974,,0,MN,2345676,2019.0,7.0,3
2018033659,,0,OK,2852KQ,2018.0,7.0,2
2018113162,,0,PA,XKP3158,2017.0,6.0,3
2018090051,,0,PA,PT781E0,2020.0,7.0,2
2018047466,,0,PA,PT9358Y,,3.0,1
2018006741,,0,PA,PT259E2,,7.0,1
2018126430,,0,NC,AF80406,2018.0,7.0,2
2018007085,,0,TN,T909199,,7.0,1
2018039320,,0,PA,KDR9847,2018.0,1.0,2
2018135475,,0,IN,P630505,2019.0,6.0,1
2018135475,,0,IN,P630505,2019.0,7.0,2
2018095329,,0,ZZ,999999999999,9999.0,7.0,1
2018052842,,0,IN,P512856,2018.0,7.0,2
2018133871,,0,NC,MW6277,2019.0,6.0,2
2018098318,,0,PA,YXL2488,2019.0,3.0,2
2018013907,,0,CT,V91601,2020.0,7.0,3
2018004769,,0,RI,91048,2018.0,6.0,2
2018065192,,0,TN,T754535,2018.0,7.0,1
2018128218,,0,PA,PT784AO,2018.0,7.0,1
2018128218,,0,TN,U622605,2018.0,7.0,2
2018125873,,0,NJ,XFWK43,2019.0,7.0,1
2018120026,,0,PA,XJM1995,2021.0,3.0,3
2018096221,,0,TN,U606121,2019.0,7.0,1
2018028011,,0,PA,XGB0991,2015.0,3.0,2
2018055565,,0,PA,XHJ8727,2019.0,3.0,1
2018072319,,0,PA,XFW5233,,3.0,1
2019001386,,0,,,,3.0,2
2018054244,,0,,,,8.0,2
2018137181,,0,NJ,TMY61B,2022.0,7.0,1
2018137181,,0,PA,PT282A8,2016.0,7.0,2
2018037342,,0,,,,2.0,1
2018137081,,0,ZZ,,,7.0,1
2018023138,,0,ZZ,99999,2018.0,7.0,1
2018107091,,0,PA,XKL5811,2020.0,3.0,1
2018133615,,0,NJ,TRW64A,1996.0,7.0,1
2018112191,,0,ZZ,999999999999,9999.0,7.0,1
2018058271,,0,IA,VA0550,2018.0,7.0,2
2018068926,,0,PA,XLB6102,2019.0,3.0,1
2018069611,,0,IN,SP729DLM,2017.0,7.0,2
2018067307,,0,ME,2923908,2019.0,7.0,2
2018025438,,0,PA,ZKV3476,2018.0,7.0,2
2018085639,,0,PA,XKH9111,2022.0,3.0,1
2018085102,,0,PA,XW88998,2022.0,3.0,1
2018036840,,0,OK,2073GN,2021.0,7.0,1
2018089919,,0,ME,1880283,2018.0,7.0,1
2018073789,,0,MI,D538157,2020.0,7.0,1
2018012280,,0,IN,P80137,2018.0,7.0,1
2018037396,,0,CA,4NC1321,2018.0,7.0,1
2018038311,,0,PA,XKF1291,2018.0,3.0,2
2018076580,,0,PA,,,1.0,1
2018039649,,0,PA,PT5241N,2006.0,6.0,2
2018102088,,0,ME,2833710,2018.0,7.0,1
2018104844,,0,NJ,TDT41F,2019.0,7.0,1
2018033428,,0,IL,T447833,2019.0,7.0,1
2018033428,,0,FL,5468CI,2019.0,7.0,2
2018126550,,0,ZZ,UKNOWN,2099.0,9.0,1
2018076691,,0,ME,2394773,2018.0,3.0,1
2018043577,,0,TN,U014094,2018.0,7.0,1
2018108398,,0,KS,635788,2018.0,7.0,1
2018100641,,0,ZZ,999999999999,9999.0,7.0,1
2018048045,,0,PA,,,1.0,1
2018099628,,0,PA,PT210A9,2019.0,7.0,1
2018001408,,0,ME,219719B,2021.0,7.0,1
2018001408,,0,ME,2514102,2025.0,7.0,2
2018077840,,0,TN,246915,2019.0,7.0,1
2018077840,,0,ME,2437597,2024.0,7.0,2
2018077840,,0,ME,2564834,2018.0,7.0,3
2018092857,,0,ME,209006C,2018.0,7.0,1
2018033993,,0,ZZ,99999,2018.0,7.0,1
2018027914,,0,NJ,YB93,2018.0,6.0,1
2018095926,,0,ZZ,9999999,9999.0,7.0,2
2018032669,,0,ME,1992175,2018.0,7.0,1
2018077064,,0,IN,TLB25X,2020.0,7.0,1
2018077064,,0,ME,224039E,2020.0,7.0,2
2018014174,,0,OK,4754LQ,2019.0,7.0,1
2018030121,,0,,,,8.0,2
2018113270,,0,PA,XKP6800,2019.0,3.0,1
2018022183,,0,IN,P590559,9999.0,7.0,2
2018074245,,0,NJ,TCU83G,2019.0,7.0,2
2018057789,,0,PA,PT 0519Y,2019.0,7.0,2
2018029024,,0,IL,T521650,2019.0,7.0,2
2018110252,,0,ME,2834658,2019.0,6.0,1
2018075822,,0,PA,XKT5310,2019.0,3.0,3
2018123022,,0,PA,PT857C2,2020.0,7.0,2
2018084966,,0,IN,P454660,9999.0,7.0,2
2018089973,,0,MD,237915X,2018.0,3.0,2
2018126841,,0,TN,U856737,2018.0,6.0,2
2018028739,,0,TN,F3955HY,2018.0,7.0,2
2018024615,,0,NJ,T379VG,2005.0,6.0,4
2018060750,,0,NJ,TNV75R,2019.0,7.0,1
2018041763,,0,NJ,TSR670,2018.0,3.0,1
2018113533,,0,,,,1.0,1
2018049682,,0,PA,PT9264S,2019.0,7.0,3
2018117693,,0,ME,23-9367B,2018.0,6.0,2
2018125875,,0,NJ,TRP51T,2019.0,7.0,1
2018125875,,0,ON,R1837A,2019.0,7.0,2
2018005907,,0,,,,1.0,2
2018086477,,0,NJ,TMD63Z,2019.0,7.0,2
2018051479,,0,PA,PT8334X,2005.0,6.0,2
2018097316,,0,KS,630889,2007.0,7.0,2
2018126714,,0,PA,XW25514,,6.0,1
2018111069,,0,IL,R7056C,2018.0,7.0,2
2018088415,,0,,,,3.0,2
2018078279,,0,PA,XHZ0454,2019.0,3.0,2
2018033432,,0,TN,T943507,2020.0,6.0,2
2018034585,,0,ME,214671A,2018.0,7.0,1
2018105888,,0,ME,277668C,2027.0,6.0,1
2018088089,,0,ME,214696D,2000.0,7.0,2
2018070544,,0,PA,XDL6716,2019.0,8.0,2
2018123429,,0,PA,PT979F2,2019.0,7.0,2
2018090049,,0,OH,TQU6075,2019.0,7.0,1
2018019856,,0,NJ,T278ZN,2099.0,7.0,2
2018034628,,0,ME,277896C,2027.0,6.0,2
2018069806,,0,PA,XKV 6202,2018.0,3.0,2
2018034939,,0,DE,T92424,2020.0,7.0,1
2018087532,,0,TX,077B943,2013.0,7.0,1
2019000024,,0,TN,U783831,2019.0,7.0,2
2018101018,,0,ME,275750B,2018.0,7.0,1
2018068895,,0,NJ,TJL-71U,2019.0,7.0,2
2018120179,,0,PA,XJY5352,2019.0,6.0,2
2018057123,,0,NC,AA971564,2018.0,7.0,1
2018047636,,0,IL,314573L6,2018.0,5.0,1
2018087441,,0,TN,T474768,2018.0,7.0,1
2018090471,,0,ZZ,99999999999,9999.0,7.0,2
2018029561,,0,ZZ,UNKNOWN,2099.0,7.0,2
2018050218,,0,TN,T980101,2018.0,6.0,2
2018093931,,0,TX,078B921,1118.0,7.0,1
2018095131,,0,MN,2734STU,2018.0,7.0,2
2018090064,,0,PA,PT3028Y,2020.0,7.0,3
2018129800,,0,PA,XZ40735,2018.0,4.0,2
2018054790,,0,QC,RF8361V,,7.0,1
2018132881,,0,NJ,27GB,2019.0,8.0,2
2018037253,,0,ZA,999999999999,9999.0,7.0,1
2018120699,,0,NC,AF95483,1996.0,7.0,1
2018077714,,0,KY,466700,1997.0,7.0,1
2018104448,,0,PA,XKZ7078,2014.0,3.0,2
2018084218,,0,IN,P480903,2019.0,7.0,1
2018044899,,0,PA,XJ21907,2021.0,3.0,2
2018033952,,0,ZZ,999999,2018.0,7.0,2
2018092084,,0,,,,8.0,2
2018113721,,0,PA,XJP2951,2019.0,6.0,2
2018130206,,0,ME,2156739,2019.0,7.0,1
2018037084,,0,TN,U144857,2018.0,7.0,3
2018059050,,0,ME,203164D,2029.0,7.0,1
2018131551,,0,PA,PT784C4,2014.0,3.0,1
2018086094,,0,CA,4NN2517,2018.0,7.0,1
2018051279,,0,NJ,999999999999,9999.0,7.0,2
2018011892,,0,IL,523077ST,2014.0,7.0,1
2018099668,,0,PA,PT006E2,9999.0,7.0,1
2019006268,,0,IN,P668320,2020.0,7.0,2
2018032463,,0,TX,2541100,2018.0,7.0,2
2018126575,,0,ZF,5FZ2819,2019.0,3.0,1
2018021694,,0,,,,8.0,1
2018003695,,0,PA,PT4077Z,2018.0,7.0,1
2018011442,,0,PA,PT159A5,,6.0,1
2018088087,,0,PA,XLE6104,2019.0,3.0,2
2018045859,,0,MA,2165137,,7.0,1
2018022055,,0,MI,D742172,2018.0,7.0,2
2018053136,,0,PA,XGJ5615,2018.0,3.0,2
2018030959,,0,,,,3.0,1
2018090905,,0,,,,8.0,3
2018026157,,0,PA,XLA4375,2018.0,3.0,2
2018102311,,0,IN,P430915,2018.0,6.0,2
2018045689,,0,,,,7.0,3
2018036967,,0,PA,PT2243T,2018.0,7.0,1
2018071875,,0,ME,277326B,2018.0,7.0,1
2018054103,,0,ZZ,999999999999,9999.0,7.0,2
2018062059,,0,IN,1898KP,2018.0,7.0,1
2018066050,,0,ME,2092827,2020.0,7.0,1
2018076490,,0,PA,UNKNOWN,2018.0,3.0,1
2018091097,,0,NJ,632FXD,2018.0,7.0,1
2018137253,,0,PA,XK58685,1979.0,3.0,2
2018105508,,0,PA,,,1.0,2
2018046044,,0,PA,PT6291B,2019.0,6.0,2
2018123721,,0,NJ,99999,2019.0,7.0,4
2018134964,,0,OR,HU66397,2019.0,7.0,1
2018030124,,0,,,,9.0,1
2018030124,,0,,,,9.0,2
2018086385,,0,PA,XGR8595,2019.0,6.0,2
2018032587,,0,,,,1.0,1
2018090256,,0,IN,P256363,2019.0,6.0,1
2018113818,,0,,,,8.0,2
2018040991,,0,ME,236427A,2018.0,7.0,2
2018004767,,0,PA,93980MG,,3.0,2
2018101656,,0,IL,488180ST,9999.0,7.0,1
2018011165,,0,ME,2553700,2025.0,7.0,2
2018093112,,0,,,,1.0,1
2018046972,,0,PA,PT995D6,2018.0,3.0,2
2018098349,,0,TN,U670880,2018.0,7.0,2
2018032465,,0,IL,TT528846,2018.0,7.0,2
2018032465,,0,NJ,TSV98E,2020.0,7.0,3
2018027744,,0,TN,U717146,2018.0,7.0,1
2018139477,,0,PA,,,1.0,1
2018139477,,0,PA,,,2.0,2
2018083914,,0,NC,AZ33540,2018.0,6.0,2
2018060642,,0,PA,XDZ0945,2018.0,7.0,1
2018080101,,0,ME,2351072,2018.0,7.0,1
2018132113,,0,PA,PT3575P,2099.0,7.0,1
2018126899,,0,PA,PT764E3,1985.0,6.0,2
2018000545,,0,PA,XHJ5111,2018.0,3.0,1
2018113761,,0,IN,P316547,2017.0,3.0,1
2018063423,,0,ME,216147B,2019.0,6.0,2
2018008653,,0,IN,2443191,2018.0,8.0,1
2018093677,,0,NJ,TPM14X,2001.0,7.0,1
2018075573,,0,PA,XGY9976,2019.0,3.0,2
2018050614,,0,PA,XKM4779,2019.0,3.0,2
2018044570,,0,,NONE,,3.0,2
2018056574,,0,PA,XBJ2213,2018.0,3.0,1
2018139674,,0,ME,2554079,2020.0,7.0,1
2018093373,,0,,,,3.0,2
2018119476,,0,PA,XT06007,2019.0,6.0,2
2018014469,,0,WI,655957,2018.0,7.0,1
2018079963,,0,PA,XLB0719,2018.0,3.0,1
2018048905,,0,TN,U068177,2018.0,7.0,2
2018043199,,0,PA,GKW2740,2019.0,1.0,2
2018122599,,0,PA,XLH2868,2018.0,3.0,2
2018136549,,0,ZZ,999999999999,9999.0,7.0,2
2018040855,,0,PA,PT127A5,2018.0,6.0,1
2018031476,,0,IN,P689763,2018.0,7.0,2
2018006361,,0,PA,PT961D9,2018.0,7.0,2
2018038829,,0,PA,PT1145Z,2018.0,7.0,2
2018045270,,0,IL,547622,2018.0,7.0,2
2018136520,,0,DE,T89860,2018.0,7.0,2
2018130419,,0,PA,XHR4414,2018.0,3.0,2
2018124160,,0,ME,231840E,2018.0,8.0,1
2018068886,,0,PA,,,1.0,1
2018075602,,0,PA,PT2562Z,2015.0,7.0,1
2018089027,,0,NJ,TNV28R,9999.0,6.0,1
2018093182,,0,IN,P820941,,7.0,1
2018002492,,0,IL,260389T,,6.0,2
2018116468,,0,,,,8.0,2
2018034993,,0,NJ,TJC40U,2011.0,6.0,2
2018057067,,0,IL,T515460,2018.0,7.0,2
2018064733,,0,,,,1.0,2
2018122860,,0,IL,337947ST,2018.0,7.0,2
2018080432,,0,IL,547302ST,2015.0,7.0,2
2018104097,,0,ZZ,999999999999,9999.0,7.0,1
2019002539,,0,ME,2065576,2019.0,7.0,1
2018045575,,0,,,,3.0,1
2018130432,,0,ZF,XXXXXXX,2018.0,8.0,2
2018139063,,0,PA,,,2.0,1
2018101019,,0,NJ,TPZ82Z,2020.0,7.0,2
2018077643,,0,MD,755918G,2018.0,7.0,1
2018079617,,0,ZZ,999999999999,9999.0,7.0,2
2018016301,,0,PA,PT917B8,1975.0,7.0,1
2018088785,,0,,UNKOWN,9999.0,6.0,1
2018051089,,0,TN,T551053,2018.0,7.0,2
2018080642,,0,WV,C26122,2019.0,7.0,2
2018114914,,0,,,,1.0,2
2018103842,,0,NS,PT67038,2019.0,7.0,1
2018097398,,0,OK,2090JF,2018.0,7.0,2
2018120433,,0,IN,SP868KHV,2019.0,7.0,1
2018054879,,0,NJ,TTT80D,2013.0,7.0,2
2018057424,,0,PA,XJS6663,2017.0,3.0,1
2018126361,,0,PA,P703937,2019.0,7.0,2
2018085675,,0,PA,KJT0626,2019.0,8.0,2
2018031124,,0,ME,24TLR47062,2024.0,7.0,2
2018036117,,0,PA,PT6609T,2019.0,7.0,2
2018060349,,0,IN,2268934,2018.0,7.0,1
2018036205,,0,PA,PT948D6,2018.0,6.0,1
2018009343,,0,IN,,,7.0,4
2018080674,,0,PA,PT3703X,2018.0,7.0,2
2018055583,,0,PA,XJL1735,2018.0,6.0,1
2018127185,,0,PA,XGV8357,2017.0,3.0,2
2018046836,,0,NJ,TTC65Y,2018.0,6.0,1
2018080223,,0,PA,PT1569H,2019.0,6.0,2
2018122729,,0,MD,050327X,2006.0,3.0,3
2018053346,,0,TN,U532459,2019.0,7.0,2
2018133432,,1,,,,2.0,2
2018139651,,0,IL,664732ST,2018.0,7.0,1
2018091623,,0,ME,2281570,2020.0,7.0,5
2018109296,,0,ZZ,999999999999,9999.0,7.0,2
2018037150,,0,ID,TJ679,2018.0,6.0,2
2018010834,,0,IN,P370834,2018.0,7.0,2
2018077220,,0,PA,,,1.0,1
2018044370,,0,IN,P592955,2018.0,7.0,1
2018080371,,0,,,,3.0,1
2018077032,,0,PA,XR55214,2022.0,8.0,1
2018093691,,0,KS,597892,2019.0,7.0,1
2018031196,,0,PA,PT9487Z,2018.0,7.0,2
2018112924,,0,PA,PT940E9,2003.0,7.0,4
2018136377,,0,PA,XR74288,2019.0,6.0,2
2018062984,,0,PA,PT203B3,2099.0,7.0,1
2018112068,,0,,,,7.0,2
2018133953,,0,NJ,TPT95G,2019.0,7.0,2
2018092518,,0,TN,0013287,2021.0,7.0,1
2018070768,,0,ME,2357496,2023.0,7.0,2
2018028292,,0,PA,PT3085Z,2018.0,7.0,1
2018118332,,0,,,,3.0,2
2018073294,,0,,,,8.0,1
2018099328,,0,PA,XJW8904,2000.0,6.0,3
2018008481,,0,PA,PT2286J,2018.0,7.0,1
2018026451,,0,,,,1.0,2
2018030370,,0,TN,U744515,2018.0,7.0,3
2018077300,,0,QC,M2054S,2018.0,6.0,1
2018133324,,0,IN,P568001,2019.0,7.0,1
2018070077,,0,TN,U828659,2019.0,7.0,1
2018130229,,0,ZZ,999999999999,9999.0,8.0,2
2018066443,,0,,,,1.0,1
2018023659,,0,OK,1438KM,2018.0,7.0,2
2018124161,,1,PA,XGV5985,2019.0,3.0,2
2018129529,,0,PA,XHC6804,,7.0,1
2018088598,,0,PA,PT405B7,2018.0,7.0,1
2018118427,,0,ME,23-7632A,2023.0,7.0,2
2018050034,,0,NJ,TTL29A,2021.0,7.0,1
2018065586,,0,PA,PT7471R,2019.0,7.0,2
2018072145,,0,NJ,TKM56X,2019.0,7.0,1
2018072512,,0,ZZ,999999999999,9999.0,7.0,1
2018135097,,0,NJ,TMD67Z,2021.0,6.0,2
2018077804,,0,NJ,TTE64Y,2019.0,7.0,2
2018002534,,0,IN,P251233,2018.0,7.0,1
2018061136,,0,PA,PT3336N,,7.0,1
2018048161,,0,TN,U690593,2018.0,7.0,1
2018092036,,0,PA,XJE4470,2019.0,3.0,2
2018023345,,0,NJ,TRZ46D,2010.0,7.0,1
2018009244,,0,IL,458290,2019.0,7.0,2
2018090253,,0,MX,224042E,2019.0,7.0,1
2018110468,,0,NJ,TMK54T,2018.0,6.0,2
2018009072,,0,PA,PT8993X,2018.0,7.0,1
2018009072,,0,OK,1848KM,2019.0,7.0,2
2018002768,,0,NJ,TNV34P,2019.0,7.0,2
2018102731,,0,TN,U929557,2018.0,7.0,2
2018104943,,0,PA,PT426C3,,7.0,2
2018072794,,0,PA,PT387C5,2008.0,7.0,2
2018062985,,0,TN,U744656,2018.0,6.0,3
2018081649,,0,PA,XS04688,2018.0,7.0,2
2018088463,,0,,,,1.0,1
2018093294,,0,IN,P469152,2019.0,7.0,2
2018107854,,0,ZZ,99999999999,9999.0,7.0,1
2018044455,,0,PA,XCJ7343,2019.0,3.0,2
2018005389,,0,,,,7.0,1
2018136664,,0,NJ,TRV74M,2019.0,7.0,2
2018107549,,0,PA,PT9168Y,2020.0,7.0,2
2018109058,,0,NJ,TTT38D,2019.0,7.0,2
2018063063,,0,ME,1982324,2019.0,7.0,1
2018061279,,0,PA,PT599A8,2020.0,6.0,1
2018072299,,0,QC,RA0335Z,2018.0,6.0,2
2018130280,,0,IL,537274ST,2015.0,7.0,3
2018054870,,0,TN,U337880,2018.0,7.0,2
2018125287,,0,PA,PT4805N,2019.0,3.0,1
2018098386,,0,ZZ,NONE,2019.0,7.0,1
2018094150,,0,ON,M5027B,2018.0,6.0,1
2018051011,,0,PA,PT8581J,2018.0,7.0,2
2018061314,,0,NJ,TTT14D,2021.0,7.0,1
2018096318,,0,IL,129227ST,2016.0,7.0,1
2018032625,,0,TN,U766647,2018.0,7.0,2
2018034018,,0,PA,PT2661V,2018.0,7.0,2
2018046694,,0,ZZ,999999999999,9999.0,7.0,2
2018072226,,0,KY,XD236935,2018.0,7.0,1
2018100436,,0,ME,2371427,9999.0,7.0,1
2018087989,,0,ME,2440919,2024.0,7.0,2
2018087315,,0,NJ,TGA90A,2019.0,3.0,2
2018047369,,0,ME,214711B,2018.0,7.0,1
2018098887,,0,PA,XY54817,2003.0,3.0,2
2018025595,,0,OK,3701BI,2018.0,7.0,1
2018025595,,0,NJ,TMM17R,2018.0,7.0,2
2018037082,,0,PA,XDW9011,2008.0,3.0,2
2018050579,,0,PA,PT4439H,2018.0,7.0,1
2018050579,,0,PA,PT7290Z,2019.0,7.0,2
2018067762,,0,NJ,TTL66D,2018.0,1.0,1
2018062759,,0,,,,1.0,3
2018098392,,0,PA,PT2762N,9999.0,7.0,2
2018132252,,0,ME,2823876,2028.0,7.0,1
2018082936,,0,NJ,TRN51D,2014.0,6.0,2
2018045543,,0,NJ,TJJ82T,2018.0,7.0,2
2018038673,,0,ZZ,TFT80P,2019.0,7.0,1
2018118211,,0,PA,PT68972,2019.0,7.0,1
2018114216,,0,PA,XJG7901,2018.0,8.0,1
2019002533,,0,NJ,TUK390,2020.0,6.0,2
2018054875,,0,ME,21TLR98488,2016.0,7.0,1
2018047261,,0,PA,PT851B7,2018.0,7.0,1
2018047472,,0,NJ,AE123,1997.0,7.0,2
2018028641,,0,MX,26TLR51090,2018.0,7.0,1
2018119884,,0,DE,T48826,2019.0,7.0,1
2018094379,,0,PA,PT0553S,2099.0,7.0,2
2018046192,,0,PA,XLB5681,2018.0,3.0,2
2018048791,,0,PA,PT1115V,2099.0,3.0,1
2018112969,,0,PA,PT967A2,2019.0,7.0,2
2018067642,,0,PA,PT667E7,2018.0,6.0,1
2018127462,,0,,,,9.0,1
2019001116,,0,PA,XKE7562,2019.0,3.0,2
2018048900,,0,OK,6055KF,2009.0,7.0,1
2018005126,,0,CA,HT02717,2018.0,6.0,1
2018108388,,0,PA,XKT3914,2023.0,3.0,1
2018020323,,0,MN,1776STJ,9999.0,7.0,1
2018083899,,0,IN,P529272,2018.0,7.0,1
2019000853,,0,PA,,,1.0,1
2019000853,,0,PA,,,1.0,2
2018053362,,0,MN,40TLR19712,2018.0,7.0,2
2019017139,,0,,,,1.0,2
2018133549,,0,ZZ,999999999999,9999.0,7.0,1
2019002114,,0,IN,P702241,2018.0,7.0,3
2018097519,,0,,,,2.0,1
2018014336,,0,ME,23-62552,2003.0,6.0,2
2018132789,,0,ME,24TLR65445,2019.0,7.0,2
2018110175,,0,PA,PT6660F,2003.0,7.0,3
2018129265,,0,ME,238615A,2019.0,7.0,1
2018063819,,0,PA,XHF3682,2018.0,3.0,1
2018041194,,0,IN,P263661,2018.0,7.0,2
2018082249,,0,KY,19734T,9999.0,7.0,2
2018129411,,0,NJ,TNC31J,2019.0,6.0,2
2018068208,,0,PA,XJM2703,2018.0,3.0,1
2018110829,,0,,,,8.0,2
2018064493,,0,PA,XW06521,1973.0,3.0,1
2018037328,,0,ZZ,999999999999,9999.0,7.0,2
2018139007,,0,TN,T488943,2021.0,7.0,1
2018016651,,0,OK,3188KH,2018.0,7.0,2
2018096532,,0,TN,U596235,2016.0,7.0,2
2018091930,,0,PA,XLF-5044,2008.0,3.0,1
2018040922,,0,NJ,TTK63F,2018.0,7.0,2
2018091835,,0,,,,3.0,2
2018031938,,0,PA,XV34352,2018.0,3.0,1
2018075429,,0,PA,,,1.0,2
2018077848,,0,MO,30A455,2014.0,7.0,2
2018081012,,0,ZZ,NONE,2019.0,8.0,2
2018061954,,0,PA,XFC4290,2022.0,3.0,1
2018112977,,0,NJ,TTT13U,2018.0,7.0,1
2018094421,,0,WI,741949,2018.0,7.0,2
2018123284,,0,PA,XT00802,2017.0,3.0,2
2018053260,,0,PA,XHW3825,2014.0,6.0,2
2018071884,,0,FL,5975CR,2018.0,7.0,2
2018102314,,0,OH,TQR9071,2019.0,3.0,1
2018132233,,0,ZZ,,,7.0,2
2018127592,,0,PA,TF693,2012.0,7.0,3
2018013583,,0,,,,1.0,3
2018112201,,0,ME,2195157,2018.0,7.0,2
2018100532,,0,NJ,TTK68X,2021.0,7.0,1
2018035037,,0,PA,XGV5050,2018.0,3.0,3
2018009853,,0,TN,U336735,2099.0,7.0,1
2018076223,,0,ZZ,999999999999,9999.0,7.0,2
2018034149,,0,RI,58975,2018.0,7.0,1
2018022053,,0,IN,P545882,2018.0,7.0,2
2018033716,,0,PA,,,8.0,2
2018089931,,0,PA,PT7386V,,7.0,2
2018104840,,0,VA,660865TL,2099.0,7.0,2
2018051358,,0,PA,XJV7955,2018.0,3.0,1
2018066486,,0,TN,U007936,2018.0,7.0,2
2018012880,,0,PA,XKT4988,2018.0,3.0,2
2018117626,,0,,XW88538,2019.0,3.0,1
2018097341,,0,NJ,TUW37N,2018.0,7.0,1
2018093592,,0,TN,U849799,2018.0,7.0,2
2018029866,,0,ZZ,999999999,9999.0,7.0,6
2018136380,,0,PA,XKP6770,2022.0,3.0,2
2019005924,,0,VA,523801TL,2018.0,6.0,1
2018113633,,0,PA,XLG9549,2020.0,3.0,3
2018109275,,0,ZZ,999999999,9999.0,7.0,2
2018030387,,0,PA,PT2163W,2018.0,7.0,1
2018128747,,0,IN,P827409,2010.0,7.0,3
2018126891,,0,CT,AJ73131,2018.0,7.0,1
2018115679,,0,PE,XKS8624,420.0,6.0,2
2018008701,,0,ME,2549816,2018.0,7.0,1
2018098385,,0,NJ,TJV66H,2019.0,7.0,3
2018096505,,0,NJ,TBB 45W,2006.0,7.0,3
2018028633,,0,CO,394XQG,2018.0,7.0,2
2018041067,,0,OH,TPL8089,2007.0,6.0,2
2018034418,,0,NJ,TNR32J,,6.0,2
2019006090,,0,ME,04769,2019.0,7.0,3
2018073003,,0,ZZ,999999999999,9999.0,7.0,2
2018120946,,0,PA,XBH8507,1985.0,3.0,1
2018083861,,0,PA,KGA8652,2018.0,1.0,1
2018060286,,0,MO,12F0FC,2018.0,7.0,2
2018114641,,0,ZZ,999999999999,9999.0,7.0,2
2018125698,,0,IN,P679897,9999.0,7.0,1
2018118200,,0,ME,1976486C,2018.0,7.0,1
2018056392,,0,ZZ,999999999999,9999.0,7.0,1
2018132506,,0,IN,P602487,2019.0,7.0,1
2018025692,,0,,,,7.0,2
2018108987,,0,NJ,TTX56X,1998.0,7.0,1
2018136812,,0,ME,232868C,2019.0,7.0,1
2018113700,,0,PA,XKE6352,2019.0,3.0,1
2018049305,,0,,,,7.0,2
2018098590,,0,,,,1.0,2
2018133046,,0,PA,XGK4566,1998.0,3.0,1
2018065097,,0,,,,6.0,2
2018025865,,0,PA,XFW2214,2008.0,3.0,1
2018130498,,0,,,,1.0,2
2018027792,,0,IN,2139464,2018.0,6.0,2
2018090310,,0,ME,2382970,,6.0,2
2018038714,,0,TN,U649723,2018.0,6.0,1
2018004411,,0,NJ,TCG79F,2018.0,6.0,2
2018030520,,0,PA,PT543C2,1997.0,7.0,1
2018137229,,0,PA,XY57183,2018.0,3.0,1
2018062180,,0,ZZ,AV6826K,2018.0,8.0,2
2018128572,,0,ZZ,999999999999,9999.0,7.0,1
2018019859,,0,ME,169456A,2020.0,6.0,1
2018068521,,0,,,,7.0,2
2018105341,,0,PA,XGV6753,2018.0,3.0,1
2019017635,,0,IN,TR448CEA,2020.0,3.0,1
2018087430,,0,ME,66082,2020.0,8.0,2
2018012623,,0,FL,6144CU,2017.0,7.0,1
2018125898,,0,OK,1049KT,2018.0,6.0,1
2018134402,,0,PA,XHS6842,2019.0,8.0,1
2018134402,,0,ME,2553011,2019.0,6.0,3
2018023822,,0,PA,,,8.0,3
2018006602,,0,OR,HS61427,2018.0,7.0,1
2018054085,,0,,,,3.0,2
2018036899,,0,OK,9594LT,2018.0,7.0,1
2018066062,,0,IA,DX3238,2018.0,7.0,1
2018072266,,0,NJ,XY294L,2018.0,8.0,1
2018085805,,0,DE,J66583,2018.0,7.0,2
2018057068,,0,NJ,TSG19L,2018.0,7.0,1
2018032519,,0,PA,XKB6489,2018.0,7.0,2
2018060249,,0,DE,T40074,,3.0,1
2018025430,,0,ZZ,999999999999,9999.0,7.0,1
2018056153,,0,PA,PT612E4,2004.0,7.0,2
2018013112,,0,OR,HV17450,2018.0,7.0,1
2018130228,,0,TN,T221617,2099.0,7.0,2
2018084720,,0,PA,PT648B1,2018.0,7.0,1
2018041777,,0,PA,PT4586T,2008.0,6.0,1
2018071667,,0,ZZ,999999999999,9999.0,7.0,2
2018133557,,0,PA,XHY9874,2019.0,3.0,2
2018049374,,0,PA,XP31715,2019.0,3.0,2
2018100169,,0,ZZ,999999999999,9999.0,7.0,1
2018068561,,0,PA,PT792A5,2019.0,6.0,2
2018057048,,0,IL,T470703,2018.0,7.0,2
2018090254,,0,PA,PT049F8,2019.0,7.0,1
2018052366,,0,NE,220030,2019.0,7.0,2
2018070940,,0,IN,J787473,2018.0,7.0,2
2018107765,,0,PA,XLC7518,2019.0,6.0,1
2019008280,,0,GA,WIJ739,2018.0,7.0,2
2018052199,,0,VA,AT2119H,2010.0,3.0,1
2018066636,,0,PA,PT5183W,2020.0,7.0,2
2018130968,,0,PA,XJW1720,2021.0,3.0,1
2018090621,,0,PA,GJH7450,2019.0,1.0,2
2018090621,,0,PA,DTM9135,2019.0,1.0,3
2018021840,,0,TN,U568085,2018.0,7.0,1
2018021840,,0,DE,T79968,2019.0,7.0,2
2018004750,,0,,,,1.0,1
2018075878,,0,PA,XS67486,2018.0,3.0,2
2018129890,,0,FL,1045CQ,2019.0,7.0,2
2018132458,,0,VT,A51025,2018.0,3.0,1
2018120703,,0,PA,XN26323,2023.0,3.0,2
2018015148,,0,ZZ,999999999999,9999.0,7.0,1
2018074985,,0,MX,2651328,2018.0,7.0,1
2019026544,,0,ZZ,9999999999,9999.0,7.0,1
2018106015,,0,PA,XFH9367,2019.0,3.0,2
2018038968,,0,PA,PT542A4,2015.0,6.0,1
2018038968,,0,PA,PT7903Z,2018.0,6.0,2
2018038968,,0,PA,NOT REQUIRED,2018.0,8.0,3
2018112971,,0,PA,PT4890L,2018.0,7.0,1
2018112971,,0,PA,XJH5659,2018.0,7.0,2
2018013096,,0,ZZ,UNKNOWN,2099.0,9.0,1
2018069542,,0,PA,XKS3454,2022.0,3.0,1
2018090853,,0,OK,3396LV,2018.0,7.0,1
2018045252,,0,,,,8.0,1
2018025018,,0,TN,U35567,2018.0,7.0,2
2018067568,,0,PA,PT759A9,2002.0,7.0,3
2018024915,,0,PA,PT4559T,2018.0,7.0,2
2018051078,,0,ZZ,999999999999,9999.0,7.0,3
2018061384,,0,ME,2828197,2016.0,7.0,2
2018077839,,0,ME,2055130,2019.0,7.0,2
2018070101,,0,ID,TG9530,2018.0,7.0,2
2018135561,,0,PA,PT6259E,2019.0,7.0,1
2018053894,,0,PA,PT012C9,2018.0,6.0,2
2018053421,,0,NJ,TUE64P,2019.0,7.0,1
2018094965,,0,OK,6618GU,9999.0,7.0,1
2019020963,,0,,,,7.0,2
2018080538,,0,PA,,,8.0,1
2018109069,,0,PA,,,1.0,1
2018086952,,0,WI,589634,2018.0,7.0,1
2018073044,,0,OK,8500LK,9999.0,7.0,1
2018102212,,0,PA,XJX0336,2022.0,3.0,2
2018047064,,0,NJ,TSM36V,2018.0,6.0,2
2018107298,,0,OK,1385KP,2017.0,7.0,2
2018033297,,0,NJ,TCC75Y,2018.0,7.0,2
2019003774,,0,TX,144C729,2018.0,7.0,1
2018057985,,0,,XP58335,1992.0,3.0,1
2018104035,,0,PA,PT5024T,2018.0,6.0,1
2018007521,,0,ME,2339097,2018.0,6.0,2
2018088368,,0,PA,HGW7154,2020.0,1.0,2
2018089684,,0,PA,XLB3459,2019.0,8.0,1
2018058044,,0,PA,PT129A2,2018.0,7.0,2
2018010391,,0,IN,U485915,2018.0,7.0,2
2018052577,,0,PA,XJV2955,2020.0,6.0,1
2018095549,,0,PA,XKZ2603,2018.0,3.0,2
2018130222,,0,IN,P590875,2018.0,7.0,1
2019004102,,0,ME,2028282,2019.0,6.0,1
2018034826,,0,PA,PT774A1,2018.0,7.0,2
2018117057,,0,PA,PT-9267A,2019.0,7.0,1
2018088765,,0,TN,U556138,,7.0,1
2018133419,,0,PA,XLE7930,2019.0,3.0,3
2018074586,,0,PA,UNKNOWN,2018.0,3.0,2
2018060530,,0,NJ,TMP540,2018.0,7.0,1
2018096138,,0,PA,PT424E9,2018.0,3.0,1
2018074204,,0,TN,T862853,2018.0,7.0,1
2018092185,,0,OH,G808338,2020.0,7.0,2
2018056567,,0,KS,U6938,2019.0,3.0,1
2018084965,,0,PA,PT1229R,2019.0,7.0,1
2018055035,,0,NJ,TSJ72E,2021.0,7.0,1
2018062831,,0,IL,619453ST,2018.0,7.0,1
2018062831,,0,PA,PT4405L,2018.0,6.0,2
2018116151,,0,PA,XCK9241,2001.0,3.0,2
2019084554,,0,ZZ,999999999999,9999.0,7.0,2
2018060539,,0,ZZ,999999999999,9999.0,7.0,2
2018079488,,0,NJ,TKM57X,2018.0,6.0,2
2018033856,,0,VA,522087TL,2020.0,7.0,2
2018121516,,0,ZZ,999999999999,9999.0,7.0,2
2018011945,,0,NJ,TTT56D,2021.0,7.0,2
2018108439,,0,PA,XHK7788,2018.0,3.0,1
2018113901,,0,ME,2526040,2025.0,7.0,1
2018015274,,0,IA,TF4044,,7.0,2
2018064667,,0,NJ,TFW37D,2019.0,3.0,1
2018127237,,0,PA,XHF5805,2019.0,3.0,2
2018054230,,0,ZZ,999999999999,9999.0,7.0,2
2018028822,,0,ZZ,999999999999,9999.0,7.0,1
2019008278,,0,ME,278885C,2018.0,7.0,1
2018007367,,0,IN,P334065,2017.0,7.0,2
2018048676,,0,ME,2441955,2018.0,7.0,2
2018061877,,0,ID,TF645,2018.0,7.0,1
2018087845,,0,,,,8.0,2
2018107568,,0,PA,XLL4987,2023.0,3.0,1
2018030807,,0,ME,272853,2027.0,7.0,1
2018130240,,0,IL,618986ST,2018.0,7.0,2
2019017167,,0,,,,2.0,1
2018076769,,0,ME,2043532,,7.0,1
2018032905,,0,,,,1.0,1
2018112588,,0,PA,PT7052W,2018.0,6.0,2
2018103771,,0,PA,KSN3178,2016.0,6.0,2
2018088398,,0,DE,T0084567,2010.0,3.0,4
2019079677,,0,NJ,TSR680,9999.0,3.0,1
2018007424,,0,IN,P280011,2018.0,7.0,2
2019004594,,0,PA,XGW7142,2019.0,8.0,2
2018092655,,0,ME,2358902,2023.0,6.0,1
2018125091,,0,IL,614869ST,2018.0,6.0,1
2018114474,,0,PA,PT3099S,2020.0,6.0,2
2018034017,,0,OH,ZC20963,2018.0,7.0,3
2018132461,,0,,,,7.0,1
2018062079,,0,NJ,TUL13N,2018.0,7.0,2
2018138186,,0,ZZ,999999999999,9999.0,7.0,1
2019006857,,0,IL,499537ST,2018.0,6.0,2
2018048887,,0,ME,2396330,2018.0,7.0,1
2018089517,,0,PA,XJB1216,2019.0,6.0,2
2018059297,,0,PA,PT344E4,2005.0,6.0,1
2018052703,,0,,,,6.0,2
2018034725,,0,PA,PT125A4,9999.0,7.0,2
2018120168,,0,ON,P1192R,2020.0,7.0,1
2018130403,,0,,,,1.0,1
2018028355,,0,,,,6.0,2
2018064088,,0,MD,833446G,2025.0,7.0,1
2018108616,,0,PA,PT2899J,2019.0,6.0,2
2018096508,,0,ME,2346574,2014.0,7.0,1
2018047049,,0,PA,XJP7447,2018.0,3.0,2
2018008254,,0,PA,XKS0313,2022.0,3.0,3
2018101425,,0,ME,2162798,2019.0,7.0,1
2018009716,,0,,,,2.0,2
2018132486,,0,TN,A-00110475,2018.0,7.0,2
2018063939,,0,ZZ,999999999999,9999.0,7.0,1
2018063939,,0,ZZ,999999999999,9999.0,7.0,2
2019006094,,0,MS,100054A,2019.0,7.0,1
2018121565,,0,NC,U849102,1994.0,7.0,1
2018077710,,0,PA,XJS0998,2021.0,3.0,1
2018052367,,0,TN,T540840,2020.0,7.0,1
2018068604,,0,MD,40976TL,2018.0,3.0,2
2018053468,,0,PA,XDK7706,2019.0,3.0,2
2018115564,,0,IN,P533699,2019.0,6.0,2
2018082275,,0,ME,39TLR39632,2020.0,7.0,2
2018023895,,0,NE,179229,2013.0,7.0,2
2018128430,,0,IL,648710ST,2019.0,7.0,1
2018011435,,0,,,,6.0,3
2018044150,,0,PA,PT5240N,2005.0,7.0,2
2018023404,,0,TN,U376012,2018.0,7.0,3
2018020166,,0,PA,XKA1376,2018.0,6.0,2
2018045636,,0,PA,PT9693S,2013.0,7.0,1
2018063863,,0,PA,XKP7496,2011.0,6.0,2
2018126644,,0,ME,2335375,2023.0,7.0,1
2018114624,,0,ME,2170772,1997.0,7.0,2
2018004401,,0,TN,T965349,2017.0,7.0,1
2018068462,,0,OK,7441HA,2025.0,7.0,1
2018073223,,0,VA,825625TL,2018.0,3.0,1
2018065534,,0,IL,629471ST,2018.0,7.0,2
2018138472,,0,NY,BD73148,2020.0,7.0,2
2018064650,,0,OK,AH1413,2018.0,7.0,1
2018057245,,0,IL,280326ST,,7.0,2
2018031497,,0,ME,B711262,2018.0,7.0,1
2018057498,,0,NC,AC82243,2018.0,7.0,1
2018078048,,0,PA,AH0176,2016.0,6.0,1
2018050964,,0,,,,6.0,2
2018030043,,0,ZZ,999999999,9999.0,7.0,1
2018091201,,0,PA,XZ40071,2019.0,3.0,2
2018049865,,0,TN,U809569,2018.0,7.0,1
2018137988,,0,WI,656771,2018.0,7.0,2
2018137988,,0,TN,U704197,2018.0,7.0,3
2018054047,,0,ZZ,999999999999,9999.0,7.0,1
2018083635,,0,PA,PT5173V,2018.0,7.0,2
2018074908,,0,PA,MG9992J,2020.0,7.0,1
2018110838,,0,ZZ,999999999999,9999.0,7.0,2
2018095820,,0,,,,8.0,2
2018138648,,0,IL,T872721,2019.0,7.0,2
2018048813,,0,PA,PT7666Z,2005.0,6.0,2
2018065275,,0,ME,212522D,2099.0,7.0,2
2018065275,,0,MD,174178X,2018.0,3.0,1
2018095296,,0,PA,PT104B3,2019.0,7.0,1
2018050287,,0,FL,9083CM,2018.0,6.0,1
2018067450,,0,,,,9.0,2
2018046526,,0,NB,TPR829,2018.0,7.0,1
2018091532,,0,PA,XLL2345,2019.0,3.0,2
2018037189,,0,ME,202962B,9999.0,7.0,2
2018065585,,0,QC,F,2018.0,7.0,2
2018124098,,1,PA,XJN9606,2010.0,3.0,2
2018004008,,0,MS,093672A,2018.0,7.0,2
2019008286,,0,PA,PT5227L,2019.0,7.0,2
2018053895,,0,PA,XJC6999,2017.0,3.0,1
2018055819,,0,NJ,TMW75W,2014.0,7.0,2
2018002717,,0,PA,PT7535D,2020.0,7.0,2
2018006503,,0,TX,009D768,2008.0,7.0,1
2018090744,,0,MA,342669Z,2018.0,7.0,1
2018062054,,0,IA,BB7933,2018.0,3.0,2
2018010461,,0,ZZ,,,7.0,1
2018136305,,0,ZZ,999999999999,2019.0,7.0,1
2018017116,,0,ME,24496366,2024.0,6.0,1
2018063907,,0,ZZ,99999999999,9999.0,7.0,1
2018030278,,0,DE,,,1.0,1
2018106262,,0,IN,P516294,,7.0,2
2018026481,,0,PA,XHF3291,2019.0,3.0,2
2018048039,,0,PA,PT609C6,2017.0,7.0,1
2018059892,,0,PA,XFK3795,2021.0,7.0,2
2018062683,,0,PA,XHL0434,719.0,3.0,1
2018065216,,0,IL,650379ST,2018.0,7.0,2
2018133375,,0,PA,PP993A2,2018.0,7.0,2
2018136599,,0,PA,PT492D3,2019.0,6.0,2
2018042408,,0,ME,23-8500A,2013.0,7.0,2
2018126736,,0,DE,T77290,2020.0,3.0,2
2018120863,,0,PA,PT5480K,9999.0,7.0,2
2018114582,,0,PA,,2018.0,8.0,2
2018061984,,0,PA,XFA6244,2018.0,3.0,1
2018134026,,0,ME,22TLR66451,2019.0,6.0,2
2018075000,,0,OK,843-4FN,2018.0,7.0,2
2018064750,,0,PA,XJY0644,2019.0,6.0,1
2018065206,,0,ME,2390214,2018.0,7.0,2
2018025061,,0,GA,LE38441,2018.0,6.0,1
2018031036,,0,ZZ,99999999999,9999.0,7.0,1
2018066049,,0,ZZ,999999999999,9999.0,7.0,1
2018084239,,0,PA,XGR6354,2019.0,7.0,1
2019023851,,0,PA,PT4343V,2019.0,6.0,1
2019023851,,0,TN,U100634,2013.0,6.0,4
2018131149,,0,OR,HV20639,2018.0,7.0,1
2018030282,,0,,,,8.0,3
2018067635,,0,PA,,,,1
2018079983,,0,IN,P227590,2018.0,6.0,1
2018122840,,0,NJ,TLF35L,2019.0,3.0,2
2018125560,,0,PA,XKW-0655,2018.0,3.0,2
2018098209,,0,ZZ,UNKNOWN,2099.0,3.0,2
2018019092,,0,NJ,T98T4F,2018.0,7.0,1
2018045026,,0,PA,XR26056,1988.0,6.0,2
2018059518,,0,ME,2834549,2018.0,7.0,2
2018076300,,0,NJ,TPX94P,2019.0,7.0,2
2018120441,,0,PA,NONE,2020.0,8.0,6
2018138675,,0,ME,28TRL21037,2019.0,7.0,2
2018066114,,0,PA,XFF9622,2013.0,6.0,1
2018064682,,0,IL,655047ST,2018.0,7.0,2
2018063545,,0,PA,XKP7449,2018.0,3.0,1
2018097204,,0,ZZ,999999999999,9999.0,7.0,1
2018129928,,0,,,,1.0,2
2018129928,,0,,,,1.0,1
2018077850,,0,IN,P480991,2020.0,7.0,2
2018127364,,0,KY,54090T,2019.0,6.0,1
2018045660,,0,IL,T472082,,7.0,2
2018102108,,0,ME,204549A,2020.0,7.0,1
2018034811,,0,GA,TS50Z35,2019.0,7.0,1
2018132147,,0,TX,107B880,2019.0,3.0,1
2018134908,,0,,,,1.0,2
2018101678,,0,PA,KVM9244,2018.0,1.0,3
2018101678,,0,PA,KPL1994,2018.0,1.0,2
2018068450,,0,PA,PT844C2,2018.0,7.0,1
2019008412,,0,,,,7.0,1
2018138467,,0,PA,PT002B1,2020.0,7.0,3
2018139520,,0,NJ,TSH63L,2020.0,7.0,2
2018139188,,0,TN,U913577,2019.0,7.0,2
2018134408,,0,ZZ,UNKNOWN,1999.0,7.0,4
2018126278,,0,PA,PT968C3,,7.0,2
2018006512,,0,NE,2433261,2018.0,7.0,1
2018100924,,0,,,,3.0,1
2018139743,,0,PA,MG4960H,,6.0,2
2018016860,,0,ZZ,UNKNOWN,2018.0,9.0,1
2018135470,,0,PA,XKL8306,2022.0,6.0,1
2018122879,,0,PA,PT123E9,2020.0,7.0,2
2018071968,,0,DE,CT6396,2018.0,8.0,1
2018065657,,0,ZZ,999999999999,9999.0,7.0,2
2018033533,,0,ME,2417668,2024.0,7.0,1
2018060955,,0,ME,24TLR51095,1999.0,6.0,1
2018025349,,0,PA,PT8877P,2018.0,7.0,1
2018027090,,0,IN,P383971,2017.0,6.0,1
2019076813,,0,ZZ,999999999999,9999.0,7.0,2
2018066052,,0,PA,PT347C3,2018.0,7.0,1
2018051572,,0,PA,PT1010L,2018.0,7.0,2
2018062818,,0,ME,22-7336B,2017.0,7.0,1
2018125871,,0,PA,PT1512V,2019.0,7.0,1
2018066482,,0,OK,BA4861,2014.0,7.0,1
2018072194,,0,PA,XHY8739,2020.0,6.0,1
2018027809,,0,IL,T305209,2019.0,7.0,2
2018016657,,0,ME,2832363,2018.0,7.0,1
2019076811,,0,ZZ,999999999999,9999.0,7.0,2
2018052304,,0,DE,T0108008,2018.0,7.0,1
2018100070,,0,PA,XHF305,2019.0,3.0,2
2019000848,,0,CA,4PU7048,2019.0,7.0,1
2019001067,,0,,,,7.0,3
2019001229,,0,PA,PT9261Y,2013.0,3.0,2
2019001350,,0,PA,,,1.0,2
2019002286,,0,PA,XHA7038,2019.0,7.0,1
2019002755,,0,ZZ,9999999999,9999.0,7.0,1
2019002773,,0,ME,227952D,2019.0,7.0,1
2019002992,,0,NJ,TET71A,2018.0,6.0,1
2019003009,,0,IN,P849377,2019.0,7.0,2
2019003219,,0,PA,PT6301M,2019.0,7.0,2
2019003598,,0,ME,2060378,2015.0,7.0,1
2019003962,,0,ON,2933LQ,2019.0,7.0,1
2019004373,,0,ZZ,999999999999,9999.0,7.0,2
2019004981,,0,IL,458286ST,2012.0,6.0,2
2019004982,,0,PA,XBA1763,2019.0,3.0,2
2019005101,,0,PA,PT924F4,2019.0,7.0,1
2019006003,,0,ZZ,9999999999,9999.0,7.0,2
2019006318,,0,ME,2284490,2018.0,7.0,1
2019006330,,0,NY,BP60059,2019.0,3.0,1
2019006330,,0,NE,221482,2019.0,7.0,2
2019006451,,0,PA,PT2517S,2006.0,7.0,1
2019006459,,0,PA,KGY4125,2019.0,1.0,2
2019007109,,0,PA,XJP9117,2020.0,3.0,2
2019007239,,0,PA,XFZ1816,2019.0,3.0,1
2019007543,,0,TN,U280872,2019.0,7.0,2
2019007805,,0,PA,PT5696G,2019.0,7.0,1
2019007918,,0,ME,218280A,2019.0,7.0,1
2019007918,,0,ME,227430B,2019.0,7.0,2
2019007959,,0,TN,U710943,2020.0,7.0,1
2019008130,,1,PA,XHN3429,2019.0,3.0,2
2019008152,,0,ME,279994C,2019.0,6.0,2
2019008796,,0,PA,XLB1268,2019.0,7.0,1
2019008988,,0,NJ,TSG90Y,2020.0,6.0,1
2019008992,,0,IL,662379ST,2003.0,7.0,2
2019009087,,0,PA,XJN3534,2003.0,3.0,1
2019009270,,0,IL,,2019.0,6.0,1
2019009679,,0,VA,29960TL,2019.0,7.0,2
2019009818,,0,WI,689417,2019.0,7.0,3
2019009819,,0,IN,951353,2019.0,2.0,2
2019009865,,0,,,,1.0,2
2019009869,,0,TN,T872731,,7.0,1
2019010154,,0,KY,70178T,2019.0,7.0,1
2019010333,,0,IN,P635989,2019.0,7.0,2
2019010347,,0,PA,PT598G8,2019.0,7.0,2
2019010535,,0,ME,427098Y,2019.0,7.0,1
2019010731,,0,ME,201551A,2020.0,7.0,2
2019011103,,0,PA,PT390C6,2016.0,7.0,2
2019011219,,0,PA,XFZ3811,2011.0,3.0,2
2019011306,,0,NJ,TNZ18S,2019.0,7.0,2
2019011665,,0,PA,XM15442,1990.0,6.0,2
2019011807,,0,PA,,,6.0,2
2019012376,,0,OR,HV17337,2017.0,7.0,2
2019012456,,0,ZZ,999999999999,9999.0,7.0,1
2019012456,,0,NJ,TSV12F,2019.0,7.0,2
2019012480,,0,PA,JLA9780,,1.0,1
2019012646,,0,PA,PT2647X,2014.0,7.0,2
2019012776,,0,,,,1.0,1
2019012917,,0,NC,27198PT,2099.0,7.0,2
2019013258,,0,NJ,TPM11L,2016.0,7.0,3
2019013479,,0,PA,669-6409,2019.0,8.0,2
2019013503,,0,ME,278549C,,6.0,1
2019013776,,0,NY,BR75774,2019.0,7.0,3
2019013939,,0,ON,L8781F,2027.0,7.0,1
2019014326,,0,TN,U488304,2019.0,7.0,1
2019014757,,0,NJ,TTZ24A,2021.0,7.0,2
2019014767,,0,IL,657034ST,2018.0,7.0,1
2019014904,,0,OK,1375LN,2014.0,7.0,2
2019015191,,0,PA,XGL2680,2019.0,7.0,1
2019015377,,0,NJ,TPI86F,2019.0,6.0,2
2019015627,,0,KS,U7791,2019.0,3.0,2
2019015635,,0,IN,P339178,2018.0,7.0,2
2019015754,,0,TN,U795422,2019.0,7.0,2
2019015925,,0,PA,PT175C9,2019.0,7.0,2
2019016285,,0,WI,738189,2019.0,7.0,2
2019016869,,0,,,,7.0,2
2019017542,,0,TN,U634236,2016.0,7.0,2
2019017653,,0,TN,U794300,2020.0,7.0,2
2019017747,,0,PA,PT543C5,1999.0,7.0,1
2019017767,,0,,,,1.0,2
2019018200,,0,ZZ,UNK,2019.0,7.0,1
2019018208,,0,TN,T736805,2019.0,6.0,3
2019018388,,0,IN,P619909,2019.0,7.0,2
2019018436,,0,PA,XLD2970,2019.0,3.0,3
2019018512,,0,,,,8.0,1
2019018568,,0,TN,U682205,2017.0,7.0,1
2019018568,,0,ZZ,999999999999,9999.0,6.0,2
2019018969,,0,FL,TVA17F,2022.0,7.0,1
2019018970,,0,IL,611458ST,2018.0,6.0,1
2019019792,,0,OK,7759JN,2019.0,7.0,2
2019019869,,0,,,,1.0,2
2019020280,,0,FL,8868CV,2020.0,7.0,2
2019020370,,0,PA,XLK2316,2019.0,8.0,2
2019020642,,0,ME,21-3247,,7.0,2
2019020772,,0,PA,PT319A3,2019.0,7.0,2
2019021020,,0,ME,2148306,2019.0,7.0,3
2019021079,,0,NJ,TSR81D,2020.0,7.0,2
2019021312,,0,PA,PT829D9,2019.0,7.0,1
2019021434,,0,ME,222340E,2021.0,6.0,2
2019021554,,0,CA,4RG5056,2019.0,7.0,1
2019021560,,0,ZZ,9999999999,9999.0,7.0,2
2019021652,,0,PA,XDW0364,2019.0,7.0,2
2019021652,,0,IL,672699ST,2019.0,7.0,3
2019021676,,0,FL,O796CQ,2020.0,7.0,3
2019021753,,0,PA,XHZ9019,2020.0,3.0,2
2019021978,,0,NJ,AU969K,2019.0,7.0,2
2019022277,,0,IL,P776469,2019.0,7.0,2
2019022328,,0,PA,XLH7219,2020.0,3.0,1
2019022340,,0,PA,PT2684K,2019.0,7.0,2
2019022349,,0,AR,PT175598,2019.0,7.0,2
2019022354,,0,CA,4LK3591,2019.0,7.0,2
2019022728,,0,PA,PT8408Z,2019.0,7.0,2
2019022824,,0,,,,3.0,3
2019022860,,0,,243633Z,,6.0,1
2019023186,,0,NJ,TRN54G,2019.0,7.0,2
2019023195,,0,PA,PT116D0,2019.0,7.0,1
2019023210,,0,ME,2649765,2026.0,6.0,1
2019023860,,0,OR,HV43616,2019.0,6.0,2
2019024044,,0,NC,AF49091,2004.0,7.0,2
2019024074,,0,NJ,TNX71X,2019.0,7.0,3
2019024337,,0,KY,54101T,2020.0,7.0,1
2019024360,,0,WI,740418,2018.0,7.0,3
2019024380,,0,PA,XZ96808,,6.0,3
2019024575,,0,ME,3615321,2019.0,6.0,1
2019024585,,0,ZZ,999999999999,9999.0,7.0,1
2019024761,,0,ZZ,999999999999,9999.0,7.0,2
2019025456,,0,PA,PT954A8,2019.0,7.0,1
2019025922,,0,IL,551327ST,2012.0,7.0,1
2019025983,,0,PA,PT4435X,2020.0,7.0,3
2019026175,,0,PA,PT8918V,2019.0,7.0,1
2019026244,,0,PA,AG21738,2019.0,7.0,3
2019026420,,0,ME,2057224,2020.0,7.0,1
2019026420,,0,PA,PT9885W,2020.0,7.0,2
2019026669,,0,CA,4R25640,2011.0,7.0,2
2019026917,,0,TN,U444134,2099.0,6.0,1
2019026935,,0,,,,3.0,2
2019026947,,1,PA,PT142E0,1999.0,7.0,2
2019027105,,0,NJ,TVJ59W,2019.0,7.0,2
2019027127,,0,ME,233938,2019.0,7.0,2
2019027156,,0,IN,P351436,2019.0,7.0,2
2019027210,,0,IN,P392648,2019.0,7.0,2
2019027340,,0,PA,PT3126Y,2019.0,3.0,1
2019027416,,0,IA,TE5657,2019.0,7.0,2
2019027629,,0,NY,BP14718,2017.0,3.0,2
2019028089,,0,VA,763162TL,2019.0,7.0,2
2019028094,,0,NY,1103C0,2019.0,7.0,1
2019028094,,0,PA,PT549A2,2019.0,7.0,2
2019028173,,0,TX,124B838,2019.0,7.0,1
2019028358,,0,OK,3809KP,2020.0,7.0,1
2019028361,,0,IN,TR966ZFW,2009.0,6.0,1
2019028495,,0,NJ,TTE18K,2004.0,7.0,1
2019028499,,0,ZZ,9999999999,9999.0,7.0,1
2019028502,,0,PA,PT0476Z,2019.0,7.0,2
2019028741,,0,ME,28-22555,2019.0,7.0,2
2019028912,,0,PA,XGP0222,2020.0,3.0,2
2019029039,,0,VA,6460AG,2020.0,7.0,2
2019029116,,0,PA,PT119E6,2019.0,7.0,1
2019029295,,0,IL,573198ST,2019.0,1.0,2
2019029299,,0,IN,P306267,2020.0,7.0,1
2019029303,,0,IL,672072,2019.0,7.0,2
2019029393,,0,,,,9.0,1
2019029414,,0,,,,9.0,1
2019029676,,0,ME,2185920,2021.0,7.0,1
2019029823,,0,ZZ,999999999999,9999.0,7.0,2
2019030010,,0,ME,383793Z,2038.0,7.0,1
2019030247,,0,OK,2670LN,2019.0,7.0,1
2019030621,,0,MD,3565736,2019.0,7.0,1
2019030661,,0,PA,PT2162T,2022.0,6.0,1
2019030661,,0,TN,U734438,2021.0,6.0,2
2019030661,,0,IN,P538890,2021.0,6.0,3
2019030693,,0,AL,5TR12519,2019.0,7.0,1
2019030728,,0,NE,265796,2019.0,7.0,1
2019030931,,0,ZZ,999999999999,9999.0,7.0,2
2019030968,9999999999.0,1,FL,5726CQ,2020.0,6.0,3
2019031004,,0,ZZ,UNKNOWN,2020.0,7.0,1
2019031411,,0,PA,KTP0384,2019.0,1.0,2
2019031446,,0,PA,,,1.0,1
2019031636,,0,MN,U559555,2019.0,7.0,1
2019031675,,0,OK,6264GT,2019.0,6.0,3
2019031835,,0,PA,PT829F3,2019.0,7.0,1
2019031852,,0,IN,P739280,2019.0,7.0,2
2019031908,,0,PA,XCY9356,2019.0,3.0,1
2019031930,,0,OK,5793GL,2019.0,6.0,1
2019031980,,1,ZZ,999999999999,2019.0,3.0,1
2019032098,,0,ME,2495068,9999.0,3.0,2
2019032433,,0,ZZ,999999999999,9999.0,7.0,1
2019032625,,0,,,,3.0,1
2019032740,,0,PA,XBM2547,2019.0,6.0,2
2019032911,,0,WI,486392,2019.0,7.0,1
2019032917,,0,NJ,TPT10M,2020.0,7.0,1
2019033132,,0,NY,BR67860,2000.0,7.0,3
2019033633,,0,NJ,T85G6B,1999.0,7.0,1
2019033674,,0,PA,XKB5631,2021.0,6.0,2
2019033738,,0,TN,U583385,2019.0,7.0,1
2019033857,,0,OK,BA8484,2018.0,7.0,2
2019033886,,0,ZZ,999999,2020.0,7.0,2
2019034438,,0,NJ,TTT54D,2021.0,7.0,1
2019034463,,0,DE,26TLR33829,2020.0,7.0,1
2019034671,,0,GA,TR39U18,2020.0,7.0,1
2019034697,,0,NJ,TPX379,2023.0,7.0,4
2019034787,,0,,,,1.0,2
2019034881,,0,PA,PT529E7,,7.0,2
2019035092,,0,NJ,TSZ66P,2021.0,7.0,2
2019035118,,0,PA,XLJ2195,2020.0,3.0,2
2019035291,,0,IL,641717ST,2016.0,7.0,1
2019035570,,0,IN,P770024,2020.0,7.0,2
2019035901,,1,,,,1.0,2
2019036048,,0,IN,279345,2019.0,7.0,1
2019036183,,0,PA,ZGR2031,2019.0,2.0,1
2019036272,,0,NJ,TTZ78U,2019.0,8.0,1
2019036272,,0,ME,2367953,2019.0,8.0,2
2019036273,,0,MX,B747118,2019.0,7.0,2
2019036289,,0,ZZ,999999999999,9999.0,7.0,1
2019036430,,0,,,,8.0,2
2019036459,,0,,,,7.0,1
2019036522,,0,PA,XHW5561,2020.0,7.0,2
2019036539,,0,ME,273724B,2019.0,7.0,2
2019036543,,0,PA,PT9629K,2019.0,7.0,1
2019036543,,0,NJ,TVN57B,2019.0,7.0,2
2019036563,,0,OK,7040FR,9999.0,7.0,2
2019036591,,0,ZZ,999999999999,9999.0,7.0,2
2019036735,,0,PA,XKY1036,1999.0,6.0,2
2019037133,,0,OR,HV10033,9999.0,7.0,2
2019037345,,0,PA,PT9343V,2019.0,7.0,1
2019037438,,0,PA,XN39919,2019.0,8.0,2
2019037564,,0,PA,XLR4841,2019.0,3.0,1
2019037603,,0,NJ,TSZ82B,2020.0,7.0,2
2019037655,,0,MO,8953PH,2019.0,7.0,1
2019037944,,0,PA,XLC5929,2019.0,7.0,1
2019038079,,0,ME,27TLR5362C,2019.0,7.0,2
2019038083,,0,ME,2835876,2019.0,6.0,1
2019038099,,0,IN,P590558,2019.0,7.0,3
2019038239,,0,ZZ,999999999999,9999.0,7.0,2
2019038296,,0,ME,3311784,2019.0,7.0,1
2019038507,,0,,,,3.0,2
2019038520,,0,TX,143C068,9999.0,7.0,1
2019038529,,0,ME,2268701,2022.0,7.0,1
2019038595,,0,PA,PT333E0,2020.0,7.0,2
2019038648,,0,ZZ,999999999999,9999.0,7.0,3
2019038699,,0,IN,P395910,2019.0,7.0,1
2019039019,,0,PA,XGF0293,2019.0,7.0,3
2019039130,,0,NJ,TUV52J,2020.0,8.0,1
2019039398,,0,WV,C333149,2020.0,7.0,2
2019039771,,0,IL,644956ST,2019.0,7.0,1
2019039808,,0,PA,XM84890,2020.0,3.0,2
2019039949,,0,PA,XJR6104,2020.0,6.0,1
2019040293,,0,PA,XKE6532,,7.0,1
2019040437,,0,NJ,TTC62E,2019.0,7.0,4
2019040444,,0,PA,PA92173,2004.0,3.0,3
2019040529,,0,ZZ,99999999999,9999.0,7.0,2
2019040553,,0,PA,,,1.0,1
2019040595,,0,,,,7.0,2
2019040681,,0,ME,2827472,2018.0,7.0,1
2019041019,,0,NC,99999999999,9999.0,7.0,2
2019041266,,0,PA,PT176C9,2020.0,7.0,2
2019041498,,0,OK,AB1825,2019.0,7.0,1
2019041508,,0,IN,P507853,2019.0,3.0,2
2019041681,,0,ME,2352718,2023.0,7.0,2
2019041727,,0,ZZ,999999999999,9999.0,7.0,1
2019041727,,0,ZZ,999999999999,9999.0,7.0,2
2019041727,,0,IL,622986ST,2017.0,7.0,3
2019041752,,0,ME,2134203,2018.0,7.0,1
2019041824,,0,PA,XGC2093,2020.0,3.0,2
2019041834,,0,OK,4802KJ,2019.0,7.0,2
2019041947,,0,MO,281943,2015.0,7.0,1
2019041957,,0,ME,2833707,2028.0,7.0,1
2019042513,,0,ME,2559132,9999.0,7.0,1
2019042702,,0,MO,61K6RC,2014.0,7.0,2
2019042830,,0,NJ,TBN34P,2019.0,7.0,2
2019042861,,0,MA,2247512,2019.0,7.0,2
2019042879,,0,FL,C5793T,9999.0,7.0,2
2019042941,,0,NJ,AU522F,2019.0,6.0,2
2019043007,,0,TN,U808493,2019.0,7.0,2
2019043014,,0,PA,XLD8868,2019.0,7.0,2
2019043339,,0,MS,374,2019.0,7.0,2
2019043357,,0,VA,773769TL,2099.0,7.0,2
2019043390,,0,NJ,TUD33U,2018.0,7.0,2
2019043479,,0,NJ,T86Z8S,2019.0,3.0,2
2019043515,,0,PA,PT512B1,2019.0,7.0,1
2019043516,,0,ME,2499556,2099.0,7.0,1
2019043710,,0,,,,8.0,2
2019043878,,0,ME,2824311,2016.0,7.0,1
2019044083,,0,PA,XLB5660,2019.0,3.0,1
2019044093,,0,PA,PT100B5,2019.0,7.0,1
2019044120,,0,ZZ,NONE,2019.0,3.0,2
2019044138,,0,PA,MG5902D,2007.0,8.0,3
2019044180,,0,,,,2.0,2
2019044319,,0,MI,C394364,2099.0,3.0,3
2019044354,,0,MD,99,2019.0,2.0,2
2019044529,,0,ME,2172401,2021.0,7.0,1
2019044593,,0,TN,U630519,2019.0,7.0,1
2019044675,,0,PA,PT4255X,2019.0,7.0,1
2019044681,,0,TN,U002258,2020.0,7.0,2
2019044838,,0,PA,PT5582W,,7.0,1
2019045184,,0,ID,TF508,2099.0,8.0,3
2019045237,,0,PA,XKX7104,2023.0,3.0,1
2019045256,,0,IN,2824488,2019.0,7.0,2
2019045382,,0,PA,PT106F1,2018.0,7.0,2
2019045461,,0,PA,000000,2019.0,8.0,2
2019045523,,0,NJ,TRN44H,2020.0,7.0,1
2019045647,,0,NJ,TTV16N,2020.0,7.0,2
2019045951,,0,ME,64-903,2019.0,8.0,1
2019046150,,0,TN,U784552,2020.0,6.0,2
2019046168,,0,PA,PT199G2,2019.0,7.0,2
2019046174,,0,NC,AF65265,2020.0,7.0,2
2019046263,,0,PA,XFR4719,2020.0,3.0,2
2019046544,,0,DE,T71020,2022.0,3.0,2
2019046698,,0,NJ,TMW71W,2022.0,7.0,2
2019046790,,0,NE,XMV270,2020.0,7.0,1
2019047046,,0,ME,B746674,2013.0,7.0,3
2019047253,,0,IL,599758ST,2019.0,7.0,2
2019047501,,0,IA,DD4177,2019.0,7.0,2
2019047564,,0,PA,PT9554V,2014.0,7.0,1
2019047567,,0,PA,XZ11898,2004.0,3.0,1
2019047677,,0,ME,231722F,2019.0,7.0,2
2019047700,,0,,,,1.0,3
2019047754,,0,PA,XLK2677,2023.0,3.0,1
2019047804,,0,ME,282914X,2028.0,7.0,1
2019047849,,0,ME,2455434,2019.0,7.0,2
2019047858,,0,PA,XGY5609,2020.0,3.0,2
2019048088,,0,PA,XBG3697,2019.0,7.0,2
2019048089,,0,VA,UNKNOWN,2019.0,8.0,1
2019048244,,0,PA,XJD9386,2019.0,1.0,2
2019048267,,0,PA,XS02810,2020.0,8.0,1
2019048413,,0,PA,XS15000,2019.0,3.0,2
2019048562,,0,TN,T969585,2022.0,7.0,2
2019048563,,0,NJ,TMD22D,2020.0,7.0,3
2019048802,,0,PA,PT9300L,2099.0,7.0,2
2019048830,,0,ZZ,99999999,9999.0,7.0,1
2019049133,,0,ME,2633033,2018.0,7.0,2
2019049211,,0,ZZ,999999999999,9999.0,7.0,2
2019049274,,0,PA,XLN2221,2006.0,7.0,2
2019049311,,0,ZZ,999999999999,9999.0,7.0,1
2019049373,,0,,,,6.0,2
2019049374,,0,,,,8.0,1
2019049487,,0,IL,543042ST,2019.0,6.0,1
2019049614,,0,,,,1.0,2
2019049732,,0,NJ,TMM65F,2000.0,7.0,1
2019049820,,0,PA,XKZ6412,2024.0,7.0,1
2019049829,,0,TN,U012326,2001.0,7.0,1
2019049889,,0,VA,321203TL,2020.0,7.0,1
2019049889,,0,TN,T670006,2020.0,7.0,2
2019049977,,0,TN,U764329,9999.0,7.0,2
2019050074,,0,FL,MIJM28,2019.0,8.0,2
2019050260,,0,PA,XJH3275,2020.0,6.0,2
2019050353,,0,NJ,TNG98A,,7.0,2
2019050571,,0,ZZ,UNKNOWN,9999.0,3.0,1
2019050681,,0,ME,20TRL91631,2019.0,7.0,2
2019050848,,0,,,,1.0,2
2019050868,,0,ZZ,999999999999,9999.0,7.0,1
2019051025,,0,PA,XLK0251,2023.0,3.0,1
2019051098,,0,PA,PT865C5,2019.0,7.0,1
2019051281,,0,TN,U797533,2018.0,7.0,2
2019051446,,0,PA,XDK1770,2019.0,7.0,2
2019051517,,0,PA,XJD8996,2020.0,3.0,4
2019051711,,0,PA,XFC3989,2021.0,3.0,2
2019051878,,0,IN,P600642,2013.0,7.0,2
2019051972,,0,PA,XHS4466,2019.0,3.0,1
2019051999,,0,KY,51709T,2019.0,7.0,3
2019052067,,0,,,,7.0,2
2019052168,,0,PA,XLG5335,2000.0,3.0,1
2019052480,,0,PA,,,1.0,1
2019052608,,0,ME,2568628,2019.0,7.0,1
2019052609,,0,OH,U791866,2019.0,7.0,2
2019053049,,0,PA,XKF6150,2024.0,3.0,1
2019053120,,0,,,,1.0,2
2019053205,,0,NJ,XKC4490,2019.0,7.0,2
2019053208,,0,ME,2385973,2023.0,7.0,1
2019053215,,0,ME,227454A,2022.0,7.0,1
2019053346,,0,ZZ,99999999,9999.0,7.0,2
2019053574,,0,ME,3020569,2030.0,7.0,1
2019053844,,0,PA,XL51861,2020.0,6.0,2
2019054054,,0,PA,PT417E4,2014.0,7.0,1
2019054148,,0,ZZ,999999999999,9999.0,7.0,1
2019054165,,0,PA,PT891E6,2019.0,7.0,2
2019054361,,0,PA,XJK4800,2019.0,3.0,1
2019054445,,0,IN,P762369,2019.0,7.0,1
2019054840,,0,NJ,TJJ58U,2020.0,7.0,1
2019054905,,0,ZZ,999999999999,9999.0,7.0,1
2019054918,,0,,,,2.0,1
2019055095,,0,NY,BN48290,2020.0,7.0,2
2019055104,,0,IL,T446625,2020.0,7.0,1
2019055242,,0,PA,XLF6893,2018.0,6.0,2
2019055339,,0,ZZ,9999999999,9999.0,7.0,2
2019055344,,0,PA,XJY7536,2019.0,7.0,1
2019055389,,0,NJ,TUR35T,2019.0,7.0,1
2019055420,,0,ME,25-42251,2025.0,7.0,2
2019055457,,0,ZZ,999999999999,9999.0,7.0,1
2019055683,,0,FL,3885CR,2020.0,7.0,1
2019055726,,0,PA,PT7305Z,2016.0,6.0,1
2019055735,,0,PA,PT424G9,2015.0,7.0,1
2019055842,,0,IL,T508753,2002.0,7.0,2
2019055887,,0,PA,PT153F5,2019.0,6.0,2
2019056148,,0,ZZ,99999,2019.0,7.0,2
2019056314,,0,OK,2123IA,2019.0,6.0,2
2019056384,,0,MN,6881STM,2014.0,7.0,1
2019056802,,0,QC,RH4912H,2019.0,7.0,2
2019056948,,0,MN,6856STS,9999.0,7.0,1
2019057010,,0,PA,XLT6916,2019.0,3.0,1
2019057109,,0,PA,PT93806,2019.0,7.0,3
2019057440,,0,PA,XKK0077,2017.0,3.0,1
2019057440,,0,PA,XJJ4833,2019.0,3.0,2
2019058123,,0,ME,276291C,2027.0,7.0,1
2019058550,,0,ME,21TLR3314B,2019.0,7.0,1
2019058638,,0,PA,XGW9202,1995.0,5.0,2
2019058778,,0,IN,P514808,2020.0,7.0,1
2019059325,,0,PA,XJV1881,2019.0,3.0,2
2019059798,,0,NY,BP36822,2019.0,6.0,2
2019059952,,0,TX,087B039,2020.0,7.0,3
2019060069,,0,KY,67195T,2009.0,7.0,2
2019060162,,0,PA,JJW3253,2019.0,1.0,2
2019060674,,0,IL,642263ST,2019.0,7.0,1
2019060712,,0,PA,XN90303,2019.0,1.0,2
2019060951,,0,ZZ,999999999999,9999.0,7.0,1
2019060962,,0,IL,600097ST,2020.0,6.0,1
2019061161,,0,IL,678047,2019.0,7.0,2
2019061170,,0,ME,38TRL28929,2019.0,7.0,1
2019061273,,0,NJ,TNC58J,2022.0,7.0,1
2019061498,,0,NJ,TRT84L,2017.0,7.0,1
2019061756,,0,PA,PT427D7,9999.0,7.0,1
2019061759,,0,PA,PT6086T,9999.0,3.0,2
2019061853,,0,ME,22-79567,2022.0,7.0,1
2019062170,,0,NJ,TRS42S,2017.0,7.0,1
2019062254,,0,ZZ,999999999999,9999.0,7.0,2
2019062266,,0,NJ,TEW34S,2023.0,7.0,1
2019062410,,0,TN,P292029,2020.0,7.0,4
2019062605,,0,PA,XJE6275,2014.0,3.0,1
2019062809,,0,ON,P8295D,2019.0,7.0,1
2019062818,,0,NJ,T35A2U,2019.0,7.0,2
2019062982,,0,QC,RH45104,9999.0,7.0,1
2019063021,,0,PA,KWD4370,2014.0,8.0,2
2019063046,,0,ME,215192A,2021.0,6.0,1
2019063054,,0,ME,222118,2019.0,7.0,1
2019063320,,0,PA,XLL3453,2020.0,6.0,1
2019063320,,0,PA,XZ39295,2019.0,6.0,3
2019063445,,0,PA,PT845E4,2020.0,7.0,2
2019063491,,0,ME,2075662,2020.0,7.0,1
2019063545,,0,NJ,TRP83T,2019.0,7.0,1
2019063545,,0,ID,T61024,2019.0,7.0,2
2019063552,,0,IN,P762263,2019.0,7.0,2
2019063564,,0,ME,209306C,2020.0,7.0,1
2019063567,,0,OK,BB2208,2019.0,7.0,3
2019063661,,0,NJ,TNG11A,2020.0,3.0,1
2019064184,,0,PA,XLF9877,2023.0,7.0,2
2019064194,,0,PA,PT6776T,9999.0,7.0,2
2019064303,,0,WV,C385764,2020.0,7.0,2
2019064948,,0,PA,XKK5938,2019.0,6.0,1
2019065168,,0,PA,XKP5748,2017.0,3.0,1
2019065228,,0,ZZ,UNKNOWN,2020.0,7.0,2
2019065239,,0,PA,XHS6729,2019.0,3.0,3
2019065679,,0,ON,M9478V,2020.0,7.0,2
2019066345,,0,OK,3567FZ,2019.0,7.0,1
2019066388,,0,IL,507993ST,2020.0,7.0,1
2019066440,,0,PA,XLW5819,2024.0,3.0,2
2019066485,,0,ZZ,PT495B3,9999.0,7.0,2
2019066572,,0,PA,XDB9145,2019.0,6.0,2
2019066580,,0,ME,2495264,2022.0,7.0,1
2019066654,,0,PA,PT1846V,2012.0,7.0,2
2019066663,,0,OH,TQU2891,2019.0,7.0,1
2019066822,,0,MA,EV9358,2019.0,7.0,1
2019066876,,0,PA,XY11702,2020.0,8.0,1
2019067049,,0,NJ,TRY40C,2020.0,7.0,3
2019067152,,0,IN,K467824,2019.0,6.0,1
2019067316,,0,TN,U585382,2020.0,7.0,2
2019067327,,0,DE,T0016287,2019.0,6.0,1
2019067327,,0,PA,PT538F9,2019.0,6.0,3
2019067352,,0,KY,734112,2019.0,7.0,1
2019067415,,0,ME,2365256,2016.0,7.0,2
2019067463,,0,ME,203988D,2020.0,7.0,2
2019067575,,0,ME,2431235,2019.0,7.0,2
2019067727,,0,PA,PT494C7,2019.0,3.0,2
2019067814,,0,ME,203181D,2000.0,7.0,3
2019067831,,0,PA,PT6218Z,2005.0,7.0,2
2019067884,,0,IN,P240748,2019.0,7.0,1
2019068000,,0,NJ,TTN74U,2019.0,7.0,1
2019068010,,0,PA,UNKNOWN,2000.0,7.0,1
2019068136,,0,PA,XLH8207,2019.0,6.0,1
2019068203,,0,IL,648073ST,2019.0,7.0,1
2019069011,,0,PA,PT45009,2020.0,7.0,1
2019069048,,0,OK,AB5288,2019.0,7.0,1
2019069188,,0,IN,P537122,2019.0,7.0,1
2019069208,,0,PA,XFX6415,2022.0,3.0,1
2019069421,,0,OK,BB9397,2018.0,7.0,2
2019069618,,0,IL,565440ST,2016.0,7.0,1
2019069666,,0,NJ,TNV92P,2020.0,7.0,2
2019069675,,0,ME,64-903,2019.0,5.0,2
2019069822,,0,PA,XLY4613,2001.0,3.0,1
2019069918,,0,PA,PT0413K,2019.0,7.0,1
2019069918,,0,PA,PT355C9,2020.0,7.0,2
2019070066,,0,PA,XGC2093,2019.0,8.0,2
2019070113,,0,ME,2565609,2020.0,7.0,1
2019070133,,0,PA,XHX2573,2020.0,7.0,1
2019070286,,0,IN,P693804,2020.0,6.0,1
2019070286,,0,ME,224080C,2022.0,6.0,2
2019070343,,0,PA,XDX7310,2020.0,3.0,1
2019070467,,0,TX,093C678,2018.0,1.0,1
2019071119,,0,PA,XCE7269,2020.0,3.0,1
2019071211,,0,PA,JKJ4278,2020.0,1.0,2
2019071233,,0,TN,U790157,2018.0,7.0,1
2019071312,,0,PA,KTJ6652,2019.0,8.0,2
2019071397,,0,NJ,T81A2R,2021.0,7.0,2
2019071422,,0,PA,XHG1005,2019.0,3.0,1
2019071428,,0,TN,U566277,2020.0,7.0,1
2019071439,,0,PA,PT876D5,2020.0,7.0,2
2019071498,,0,MX,27-2512E,2020.0,7.0,2
2019071752,,0,PA,XLW9597,2019.0,3.0,2
2019071760,,0,VA,56973TL,2019.0,6.0,1
2019071774,,0,PA,PT617A9,2014.0,7.0,1
2019071837,,0,NE,15389W,2020.0,7.0,1
2019072095,,0,PA,XDM6877,2003.0,3.0,2
2019072144,,0,PA,XLN1039,2020.0,3.0,3
2019072471,,0,PA,PT9411Z,2019.0,7.0,3
2019072590,,0,ME,64-808,2019.0,8.0,2
2019072701,,0,PA,PT281D3,2017.0,7.0,4
2019072715,,0,PA,XGT1394,2019.0,5.0,1
2019073272,,0,IL,615280ST,2017.0,7.0,2
2019073503,,0,ME,2133671,,6.0,2
2019073631,,0,PA,PT9612V,2018.0,7.0,1
2019073738,,0,GA,TL8NK86,2020.0,3.0,4
2019073817,,0,PA,XS87588,2020.0,3.0,1
2019074119,,0,ZG,8738927,2019.0,7.0,1
2019074167,,0,ZZ,999999999999,9999.0,7.0,1
2019074171,,0,PA,XM02332,2020.0,3.0,1
2019074234,,0,WI,999999999999,2020.0,7.0,2
2019074254,,0,PA,XJM4494,2020.0,6.0,1
2019074294,,0,PA,XKA0081,2012.0,3.0,2
2019074343,,0,GA,XDG622,2018.0,7.0,2
2019074429,,0,NC,AY11871,2002.0,7.0,1
2019074443,,0,PA,PT220D8,,6.0,1
2019074462,,0,ME,5CT7242,2024.0,1.0,2
2019074491,,0,OK,8305JJ,2013.0,7.0,2
2019074506,,0,NE,1638W,2019.0,7.0,1
2019074545,,0,NJ,TRW70B,2019.0,7.0,2
2019074587,,0,IN,P450632,2015.0,7.0,1
2019074690,,0,PA,PT0877X,2020.0,7.0,1
2019074739,,0,PA,XFB4174,,3.0,2
2019074742,,0,ME,UNKNOWN,9999.0,7.0,1
2019074825,,0,PA,PT265C7,2020.0,7.0,1
2019074913,,0,,,,2.0,1
2019074913,,0,,,,2.0,2
2019074992,,0,PA,PT790C9,2019.0,6.0,2
2019075107,,0,PA,XCT8981,2019.0,8.0,2
2019075208,,0,ME,271280D,2020.0,7.0,2
2019075350,,0,TN,T898647,2019.0,6.0,2
2019075409,,0,IL,458319ST,2019.0,7.0,2
2019075490,,0,PA,PT542C8,2020.0,7.0,1
2019075571,,0,PA,XGK1247,2020.0,3.0,1
2019075605,,0,TN,U655098,9999.0,7.0,2
2019075614,,0,PA,PT5874Z,,7.0,2
2019075757,,0,ME,29TLR35978,2019.0,7.0,1
2019075872,,1,PA,OOO-OOO,2019.0,1.0,1
2019076103,,0,PA,XGM1969,2017.0,3.0,1
2019076208,,0,NE,242142,2019.0,3.0,2
2019076438,,0,NJ,TSW64W,2020.0,7.0,2
2019076595,,0,AZ,AD70178,2008.0,8.0,3
2019076651,,0,NJ,TUP51D,2020.0,7.0,3
2019076798,,0,PA,PT1584H,2020.0,7.0,2
2019076827,,0,NJ,TTG91P,2018.0,7.0,1
2019076981,,0,MI,D173440,2020.0,7.0,2
2019077484,,0,NJ,TAZ56S,2019.0,7.0,2
2019077763,,0,IN,P815793,2020.0,7.0,1
2019077806,,0,QC,RK8422C,2017.0,6.0,1
2019077832,,0,WI,ST17039,2020.0,7.0,2
2019077886,,0,ME,2124988,,7.0,2
2019078003,,0,TN,U791428,2018.0,6.0,2
2019078031,,0,PA,XLS1639,2019.0,3.0,1
2019078039,,0,,,,2.0,1
2019078039,,0,,,,2.0,2
2019078535,,0,PA,XKW1692,2019.0,6.0,1
2019078596,,0,ME,3020714,2019.0,6.0,2
2019078604,,0,KY,54092T,2020.0,7.0,2
2019078651,,0,PA,XCK1985,2024.0,6.0,1
2019078651,,0,,,,7.0,3
2019078974,,0,ON,R4147R,2027.0,7.0,2
2019079054,,0,,,,8.0,1
2019079054,,0,,,,8.0,2
2019079364,,0,PA,PT249B4,2020.0,7.0,1
2019079438,,0,PA,XM87963,2020.0,6.0,3
2019079801,,0,PA,PT148E6,2019.0,6.0,2
2019079960,,0,PA,XLC2058,2023.0,3.0,2
2019079968,,0,PA,000000,2019.0,3.0,2
2019080220,,0,,,,7.0,2
2019080229,,0,,,,2.0,1
2019080252,,0,AR,PT183638,2099.0,7.0,1
2019080285,,0,ME,2352128,2023.0,7.0,1
2019080396,,0,PA,XHJ7560,2020.0,6.0,1
2019080597,,0,PA,XJZ3246,2015.0,3.0,1
2019080797,,0,FL,3741CU,2019.0,7.0,1
2019080869,,0,PA,XHK0933,2020.0,6.0,2
2019080880,,0,PA,PT7127P,2019.0,7.0,1
2019081035,,0,PA,PT435E2,2019.0,7.0,1
2019081064,,0,NY,4093C4,2020.0,7.0,1
2019081298,,0,PA,PT 9858V,,7.0,2
2019081327,,0,PA,XKW3899,2020.0,7.0,2
2019081354,,0,IN,P520303,2019.0,7.0,1
2019081395,,0,IN,P252540,2019.0,6.0,1
2019081523,,0,NJ,TNL64C,2019.0,8.0,2
2019081902,,0,IA,VA2614,2019.0,7.0,1
2019081902,,0,IN,2702065,2017.0,7.0,2
2019082229,,0,PA,PT727C6,2019.0,7.0,2
2019082462,,0,PA,XLG6045,2019.0,3.0,2
2019082506,,0,DE,T60644,2020.0,3.0,1
2019082831,,0,TN,T645513,2099.0,7.0,2
2019082833,,0,PA,XKR1629,2022.0,7.0,2
2019082837,,0,NJ,TTT79D,2019.0,6.0,2
2019083208,,0,,2826085,2019.0,7.0,1
2019083237,,0,ME,B537501,2020.0,7.0,2
2019083255,,0,PA,XLE4744,2019.0,3.0,2
2019083427,,0,PA,XJT-1657,2022.0,3.0,1
2019083433,,0,PA,XLM3361,2019.0,3.0,1
2019083446,,0,,,,7.0,1
2019083543,,0,PA,PT3865T,2013.0,7.0,1
2019083550,,0,NJ,TTM93A,2019.0,7.0,2
2019083701,,0,,,,7.0,1
2019083969,,0,PA,MG9895E,1985.0,7.0,1
2019084176,,0,PA,XS35997,2020.0,3.0,4
2019084223,,0,IL,459820,2013.0,1.0,2
2019084418,,0,PA,PT6864X,2020.0,7.0,1
2019084433,,0,PA,PT5939T,2019.0,7.0,1
2019084499,,0,NE,10353W,2006.0,7.0,2
2019084574,,0,PA,PT5562Y,,7.0,1
2019084592,,0,PA,PT360F9,2020.0,7.0,2
2019084670,,0,ME,23TRL2589E,2019.0,7.0,1
2019084734,,0,CA,4PV2081,2020.0,7.0,2
2019085274,,0,NE,21118W,9999.0,6.0,1
2019085461,,0,NJ,TKX83E,2020.0,6.0,1
2019085464,,0,NJ,AR613E,2019.0,6.0,2
2019085496,,0,NJ,TEH40J,2006.0,7.0,3
2019085511,,0,WI,580924,2016.0,7.0,2
2019085594,,0,PA,XHZ3595,2014.0,6.0,2
2019085786,,1,OA,PT31627,2020.0,7.0,3
2019085907,,0,NJ,TVB39G,,3.0,2
2019086033,,0,PA,XHH8649,2019.0,3.0,2
2019086160,,0,PA,XLM1362,2020.0,3.0,2
2019086224,,0,PA,PT9029W,,7.0,3
2019086787,,0,GA,LE4719G,2099.0,3.0,2
2019087019,,0,PA,XJZ0477,2020.0,3.0,1
2019087096,,0,NJ,TJP20G,2022.0,7.0,2
2019087155,,0,NJ,TDH64S,2020.0,6.0,1
2019087186,,0,NJ,TPP40J,2020.0,6.0,1
2019087413,,0,PA,PT8402R,2019.0,3.0,2
2019087417,,0,PA,AG51069,2019.0,7.0,2
2019087621,,0,IL,551632ST,9999.0,7.0,1
2019087904,,0,NJ,TMD38Z,2019.0,3.0,1
2019087917,,0,PA,XJV6175,2016.0,7.0,1
2019088051,,0,PA,XJX9223,2012.0,8.0,2
2019088392,,0,TX,145B481,2020.0,7.0,1
2019088415,,0,PA,XJL9417,,6.0,1
2019088504,,0,,,,3.0,2
2019088520,,0,,,,9.0,1
2019088520,,0,,,,9.0,2
2019088623,,0,ON,R14130,2020.0,7.0,3
2019088832,,0,NJ,29LT,2019.0,7.0,5
2019088909,,0,PA,PT692C3,2020.0,7.0,2
2019089189,,0,PA,8726409,2019.0,8.0,2
2019089254,,0,NJ,TUV53M,2019.0,7.0,1
2019089486,,0,VA,886347TL,2020.0,3.0,1
2019089616,,0,VA,942694TL,2019.0,7.0,1
2019089829,,0,PA,XJK4383,2019.0,3.0,2
2019089887,,0,TN,U622392,2099.0,7.0,2
2019089960,,0,PA,PT526B8,2099.0,7.0,2
2019089998,,0,MO,U595313,2016.0,7.0,2
2019090257,,0,PA,XGM7191,2011.0,6.0,2
2019090318,,0,GA,AJ2728,2019.0,7.0,4
2019090605,,0,PA,XFW3542,2024.0,3.0,1
2019090609,,0,LA,E959383,2019.0,3.0,2
2019090732,,0,IN,396053,2019.0,6.0,2
2019090813,,0,TN,U618268,9999.0,6.0,2
2019091108,,0,PA,XLV3689,2020.0,6.0,2
2019091140,,0,ZZ,UNK,2019.0,7.0,1
2019091249,,0,PA,PT3891Z,2015.0,7.0,2
2019091311,,0,TN,U272733,2020.0,7.0,2
2019091312,,0,OK,1413KG,2020.0,7.0,1
2019091350,,0,PA,XLT2800,2019.0,5.0,1
2019091395,,0,PA,XKR0551,2020.0,8.0,3
2019091476,,0,PA,XZ95908,2020.0,6.0,2
2019091486,,0,PA,PT542D5,2019.0,6.0,2
2019091518,,0,PA,XLX1324,2020.0,3.0,2
2019091678,,0,IL,671696S,2020.0,7.0,1
2019091706,,0,PA,XCR9071,1924.0,3.0,1
2019091731,,0,IN,P31513,2020.0,7.0,1
2019091881,,0,ID,TL8784,2019.0,7.0,1
2019091883,,0,PA,PT404B1,2002.0,7.0,1
2019091946,,0,,,,8.0,2
2019092002,,0,ME,2477944,2024.0,7.0,1
2019092146,,0,OK,6273KL,2019.0,7.0,2
2019092358,,0,PA,PT685C0,2019.0,6.0,2
2019092559,,0,NJ,TUH90L,2007.0,6.0,2
2019092715,,0,PA,XHN2413,2019.0,3.0,3
2019093053,,0,PA,XGX4794,2012.0,6.0,1
2019093331,,0,MD,356573G,2020.0,8.0,1
2019093381,,0,PA,368189Z,2020.0,6.0,2
2019093587,,0,FL,0878CW,2019.0,7.0,1
2019093651,,0,PA,PT820B0,2019.0,7.0,2
2019093705,,0,NJ,TNK99C,2022.0,7.0,1
2019094019,,0,PA,XCD5259,2020.0,3.0,1
2019094171,,0,PA,KJS4706,2019.0,3.0,2
2019094350,,0,PA,PT9635K,2019.0,7.0,2
2019094590,,0,FL,4634CR,9999.0,7.0,1
2019094715,,0,PA,EXEMPT,2019.0,6.0,1
2019094938,,0,PA,,,8.0,2
2019094985,,0,IL,654596ST,2019.0,6.0,2
2019094985,,0,DE,T38901,2021.0,6.0,3
2019094987,,0,TN,U974509,2020.0,8.0,2
2019094992,,0,NJ,TDR90C,2019.0,6.0,1
2019095029,,0,IL,667663ST,2020.0,7.0,1
2019095066,,0,TN,U513716,2020.0,7.0,1
2019095082,,0,PA,PT908C0,,7.0,2
2019095573,,0,NJ,TUN61D,2022.0,7.0,1
2019095720,,0,NJ,TRR63P,2021.0,6.0,1
2019095805,,0,PA,,,6.0,1
2019095882,,0,PA,XLA8528,2019.0,3.0,1
2019095911,,0,ZZ,999999999999,9999.0,7.0,1
2019095994,,0,PA,ZKA8580,2018.0,2.0,1
2019096317,,0,PA,JYA2941,2019.0,1.0,2
2019096371,,0,PA,PT9472V,,7.0,1
2019096376,,0,ON,L1419L,2020.0,7.0,1
2019096663,,0,PA,XJD0693,2019.0,6.0,1
2019096866,,0,TN,U852764,2019.0,7.0,1
2019096900,,0,PA,XJK6178,2020.0,3.0,1
2019096927,,0,PA,XKS8407,2018.0,3.0,1
2019096930,,0,NJ,,,7.0,2
2019096995,,0,ME,2364337,2020.0,7.0,1
2019097004,,0,TX,132C929,2019.0,7.0,1
2019097093,,0,PA,XHL2313,2020.0,3.0,1
2019097429,,0,OK,5502FZ,2019.0,7.0,1
2019097886,,0,NJ,TUY15F,2019.0,7.0,1
2019098098,,0,PA,PT784A1,2016.0,6.0,2
2019098128,,0,IN,2651332,2021.0,7.0,2
2019098131,,0,ID,TK63291,2019.0,7.0,3
2019098140,,0,PA,99999,2019.0,8.0,2
2019098143,,0,VA,452807TL,2019.0,7.0,2
2019098145,,0,GA,TS88W93,2019.0,3.0,2
2019098231,,0,NE,20638W,,7.0,2
2019098329,,0,NJ,TKR13E,2002.0,7.0,2
2019098352,,0,ZZ,999999999999,9999.0,7.0,1
2019098358,,0,ZZ,999999999999,9999.0,7.0,2
2019098418,,0,PA,PT982D6,2020.0,6.0,2
2019098478,,0,ZZ,999999999999,9999.0,7.0,2
2019098496,,0,PA,XLE7433,1998.0,3.0,1
2019098748,,0,MO,4928PE,2019.0,7.0,2
2019098769,,0,PA,PT8443S,,6.0,2
2019098810,,0,PA,PT9173R,,6.0,2
2019099003,,0,NY,BE65071,2019.0,7.0,1
2019099010,,0,NJ,TTM57G,2019.0,7.0,2
2019099040,,0,ME,B866859,2019.0,7.0,1
2019099401,,0,ME,2926281,2019.0,7.0,2
2019099422,,0,PA,PT635C3,,7.0,2
2019099549,,0,,,,1.0,2
2019099582,,0,ME,218128C,2020.0,7.0,1
2019099624,,0,PA,XHF8974,,3.0,1
2019099638,,0,PA,XCL6158,2020.0,3.0,2
2019099695,,0,PA,XLE5445,2023.0,3.0,1
2019099922,,0,IL,T518169,2020.0,7.0,2
2019099928,,0,PA,PT318B7,,7.0,2
2019100016,,0,MA,914285,2020.0,3.0,1
2019100156,,0,PA,XLH7667,2020.0,3.0,2
2019100323,,0,PA,XKF0504,2019.0,1.0,1
2019100513,,0,NJ,TMR27F,2019.0,7.0,2
2019100628,,0,PA,XJS934,2015.0,7.0,2
2019100687,,0,TN,U740475,2020.0,6.0,1
2019100888,,0,PA,XHV9738,2014.0,3.0,2
2019101501,,0,PA,PT8988X,2015.0,7.0,3
2019101941,,0,PA,XHF1006,2020.0,3.0,1
2019102065,,0,ME,TLR 21-74044,2000.0,7.0,1
2019102135,,0,PA,DMJ6899,2020.0,1.0,1
2019102422,,0,ME,247387A,2019.0,6.0,2
2019102546,,0,OK,AC8950,2020.0,7.0,1
2019102546,,0,NY,2611C9,2021.0,7.0,2
2019102654,,0,PA,PT103H8,2001.0,6.0,3
2019103072,,0,PA,XHP7689,2020.0,3.0,2
2019103200,,0,PA,JND4775,2019.0,1.0,2
2019103316,,0,TN,U419432,,7.0,2
2019103321,,0,ME,2651137,2022.0,7.0,1
2019103432,,0,ME,208574C,2019.0,6.0,1
2019103516,,0,IL,692199ST,2020.0,7.0,1
2019103633,,0,PA,XKB6798,2019.0,3.0,1
2019103716,,0,ZZ,999999999999,9999.0,7.0,1
2019103855,,0,PA,XLF6901,2020.0,5.0,2
2019103872,,0,IL,675615ST,2020.0,7.0,1
2019104893,,0,,,,8.0,2
2019105343,,0,ME,2156926,2021.0,6.0,1
2019105390,,0,,,,7.0,1
2019105708,,0,QC,RH9099Q,2020.0,6.0,1
2019105738,,0,OK,1408KP,2017.0,7.0,3
2019105791,,0,PA,XHG4597,2020.0,5.0,1
2019105830,,0,IN,2501641,2020.0,6.0,2
2019105833,,0,ZZ,UNK,2020.0,7.0,1
2019105867,,0,,,,6.0,1
2019106055,,0,ME,218331D,2020.0,6.0,2
2019106365,,0,,,,8.0,2
2019106475,,0,IN,9682JY,2020.0,7.0,2
2019106745,,0,PA,XHB6555,2020.0,6.0,1
2019106745,,0,PA,XLG9552,2020.0,6.0,2
2019106794,,0,IL,502422ST,2019.0,6.0,1
2019106794,,0,ME,27TLR84301,2020.0,6.0,2
2019106873,,0,PA,999999999999,2015.0,7.0,1
2019106931,,0,PA,PT450B9,2022.0,6.0,1
2019106959,,0,PA,PT9278Z,2020.0,7.0,1
2019107196,,0,PA,PT9471V,9999.0,7.0,2
2019107394,,0,PA,XR30143,2020.0,6.0,2
2019107396,,0,NJ,TEH44J,,6.0,3
2019107404,,0,,,,8.0,2
2019107419,,0,ME,22TLR1807A,2022.0,7.0,1
2019107603,,0,NJ,TVM65C,2019.0,6.0,2
2019107745,,0,PA,XFA0628,2020.0,3.0,1
2019107816,,0,PA,PT917F1,2019.0,6.0,1
2019107845,,0,PA,XKM0288,2020.0,3.0,2
2019108004,,0,PA,AG25487,2020.0,7.0,3
2019108006,,0,PA,XLC5626,2023.0,3.0,1
2019108050,,0,IA,DA2724,2019.0,7.0,1
2019108060,,0,TN,U569389,2019.0,7.0,1
2019108082,,0,PA,PT010A1,2020.0,8.0,2
2019108242,,0,RI,81482,2020.0,6.0,3
2019108300,,0,PA,XJX0325,1980.0,6.0,1
2019108366,,0,PA,PT1774N,2020.0,7.0,1
2019108534,,0,PA,XLB5011,,6.0,2
2019108592,,0,,,,7.0,2
2019108757,,0,PA,KVH4673,2020.0,1.0,2
2019108845,,0,PA,ZA02914,1995.0,8.0,1
2019109003,,0,PA,XDT3364,2020.0,3.0,2
2019109094,,0,PA,XY33291,2019.0,3.0,3
2019109247,,0,NE,13295W,2015.0,7.0,1
2019109375,,0,IN,2855623,2020.0,6.0,1
2019109409,,0,ZZ,UNKNOWN,2020.0,9.0,2
2019109493,,0,PA,PT888C3,2020.0,7.0,1
2019109498,,0,PA,XLA7367,2019.0,3.0,2
2019110077,,0,MO,46A656,2020.0,7.0,4
2019110118,,0,PA,PT193B0,2020.0,7.0,2
2019110168,,0,OH,TQX6550,2020.0,7.0,1
2019110177,,0,PA,PT252H5,2020.0,7.0,1
2019110285,,0,PA,XCB5506,2020.0,3.0,1
2019110347,,0,PA,XDN7049,,6.0,2
2019110390,,0,PA,PT8131X,2020.0,7.0,2
2019110444,,0,PA,XGX1527,2012.0,6.0,1
2019110710,,0,KS,644863,,7.0,1
2019110789,,0,ZZ,UNKNOWN,2019.0,7.0,1
2019110880,,0,WI,766865,2011.0,7.0,1
2019111183,,0,ME,217864D,2021.0,7.0,1
2019111645,,0,PA,PT241H4,2019.0,7.0,1
2019111828,,0,PA,PT113C1,2019.0,7.0,1
2019111864,,0,NJ,TTT38S,2020.0,3.0,2
2019111917,,0,ON,P6094R,2020.0,7.0,1
2019111935,,0,MO,15D9SZ,2019.0,3.0,2
2019112110,,0,PA,T56880,2019.0,3.0,1
2019112146,,0,VA,449103TL,2019.0,7.0,2
2019112283,,0,NJ,TTJ56W,2013.0,7.0,2
2019112334,,0,PA,XJL3301,2019.0,3.0,2
2019112364,,0,OK,3942LR,2020.0,7.0,2
2019112369,,0,ZZ,UNKNOWN,2099.0,7.0,1
2019112373,,0,ZZ,999999999999,9999.0,7.0,2
2019112441,,0,IN,P834396,2020.0,7.0,1
2019112451,,0,FL,IE05NZ,2020.0,6.0,1
2019112631,,0,NJ,31JA,2020.0,3.0,1
2019112644,,0,NJ,TPH40K,2019.0,8.0,1
2019113237,,0,IN,P821268,2020.0,7.0,3
2019113318,,0,PA,XJK1553,2020.0,3.0,2
2019113357,,0,ME,2175917,2021.0,7.0,1
2019113386,,0,ME,2641951,2026.0,6.0,1
2019113420,,0,NJ,TWA20A,2020.0,8.0,1
2019113545,,0,PA,YKN7096,2019.0,1.0,2
2019113867,,0,PA,PT7081G,2020.0,6.0,3
2019114326,,0,PA,PT414C0,2002.0,6.0,1
2019114351,,0,PA,,,7.0,2
2019114688,,0,,,,8.0,2
2019114969,,0,IL,648328ST,2020.0,6.0,1
2019114969,,0,PA,XCUR73,2020.0,6.0,2
2019114982,,0,IL,562907ST,2020.0,6.0,1
2019115102,,0,PA,XKZ7532,2019.0,3.0,2
2019115232,,0,NJ,TVB10M,2019.0,7.0,3
2019115339,,0,PA,PT842B2,2099.0,7.0,1
2019115526,,0,VA,449103TL,2019.0,7.0,2
2019116321,,0,NJ,TPM17B,2006.0,3.0,2
2019116362,,0,TN,U037040,2099.0,7.0,1
2019116416,,0,PA,,,7.0,1
2019117046,,0,,NONE,,8.0,1
2019117336,,0,PA,PT742A0,2020.0,6.0,1
2019117496,,0,PA,XGR4353,2020.0,6.0,2
2019117900,,0,NJ,TUV13M,2019.0,7.0,2
2019117931,,0,ME,231072E,2020.0,7.0,2
2019118514,,0,PA,XLV7940,2019.0,6.0,1
2019118723,,0,OK,4346KM,2024.0,6.0,2
2019118821,,0,ME,276103C,2023.0,7.0,2
2019119392,,0,IL,633410ST,2017.0,7.0,2
2019119433,,0,PA,PT2162T,2019.0,7.0,1
2019119472,,0,PA,XKF4254,,5.0,1
2019119645,,0,PA,PT495A2,2019.0,6.0,2
2019119766,,0,ZZ,,9999.0,7.0,1
2019120149,,0,NJ,TFT12F,2009.0,6.0,3
2019120653,,0,IN,P557521,2018.0,7.0,1
2019120999,,0,,,,1.0,2
2019121284,,0,PA,PT4151Z,2017.0,7.0,1
2019121301,,0,IL,609553ST,2019.0,7.0,1
2019121337,,0,ZZ,999999999999,2019.0,7.0,1
2019121373,,0,OH,TRH3779,2020.0,7.0,1
2019121374,,0,TX,Y48933,2020.0,7.0,1
2019121397,,0,ZZ,999999999999,9999.0,7.0,1
2019121418,,0,MA,BHYXNQ,2020.0,7.0,2
2019121434,,0,ZZ,999999999999,9999.0,7.0,1
2019121451,,0,PA,PT1850V,2020.0,6.0,2
2019121944,,0,,,,1.0,1
2019121968,,0,TN,U681422,2020.0,6.0,1
2019122206,,0,PA,XJM8022,2015.0,3.0,2
2019122328,,0,ME,2346442,,7.0,1
2019122420,,0,PA,KPL6224,2016.0,1.0,2
2019122476,,0,IL,666854ST,2005.0,7.0,1
2019122690,,0,,,,1.0,1
2019122699,,0,NJ,TNV68T,2020.0,3.0,2
2019122703,,0,PA,XKR0581,2024.0,6.0,2
2019122717,,0,,,,7.0,2
2019123111,,0,ZZ,999999999999,9999.0,7.0,1
2019123117,,0,ME,3621265,2022.0,7.0,3
2019123132,,0,PA,ZJM1166,2019.0,6.0,1
2019123952,,0,IN,P767890,2020.0,7.0,2
2019123963,,0,MD,182247X,2020.0,6.0,1
2019124375,,0,PA,PT664G5,,7.0,1
2019124980,,0,ZZ,99999,2020.0,7.0,2
2019124980,,0,ZZ,99999,2019.0,7.0,3
2019125243,,0,,,,7.0,2
2019125256,,0,GA,U651506,2017.0,7.0,1
2019125568,,0,ME,2185746,,7.0,1
2019125692,,0,PA,XLG8100,2019.0,6.0,1
2019125856,,0,NJ,44EJ,2020.0,3.0,1
2019125878,,0,,,,7.0,1
2019125878,,0,,,,7.0,2
2019125998,,0,ME,248295D,2020.0,7.0,2
2019126156,,0,,NONE,,8.0,2
2019126264,,1,TN,U516884,2020.0,7.0,1
2019126306,,0,ME,2165781,2021.0,7.0,1
2019126424,,0,ZZ,999999999999,9999.0,7.0,2
2019126440,,0,TN,U377525,2020.0,7.0,2
2019126678,,0,,,,8.0,1
2019126947,,0,PA,XDM5650,2020.0,3.0,2
2019127612,,0,NJ,TRV64Z,2020.0,7.0,2
2019128076,,0,CA,4LJ6803,2020.0,7.0,1
2019128135,,0,,,,8.0,2
2019128165,,0,PA,PT465F1,2020.0,6.0,2
2019128368,,0,NJ,TUF38X,2022.0,7.0,2
2019128570,,0,PA,XHM5025,2020.0,3.0,1
2019129230,,0,PA,XLW2312,2024.0,3.0,2
2019129719,,0,TN,U713230,2007.0,7.0,1
2019129762,,0,PA,UNKNOWN,,6.0,2
2019129878,,0,TN,U703224,2020.0,7.0,2
2019129883,,0,GA,WIII319,2019.0,7.0,1
2019130119,,0,,,,6.0,2
2019130712,,0,ME,24TLR3825B,2020.0,7.0,1
2019131184,,0,ZZ,UNKNOWM,2020.0,7.0,1
2019131189,,0,ZZ,99999,2020.0,3.0,1
2019131239,,0,OK,8812LI,,6.0,1
2019131274,,0,NJ,TNN22L,2003.0,7.0,1
2019131416,,0,ME,2198116,2021.0,7.0,2
2019131464,,0,ME,301668,2023.0,7.0,1
2019131670,,0,PA,XL59186,2022.0,8.0,1
2019132289,,0,,,,1.0,1
2019132366,,0,PA,PT851H0,2019.0,7.0,2
2019132400,,0,PA,,,1.0,1
2019133008,,0,ZZ,999999999999,9999.0,7.0,1
2019133188,,0,VA,613016TL,2099.0,7.0,1
2019133578,,0,ZZ,999999999999,9999.0,7.0,2
2019133822,,0,IN,P396223,2019.0,7.0,1
2019133900,,0,ZZ,999999999999,9999.0,7.0,1
2019133975,,0,,,,1.0,2
2019134026,,0,ME,2056364,2020.0,7.0,1
2019134028,,0,PA,XKT1039,2019.0,8.0,2
2019134224,,0,VA,412120,2020.0,3.0,1
2019134522,,0,ME,21TLR18855,2019.0,7.0,1
2019134934,,0,PA,XLT8154,2020.0,6.0,1
2019134959,,0,,,,3.0,2
2019135025,,0,PA,XJJ3245,2020.0,3.0,2
2019135028,,0,OH,PWB2278,2020.0,7.0,2
2019135029,,0,PA,PT385F8,2020.0,7.0,2
2019135156,,0,NJ,TCC69Y,2019.0,7.0,1
2019135182,,0,IN,P921127,2020.0,7.0,2
2019135313,,0,OH,TQX1329,2020.0,7.0,2
2020000075,,0,PA,XLH4814,2020.0,3.0,2
2020000542,,0,MD,254877X,2020.0,3.0,1
2020000542,,0,IL,448205ST,2019.0,7.0,2
2020001199,,0,PA,KLV7709,2020.0,7.0,2
2020001344,,0,NC,AJ92159,2019.0,6.0,1
2020001352,,0,PA,XDS1693,2020.0,7.0,2
2020001846,,0,TN,U788940,2020.0,7.0,2
2020003048,,0,ME,215994B,2019.0,6.0,1
2020006197,,0,OK,4102KL,2020.0,6.0,1
2020007575,,0,NJ,TKE84S,2019.0,7.0,1
2020007903,,0,ME,23TLR5747D,2020.0,7.0,1
2020008483,,0,ZZ,999999999999,9999.0,7.0,2
2020009287,,0,ZZ,999999999999,9999.0,7.0,2
2020009708,,0,PA,XKJ3372,2019.0,3.0,1
2020010189,,0,ZZ,999999999999,9999.0,7.0,2
2020010382,,0,ME,20TLR5863C,2020.0,7.0,1
2020010382,,0,IL,639494,2020.0,7.0,2
2020010640,,0,ZA,999999999999,9999.0,7.0,2
2020011563,,0,ZZ,999999999999,9999.0,7.0,1
2020011894,,0,NJ,T23L3T,2019.0,7.0,2
2020012041,,0,NJ,TEH59J,2020.0,7.0,4
2020013260,,0,ME,2842370,2013.0,7.0,2
2020014656,,0,NJ,TUF34V,2020.0,6.0,2
2020018888,,0,OK,6111JY,2020.0,7.0,1
2020019418,,0,ZZ,999999999999,9999.0,7.0,1
2020033345,,0,PA,XLH4807,2014.0,3.0,1
2023115268,12345678912.0,1,ME,223051E,2011.0,7.0,1
2020087339,,0,ON,J4710T,2020.0,7.0,1
2020064569,,0,ZZ,UNKNOWN,,7.0,1
2020081509,,0,PA,XGK1281,2021.0,3.0,1
2020054584,,0,DE,RT490,2020.0,5.0,2
2020041697,,0,MD,932563G,2021.0,3.0,1
2020057590,,0,NC,AM23769,2020.0,7.0,1
2020027516,,0,ME,2848164,2020.0,7.0,2
2020090973,,0,PA,PT5609Z,2020.0,7.0,2
2020098654,,0,ID,3016TF,2099.0,7.0,2
2020064114,,0,ME,244997D,2024.0,7.0,1
2020076616,,0,PA,XLP5829,2024.0,7.0,3
2020035441,,0,NJ,TFT73P,1999.0,7.0,2
2020048462,,0,PA,PENNDOT,2020.0,8.0,2
2020028450,,0,ME,2944821,2015.0,7.0,1
2020063402,,0,PA,XLT8569,2021.0,3.0,2
2020084163,,0,PA,999999999999,2020.0,7.0,2
2020028847,,0,PA,PT812C8,9999.0,6.0,1
2020047062,,0,IN,P725802,2019.0,6.0,1
2020091254,,0,PA,PT230C7,2020.0,7.0,2
2020050169,,0,,,,3.0,2
2020028331,,0,TN,U593265,9999.0,7.0,1
2020047464,,0,PA,PT838B9,2020.0,3.0,2
2020064592,,0,ME,2912562,2029.0,7.0,2
2020020199,,0,MO,O3B646,2019.0,7.0,1
2020113051,,0,PA,PT494G3,2021.0,7.0,2
2020098325,,0,PA,XLY7822,2021.0,3.0,3
2020019955,,0,,,,8.0,4
2020099954,,0,PA,XLW8443,2020.0,3.0,1
2020058848,,0,ZZ,999999999999,2020.0,7.0,1
2020094374,,0,PA,PT-1702R,2020.0,7.0,1
2020064387,,0,IN,T840016,2021.0,7.0,1
2020070549,,0,PA,XGT1301,2021.0,3.0,2
2020020070,,0,IN,P624602,2020.0,7.0,2
2020066439,,0,IN,P799697,2020.0,6.0,2
2020076753,,0,PA,PT258113,2021.0,7.0,2
2020099907,,0,PA,XGE1165,2020.0,6.0,2
2020101254,,0,ME,221862GY,2021.0,7.0,2
2020073083,,0,VA,910123TL,2018.0,7.0,2
2020068861,,0,PA,XLL4522,2020.0,3.0,1
2020104937,,0,,,,8.0,1
2020104865,,0,ME,22TRL1955G,2020.0,6.0,1
2020110199,,0,IA,FB4132,2021.0,7.0,1
2020044235,,0,IN,P953107,2020.0,7.0,1
2020047554,,0,ME,2580946,2005.0,6.0,1
2020040566,,0,PA,XHR5292,2019.0,3.0,1
2020097725,,0,OH,TNF3274,2021.0,7.0,1
2020092330,,0,DE,XP820949,2020.0,6.0,4
2020087034,,0,PA,XGR4152,2021.0,3.0,2
2020095617,,0,PA,XHK0004,2002.0,3.0,1
2020109702,,0,NJ,TVB87M,2022.0,7.0,1
2020072704,,0,NJ,TWD17Y,2020.0,8.0,1
2020027460,,0,ME,3111929,2031.0,7.0,2
2020030990,,0,PA,XM03923,,3.0,1
2020103813,,0,TN,U567962,2021.0,7.0,2
2020092015,,0,OK,2352FL,2020.0,7.0,1
2020059436,,0,TN,015992T,2020.0,7.0,2
2020040554,,0,PA,XLJ6305,9999.0,3.0,1
2020065648,,0,,,,6.0,1
2020089878,,0,PA,PT9390K,2020.0,7.0,2
2020051129,,0,PA,XCN3294,2020.0,6.0,2
2020064015,,0,ME,234244F,2020.0,7.0,1
2020032053,,0,IL,477430ST,2020.0,7.0,2
2020046921,,0,PA,PT3497F,1984.0,3.0,2
2020063243,,0,NJ,TWT15V,2021.0,7.0,1
2020030946,,0,NJ,TCM63A,2005.0,7.0,1
2020036881,,0,ID,TM5899,2020.0,7.0,1
2020013496,,0,NC,AB96802,2099.0,7.0,1
2020035275,,0,NJ,TVJ23F,2020.0,7.0,3
2020096116,,0,PA,XHR4428,2020.0,3.0,2
2020039029,,0,PA,PT312D4,2008.0,6.0,2
2020049182,,0,NJ,TWN26V,2021.0,6.0,1
2020106597,,0,IN,P772058,2021.0,7.0,1
2020067867,,0,ZZ,NONE,2020.0,3.0,1
2020111529,,0,IN,SP154HFG,2021.0,7.0,2
2020059385,,0,ZZ,999999999999,2020.0,7.0,1
2020019173,,0,PA,PT44794,2020.0,6.0,1
2020079155,,0,,,,6.0,2
2020034285,,0,PA,PT411J6,2020.0,7.0,1
2020084117,,1,PA,HXG2518,,1.0,2
2020084117,,1,PA,JPC7842,,1.0,3
2020036992,,0,PA,PT460B8,2021.0,7.0,1
2020038351,,0,NJ,TWE99T,2020.0,7.0,2
2020113988,,0,IN,P783197,2020.0,7.0,2
2020055710,,0,NJ,TKL72Y,,6.0,1
2020080271,,0,GA,WDR242,2020.0,7.0,1
2020056639,,0,,,,1.0,1
2020080905,,0,,,,1.0,3
2021008153,,0,PA,XCG7493,2020.0,8.0,2
2020028283,,0,PA,PT923A2,2004.0,7.0,2
2020058412,,0,PA,XFS6620,2009.0,3.0,1
2020103603,,0,NC,T718590,2018.0,7.0,2
2020020021,,0,ZZ,,,,1
2020031445,,0,PA,XKL9068,2018.0,3.0,4
2020078546,,0,IN,DD2166,,7.0,1
2020056633,,0,PA,PT808B4,2016.0,3.0,2
2020041577,,0,PA,PT162A2,2017.0,7.0,1
2020067608,,0,NJ,T87N1X,2020.0,5.0,1
2020041690,,0,PA,PT6100V,2020.0,7.0,1
2020021168,,0,NJ,TSK27A,2020.0,7.0,1
2020076905,,0,PA,XJK1228,1997.0,3.0,1
2020103860,,0,CA,4RE6279,2022.0,7.0,1
2020088119,,0,PA,PT6162T,2020.0,7.0,1
2020096728,,0,NV,230709,2020.0,4.0,1
2020054863,,0,PA,XMB7967,2020.0,3.0,2
2020072598,,0,IN,P206665,2020.0,7.0,1
2020103423,,0,PA,PT869C8,2021.0,7.0,2
2020047380,,0,PA,1724STP,2021.0,7.0,1
2020053836,,0,ME,3214182,2020.0,6.0,2
2020027231,,0,NJ,TVU79H,2020.0,7.0,2
2021006259,,0,PA,PT605B9,2020.0,7.0,3
2020082378,,0,PA,XKK4293,2020.0,3.0,2
2020089079,,0,NJ,31-26766,2020.0,7.0,1
2020063014,,0,IL,655747ST,,6.0,1
2020096444,,0,PA,PT807C9,9999.0,3.0,2
2020009087,,0,PA,,,,2
2020063189,,0,ME,3221792,2032.0,7.0,1
2020055716,,0,PA,XGE-5715,2019.0,3.0,2
2020049254,,0,OK,8216KS,2020.0,7.0,2
2020064902,,0,IL,302628ST,2020.0,7.0,2
2020034252,,0,MX,B895937,2020.0,7.0,1
2020008361,,0,MO,78K9GJ,2020.0,7.0,1
2020080034,,0,OK,7824DN,2021.0,7.0,2
2020020821,,0,,,,2.0,2
2020104488,,0,PA,XN09628,2021.0,3.0,1
2020095573,,1,PA,XLB7290,2020.0,3.0,2
2020094000,,0,PA,PT3789X,2020.0,8.0,2
2020029776,,0,,,,9.0,2
2020059360,,0,IL,501653ST,2021.0,7.0,1
2020021414,,0,NJ,TNK43C,2020.0,7.0,2
2020075876,,0,IN,P741800,2020.0,7.0,2
2020042363,,0,PA,XKW4279,2022.0,6.0,1
2020039478,,0,PA,XHC8049,2021.0,6.0,2
2020029759,,0,PA,XJW8506,2023.0,3.0,1
2020023646,,0,ME,245798E,2021.0,7.0,1
2020105500,,0,PA,9896409,2021.0,6.0,2
2020019627,,0,OR,HV28184,2019.0,7.0,3
2020059330,,0,NJ,TME55E,,7.0,2
2020036586,,0,TN,731385,2020.0,7.0,1
2020060632,,0,ME,441504Z,2020.0,7.0,1
2020084906,,0,ME,TRL28-25380,,7.0,1
2020071388,,0,MA,2332539,2014.0,7.0,1
2020044982,,0,NJ,TPG67V,2023.0,7.0,2
2020060502,,0,MD,763084G,2000.0,7.0,4
2020035537,,0,PA,PT442G0,2020.0,7.0,2
2021003086,,0,ME,2847565,2021.0,7.0,1
2020009254,,0,OK,6745LG,2007.0,7.0,1
2020083996,,0,IN,P490270,2020.0,7.0,2
2020097446,,0,OK,731-2EP,2004.0,7.0,1
2020112280,,0,ME,233316G,2020.0,7.0,2
2020081065,,0,PA,KTH3960,2021.0,1.0,2
2020031516,,0,FL,9446CY,2022.0,7.0,1
2020068520,,0,ZF,NONE,9999.0,3.0,1
2020071921,,0,PA,XP71710,2020.0,7.0,5
2020028333,,0,IL,P386101,2020.0,6.0,1
2020027375,,0,MD,2281134,2018.0,7.0,1
2020111271,,0,,,,3.0,2
2020034800,,0,ME,B746978,,7.0,2
2020040385,,0,DE,T103358,2022.0,7.0,1
2020094383,,0,ME,2137213,2020.0,7.0,1
2020069400,,0,PA,PT005G1,2020.0,7.0,2
2021001155,,0,ME,278860C,2027.0,7.0,1
2020021703,,0,MD,244838X,2020.0,6.0,1
2020020206,,0,NJ,TDS14X,2020.0,7.0,1
2020040092,,0,,9999999,,6.0,2
2020042023,,0,PA,JYA5990,2020.0,1.0,2
2020042023,,0,PA,LHK4504,2020.0,1.0,3
2020029475,,0,ZZ,NONE,2099.0,3.0,1
2020058653,,0,ME,232977G,2020.0,7.0,1
2020111781,,0,PA,XJM3051,,3.0,1
2020096975,,0,DE,T58062,1999.0,6.0,1
2020048413,,0,ZZ,999999999999,9999.0,7.0,2
2020024297,,0,PA,PT475H6,2020.0,7.0,1
2020070108,,0,PA,,,2.0,2
2020028566,,0,PA,AG38409,2016.0,7.0,1
2020021401,,0,TN,U832575,2009.0,7.0,1
2020097733,,0,ME,244052Z,2020.0,7.0,2
2020056597,,0,PA,XCJ1486,2021.0,7.0,1
2020101877,,0,PA,XLJ4878,2020.0,3.0,2
2020024963,,0,PA,PT800D8,2018.0,7.0,2
2020008506,,0,GA,XFX716,2020.0,6.0,1
2020056894,,0,QC,RH2866F,2018.0,7.0,1
2020019308,,0,NS,PT76401,2020.0,7.0,1
2020015132,,1,ME,229644D,2018.0,6.0,1
2020072249,,0,,,,6.0,2
2020080483,,0,ID,TL2842,2021.0,7.0,2
2020073622,,0,OK,7841FH,2020.0,7.0,2
2020026880,,0,IN,P545381,2020.0,7.0,1
2020070629,,0,ME,2937134,2015.0,7.0,1
2020066544,,0,RI,84746,2021.0,7.0,2
2020015411,,0,,,,1.0,1
2020052084,,0,IN,P451567,2021.0,7.0,2
2020109747,,0,ZF,UNKNOWN,2020.0,9.0,1
2020021584,,0,ME,,,7.0,1
2020081259,,0,PA,PT242E0,2020.0,6.0,2
2020065321,,0,PA,XMF6091,2021.0,3.0,1
2020018300,,0,PA,PT376E3,2020.0,7.0,2
2020044137,,0,TN,U522836,,7.0,1
2020089118,,0,FL,8418CT,2099.0,7.0,2
2020024619,,0,PA,XLY2602,2020.0,,1
2020043859,,0,NJ,TDH97W,1986.0,7.0,1
2020057415,,0,OR,HV46033,2020.0,7.0,1
2020104647,,0,CA,4MF7168,2022.0,7.0,2
2021000810,,0,GA,,,1.0,2
2020067911,,0,ME,217044D,2021.0,7.0,2
2020089098,,0,NJ,TUC12E,2021.0,6.0,1
2020045345,,0,PA,PT5322X,2020.0,6.0,1
2020089976,,0,IL,648098ST,2021.0,7.0,2
2020093972,,0,TN,U563611,2021.0,7.0,2
2020025125,,0,PA,PT790C6,2099.0,3.0,2
2020097422,,0,TN,U957884,2019.0,6.0,1
2020100456,,0,PA,XHP7509,2020.0,6.0,1
2020064053,,0,ME,2481178,2012.0,7.0,1
2020032747,,0,,,,7.0,2
2020014033,,0,TN,D620HW,2020.0,7.0,4
2020096389,,0,,,,1.0,1
2020068164,,0,IN,P902618,2020.0,6.0,2
2020080552,,0,PA,XFE8799,2008.0,3.0,1
2020039832,,1,ZZ,UNKNOWN,2020.0,9.0,1
2020053508,,0,PA,XJL5045,2019.0,3.0,2
2020019697,,0,PA,XHS3518,2020.0,7.0,1
2020070807,,0,PA,XFT3376,2020.0,3.0,1
2020055390,,0,ZZ,UNK,2020.0,7.0,1
2020076059,,0,NJ,V373882,2020.0,7.0,2
2020057211,,0,IN,SP609RAK,2020.0,7.0,2
2020113063,,0,ME,28-49006,2021.0,7.0,2
2020019679,,0,,,,1.0,2
2020080165,,0,PA,XLC2564,2021.0,3.0,2
2020084037,,0,OR,HU87346,2020.0,6.0,1
2020027473,,0,ME,2910971,2021.0,7.0,2
2021015942,,0,NJ,TUJ83H,2020.0,7.0,1
2020098837,,0,PA,XMM4801,2021.0,6.0,2
2020027229,,0,MA,2285690,2020.0,7.0,3
2020011042,,0,ME,3122820,2020.0,7.0,2
2020050284,,0,PA,LGM2223,2020.0,1.0,2
2020042685,,0,,,,7.0,1
2020058261,,0,PA,PT843E4,2020.0,6.0,1
2020065254,,0,,,,7.0,1
2020029658,,0,IN,P930203,2021.0,7.0,1
2020084676,,0,ME,3023531,2019.0,7.0,2
2020068439,,0,PA,,2020.0,7.0,2
2020070625,,0,PA,XKN8234,2021.0,3.0,2
2020065924,,0,PA,XCW2214,2020.0,3.0,1
2020064662,,0,PA,XV11699,2020.0,3.0,2
2020016629,,0,IL,P774422,2020.0,7.0,1
2020021705,,0,ME,2399980,2018.0,6.0,2
2020049174,,0,IL,583666 ST,2020.0,8.0,2
2020086324,,0,MN,B883801,2019.0,6.0,1
2020053994,,0,ZZ,999999999999,9999.0,7.0,1
2020053954,,0,PA,XME6455,2020.0,3.0,1
2020072566,,0,OR,HV04373,2020.0,7.0,2
2020090864,,0,PA,MG5994L,2020.0,9.0,1
2020110827,,0,PA,XFY1314,2021.0,7.0,1
2020046782,,0,WI,T6248R,2020.0,7.0,1
2020086023,,0,ZZ,99999,2023.0,7.0,2
2020002460,,0,ZZ,999999999999,9999.0,7.0,1
2020050484,,0,PA,XMH5365,2021.0,3.0,2
2020070876,,0,OK,AB3400,2099.0,7.0,2
2020063501,,0,,UNKNOWN,9999.0,6.0,1
2020058169,,0,,,,1.0,1
2020091635,,0,ME,27-6142D,2000.0,7.0,2
2020091635,,0,CA,HV20423,2018.0,7.0,3
2020055302,,0,PA,XKL7295,2022.0,6.0,1
2020031553,,0,PA,XKL-8625,2020.0,8.0,1
2020057615,,0,IN,P700417,2020.0,7.0,2
2020044240,,0,TN,U632910,2020.0,7.0,2
2020053449,,0,,,,3.0,1
2020064906,,0,IN,P913646,2020.0,7.0,2
2020015129,,0,FL,4192CW,2023.0,7.0,1
2020083427,,0,PA,XKW6430,2021.0,3.0,1
2020073326,,0,PA,PT690C3,2099.0,7.0,2
2020032321,,0,SC,P764821,2020.0,7.0,1
2020027345,,0,PA,XN80295,2020.0,3.0,1
2020083240,,0,NJ,TAD96A,2024.0,7.0,2
2020031581,,0,OK,3663KP,2000.0,7.0,2
2020105973,,0,TN,U003253,2020.0,7.0,1
2020036882,,0,PA,PT265BO,2020.0,6.0,2
2020045051,,0,TX,150C035,2020.0,7.0,1
2020021537,,0,PA,XBM2992,2020.0,6.0,2
2020072852,,1,PA,PT3917R,2020.0,7.0,1
2020090225,,0,NJ,TLU10U,2022.0,7.0,1
2020089093,,0,ME,2376306,2021.0,7.0,1
2020038988,,0,,,,7.0,2
2020101526,,0,ZZ,UNKNOWN,2020.0,7.0,1
2020063755,,0,TX,094C037,2020.0,7.0,1
2020055697,,0,ME,241681C,2020.0,6.0,1
2020007596,,0,IL,619403ST,2020.0,7.0,2
2020028807,,0,VA,970448TL,2020.0,7.0,2
2020069327,,0,OH,TQZ8664,2021.0,7.0,2
2020063233,,0,NJ,TUK39U,2021.0,7.0,1
2020021396,,0,PA,PT8408Z,2023.0,7.0,2
2020038490,,0,IN,P400140,2020.0,7.0,1
2020026534,,0,PA,PT882D2,2020.0,2.0,2
2020067868,,0,,,,7.0,1
2020096068,,0,,,,3.0,2
2020004215,,0,TN,T715779,2020.0,7.0,2
2020055823,,0,ZZ,ZZ,2099.0,3.0,1
2020074688,,0,PA,XLV4023,2025.0,3.0,2
2020005699,,0,PA,XKM0193,2020.0,6.0,2
2020064430,,0,NC,AE47386,2021.0,7.0,2
2020013767,,0,PA,PT65762,2019.0,7.0,2
2020043956,,0,IN,P839280,2020.0,7.0,1
2020034032,,0,OK,7292LO,2020.0,6.0,1
2020063761,,0,PA,XJY9385,2024.0,3.0,1
2020031573,,0,IL,T196873,2020.0,6.0,2
2020033819,,0,PA,PT2261S,2020.0,7.0,2
2020040155,,0,IN,P52485,2020.0,7.0,2
2020078061,,0,,,,1.0,2
2020033250,,0,CA,4LV6312,2021.0,7.0,2
2020049190,,0,ME,278199A,2027.0,7.0,1
2020078434,,0,ME,2266572,2020.0,7.0,2
2020017295,,0,IN,P289754,2020.0,7.0,2
2020109398,,0,ZZ,99999,2099.0,7.0,1
2020062394,,0,TN,T871978,2020.0,7.0,2
2020106336,,0,PA,PT145C8,2099.0,6.0,1
2020106336,,0,MN,1530STP,2099.0,7.0,2
2020035503,,0,TN,U998693,2020.0,7.0,1
2020035503,,0,ON,067181083,2099.0,7.0,4
2020045215,,0,ME,232984G,2023.0,7.0,1
2020043518,,0,ME,222260C,2022.0,6.0,2
2020087018,,0,IN,SP544TYH,2028.0,7.0,2
2020105152,,0,ME,25TLR7789C,2025.0,7.0,2
2020076584,,0,ME,2568949,2025.0,7.0,2
2020107130,,0,PA,PT608E6,2021.0,7.0,2
2020033175,,0,,,,9.0,2
2020054125,,0,IN,P767033,2020.0,7.0,2
2020068682,,0,ME,2926536,2029.0,7.0,1
2020069671,,0,DE,T184983,2022.0,3.0,2
2020052292,,0,ZZ,999999,2020.0,6.0,1
2020087866,,0,IN,P767125,2020.0,7.0,1
2020099842,,0,PA,,,2.0,2
2020068978,,0,IL,,2020.0,7.0,2
2020108439,,0,OK,4354LI,2022.0,7.0,1
2020104796,,0,PA,PT238J4,1999.0,7.0,2
2020067597,,0,ME,139375B,2021.0,7.0,1
2020067597,,0,NJ,TUN97Z,2022.0,7.0,2
2020078510,,0,SC,66216PT,,7.0,1
2020014570,,0,ME,2211970,2000.0,7.0,1
2020076899,,0,PA,PTO22G4,2020.0,6.0,2
2020108493,,0,PA,,,1.0,2
2020090946,,0,NJ,TVB35V,2023.0,6.0,2
2020009926,,0,PA,,,1.0,1
2020044842,,0,PA,XLF1418,2021.0,6.0,2
2020071233,,0,IN,2247865,2021.0,7.0,1
2020032696,,0,OH,TQJ2215,2020.0,6.0,2
2020071016,,0,PA,XV85024,2021.0,6.0,2
2020028231,,0,PA,XLA9030,2022.0,3.0,1
2020028020,,0,PA,XDW4523,2020.0,8.0,3
2020063579,,0,OK,BY6638,2020.0,6.0,2
2020047163,,0,TX,0120571,2020.0,6.0,2
2020054347,,0,PA,XLN8049,2016.0,6.0,2
2020051730,,0,ZZ,999999999999,9999.0,7.0,3
2020059194,,0,PA,XLV0323,2024.0,3.0,2
2020047127,,0,NJ,TVC87J,2021.0,9.0,1
2020097413,,0,TN,U356742,2020.0,7.0,1
2020106321,,0,PA,PT854G0,,7.0,1
2020092840,,0,IN,P695603,2021.0,7.0,2
2020040399,,0,PA,XBM3008,2023.0,3.0,2
2020092726,,0,PA,XDA9590,2021.0,3.0,2
2020057203,,0,PA,P519513,2020.0,8.0,2
2020085518,,0,ZZ,UNKNOWN,2020.0,7.0,1
2021000692,,0,CA,4SD5116,2023.0,7.0,1
2020092387,,0,PA,999999999999,1984.0,1.0,1
2020056614,,0,,9999999,,8.0,2
2020032476,,0,ME,2374167,2023.0,7.0,1
2020077663,,0,IN,P836891,2020.0,7.0,2
2020079601,,0,TN,T684366,2099.0,7.0,1
2020045174,,0,PA,XLL1987,2014.0,7.0,1
2020040826,,0,PA,XHY8739,2021.0,3.0,1
2020063228,,0,IN,P836816,2021.0,7.0,2
2020110756,,0,,,,8.0,1
2020028335,,0,NJ,TVK76K,2023.0,7.0,1
2020098968,,0,PA,PT9407Z,2020.0,6.0,1
2020015422,,0,,,,7.0,1
2020103421,,0,PA,PT280FO,2021.0,7.0,2
2020046143,,0,PA,XJT0675,2020.0,3.0,2
2020075154,,0,IN,P948774,2021.0,7.0,2
2020096898,,0,PA,PT092J1,2020.0,3.0,2
2020059855,,0,PA,XLG2175,2020.0,3.0,2
2020081800,,0,IL,655674ST,2099.0,7.0,2
2020094796,,0,,,,1.0,2
2020051523,,0,OK,3239JV,2021.0,7.0,1
2020104672,,0,NJ,TVX81A,2020.0,6.0,1
2020086178,,0,PA,PT851B7,2020.0,7.0,1
2020052019,,0,MN,UNK,2020.0,7.0,1
2020050854,,0,IN,2366094,2020.0,7.0,3
2020106406,,0,NJ,THE76C,2005.0,7.0,3
2020031642,,0,PA,PT041E1,,7.0,2
2020047181,,0,TN,U488540,2020.0,7.0,2
2020086050,,0,PA,PT1496Y,2020.0,7.0,2
2020108151,,0,PA,PT68076,2021.0,6.0,2
2020034072,,0,PA,B003023,2020.0,8.0,2
2020012827,,0,TN,U604956,2020.0,7.0,1
2020049359,,0,ME,235420A,2020.0,6.0,1
2020057749,,0,IN,P854725,2021.0,7.0,2
2020033379,,0,PA,PT056F7,2006.0,6.0,2
2020008314,,0,PA,PT406F4,2021.0,6.0,2
2020059357,,0,OK,9463L0,2020.0,6.0,2
2020091119,,0,OK,CC4670,2019.0,6.0,2
2020093440,,0,NY,CA47923,2020.0,6.0,2
2020029921,,0,TN,T867051,2021.0,7.0,1
2020086807,,0,DE,T5171,2021.0,7.0,1
2020061135,,0,ZZ,99999999999,9999.0,7.0,1
2020012562,,0,PA,XT55787,2020.0,7.0,1
2020012435,,0,ZZ,999999999999,9999.0,7.0,2
2020022873,,0,OK,4453KH,2020.0,7.0,1
2020066479,,0,NY,1397648A,2020.0,7.0,1
2020088778,,0,MS,,2020.0,7.0,1
2020045321,,0,FL,7086CL,2020.0,7.0,2
2020030940,,0,OK,CC1035,2020.0,6.0,1
2020022366,,0,ME,23TLR97658,2020.0,7.0,1
2020058955,,0,PA,XJE4554,2020.0,7.0,2
2020052070,,0,NJ,TGT72W,2020.0,8.0,1
2020002440,,0,PA,XLR2118,2020.0,6.0,2
2020052086,,0,PA,ZPP3515,2021.0,7.0,1
2020092601,,0,PA,XHZ4269,2021.0,3.0,2
2020105404,,0,PA,PT9336S,9999.0,7.0,3
2020028816,,0,ME,2931128,2020.0,7.0,2
2020110515,,0,VA,U964636,21.0,7.0,1
2020063235,,0,DE,T95591,2021.0,7.0,1
2020036562,,0,PA,XP88714,2024.0,3.0,1
2020078518,,0,PA,PT720E4,2020.0,7.0,2
2020049442,,0,PA,XKB8716,2021.0,8.0,2
2020082161,,0,TN,U998837,2020.0,7.0,1
2020062647,,0,PA,XLX0470,2021.0,3.0,2
2020058344,,0,NY,AD49043,2020.0,6.0,2
2020064876,,0,NJ,TUN45C,2020.0,6.0,1
2020112977,,0,IL,T489097,2013.0,7.0,2
2020075285,,0,MS,136307A,2020.0,1.0,1
2020027243,,0,,,,7.0,2
2020039871,,0,VA,921595TL,2020.0,1.0,2
2020039078,,0,PA,XGC1134,2020.0,3.0,2
2020089535,,0,PA,PT095E3,2021.0,3.0,2
2020038735,,0,TN,U935831,2099.0,7.0,2
2020080679,,0,NJ,62FR,2021.0,3.0,1
2020043494,,0,IN,P946092,2021.0,7.0,1
2020097415,,0,NJ,XGXG95,2020.0,7.0,1
2020106397,,0,IN,P788069,2099.0,7.0,2
2020022944,,0,ME,2273064,2020.0,7.0,1
2020090067,,0,,,,1.0,2
2020034203,,0,ME,B808308,2018.0,6.0,1
2020066483,,0,PA,XFF7976,2017.0,7.0,2
2020106500,,0,NJ,353765,2024.0,7.0,2
2020105618,,0,PA,PT61460,,7.0,1
2020024123,,0,IN,P645489,2020.0,7.0,1
2020061942,,0,,,,6.0,2
2020045567,,0,PA,XJV0870,,7.0,2
2020049183,,0,ME,29836,2022.0,7.0,2
2020060583,,0,IN,P359654,2020.0,7.0,2
2020016407,,0,MI,D175489,2020.0,7.0,2
2020085725,,0,NJ,TVA36Z,2021.0,6.0,1
2020034833,,0,ZZ,,,6.0,2
2021013346,,0,SC,53225PT,2017.0,6.0,2
2020034824,,0,PA,XLV1774,2020.0,3.0,1
2020023643,,0,PA,PT4641X,2020.0,7.0,2
2020075928,,0,PA,XGV8095,2010.0,3.0,2
2020030874,,0,,,,8.0,2
2020058015,,0,MA,E97211,2020.0,3.0,2
2020096325,,0,OR,HV39702,2020.0,7.0,1
2020096325,,0,IL,746607ST,2020.0,7.0,2
2020033906,,0,PA,XCR8131,2021.0,3.0,2
2020103626,,0,,NONE,,6.0,2
2020014548,,0,ME,226780D,2022.0,7.0,2
2020056245,,0,PA,XGN7230,2014.0,3.0,1
2020064191,,0,AR,PT175808,2020.0,6.0,2
2020051326,,1,ZZ,,,7.0,1
2020049172,,0,PA,XLB2242,2023.0,3.0,3
2021004307,,0,ME,245304F,2021.0,7.0,2
2020011784,,0,OK,2WL698,2020.0,7.0,1
2020107964,,0,IL,540619ST,2021.0,7.0,1
2020030953,,0,IN,P837674,2020.0,6.0,2
2020029471,,0,OR,HV39031,2020.0,7.0,3
2020010270,,0,PA,XLD6731,2019.0,3.0,1
2020092290,,0,ME,21TLR6284B,,7.0,2
2020018987,,0,NJ,TLR74L,2020.0,7.0,1
2020057112,,0,IL,216V696,2020.0,3.0,2
2020094011,,0,DE,T10970,2021.0,6.0,1
2020086472,,0,ON,S5000A,2020.0,7.0,2
2020059949,,0,NJ,TRS97N,2020.0,7.0,1
2020031847,,0,,,,1.0,2
2021009122,,0,NJ,TUV52M,2021.0,7.0,1
2020068691,,0,IL,674351ST,2021.0,7.0,2
2020106401,,0,OK,6246DN,2021.0,7.0,1
2020070510,,0,NY,BN39333,2003.0,7.0,1
2020009835,,0,PA,XLR3978,2020.0,3.0,1
2020054243,,0,PA,XHW2679,2020.0,3.0,1
2020051278,,0,TN,U860673,2020.0,7.0,2
2020030445,,0,NJ,UNKNOWN,2020.0,7.0,1
2020100796,,0,MI,D441377,,7.0,2
2020048557,,0,PA,XLE6163,2020.0,6.0,2
2020013779,,0,PA,PT437D3,2020.0,7.0,2
2020020846,,0,NJ,H38JVX,2020.0,7.0,1
2020035014,,0,PA,ZNY3794,2020.0,2.0,1
2020074934,,0,PA,XJW9925,2022.0,3.0,1
2020085526,,0,PA,PT281K5,2020.0,7.0,2
2020058810,,0,IN,P812692,2020.0,7.0,2
2020031249,,0,PA,XT41115,,6.0,2
2020044468,,0,PA,ZLS7903,2019.0,3.0,2
2020059815,,0,PA,PT7327J,2005.0,8.0,2
2020070250,,0,PA,XGE5783,2019.0,3.0,2
2020052053,,0,NJ,TNJ92K,2020.0,7.0,1
2020052053,,0,NJ,TWB32C,2020.0,7.0,2
2020007623,,0,ME,2488873,2020.0,7.0,1
2020094376,,0,PA,PT963J7,2020.0,7.0,1
2020104282,,0,PA,XMA0735,2022.0,3.0,2
2021000695,,0,IL,538677ST,2021.0,7.0,2
2020055790,,0,NJ,TAD56A,2020.0,7.0,2
2020096705,,0,ZZ,UNKNOWN,2099.0,7.0,1
2020064863,,0,ME,2310668,2020.0,7.0,2
2020069337,,0,PA,XLC4545,2023.0,3.0,1
2020027443,,0,PA,PT4287V,2020.0,7.0,1
2020016158,,0,PA,XDP7632,2023.0,3.0,1
2020051114,,0,FL,JLFE38,2020.0,1.0,1
2020051114,,0,NJ,XF500L,2020.0,2.0,2
2020103832,,0,PA,PT172E7,2021.0,7.0,2
2020007279,,0,PA,PT461B4,,7.0,2
2020080430,,0,ME,229644A,2021.0,7.0,2
2020050876,,0,PA,PT6269Z,2020.0,7.0,2
2020091789,,0,TN,U881650,2020.0,7.0,1
2020095970,,0,PA,XLP6894,2021.0,6.0,1
2020011729,,0,PA,ZKK3788,2020.0,1.0,4
2020043812,,0,IN,P838260,2020.0,6.0,2
2020059467,,0,TN,U787695,2020.0,7.0,2
2020108886,,0,TX,145B169,2021.0,7.0,2
2020105946,,0,PA,XMS4789,2020.0,4.0,1
2020078619,,0,TN,U742108,2018.0,7.0,3
2020077878,,0,PA,XLN8737,2019.0,6.0,1
2020053503,,0,ON,RK0737G,2020.0,7.0,2
2020060643,,0,PA,PT9300L,2020.0,7.0,2
2020095142,,0,QC,RD1223M,2019.0,7.0,1
2020048041,,0,MD,188550X,2020.0,6.0,1
2020102936,,0,ID,TL6842,2099.0,7.0,1
2020087001,,0,ME,2360833,2023.0,7.0,1
2020040644,,0,,,,6.0,1
2020062830,,0,IN,999999999999,2018.0,7.0,1
2020059031,,0,ME,14TLR47890,2014.0,7.0,2
2020105333,,0,VA,029982T,,7.0,1
2021004940,,0,VA,842684LT,2012.0,7.0,1
2020059811,,0,PA,PT081J4,2004.0,3.0,1
2020059811,,0,PA,PT720J3,2021.0,7.0,3
2020079115,,0,PA,XMF1419,2020.0,7.0,2
2020075331,,0,OK,BH2152,2099.0,7.0,2
2020013218,,0,ZZ,999999999999,9999.0,7.0,1
2020043375,,0,MN,8269STS,2020.0,7.0,2
2020017414,,0,PA,JXB7477,2020.0,1.0,2
2020094497,,0,PA,PT0672W,2021.0,7.0,2
2020025052,,0,,,,8.0,2
2020062561,,0,ME,273970B,2020.0,7.0,1
2020044750,,0,PA,XMF7428,,6.0,2
2020106065,,0,PA,XKK9612,2017.0,3.0,1
2020107955,,0,PA,PT430H3,2021.0,6.0,1
2020092698,,0,NY,BE35735,2010.0,6.0,4
2020052213,,0,ZZ,999999999999,9999.0,7.0,2
2020083195,,0,PA,XJM7373,2020.0,3.0,1
2020094057,,0,CO,DON137,2021.0,3.0,1
2020058757,,0,ME,3912271,,7.0,1
2020103321,,0,CT,AZ84154,2020.0,6.0,1
2020063108,,0,PA,PT887B7,2020.0,7.0,2
2020016624,,0,DE,T45560,2021.0,7.0,1
2020052641,,0,PA,PT125J3,2099.0,7.0,1
2020061329,,0,PA,PT807G9,2020.0,3.0,2
2020054108,,0,MN,7926STN,2020.0,7.0,1
2020008749,,0,AZ,85611F,2020.0,7.0,2
2020064179,,0,,,,8.0,2
2020102580,,0,PA,LHT0061,2020.0,1.0,2
2020108792,,0,ZZ,00000,2020.0,6.0,1
2020007432,,0,ME,3111947,2021.0,7.0,1
2020029264,,0,ME,2293607,2022.0,7.0,1
2020027259,,0,PA,XLT3213,2025.0,6.0,1
2020094181,,0,PA,XY31620,2024.0,6.0,2
2020099866,,0,NJ,TPL86F,2020.0,7.0,2
2020052044,,0,PA,PT0648X,2021.0,7.0,2
2020088294,,0,NJ,TVY67C,2021.0,7.0,3
2020081278,,1,NJ,TAK64Y,2000.0,3.0,2
2020086037,,0,PA,PT766J3,2021.0,3.0,1
2020042431,,0,NJ,TWZ50V,2021.0,7.0,2
2020010921,,0,PA,KJZ6260,2020.0,1.0,1
2020077972,,0,TN,U338156,2020.0,7.0,2
2020065196,,0,ON,L1007M,2020.0,7.0,2
2020032320,,0,NJ,TTZ97B,2023.0,7.0,1
2020012003,,0,PA,PT967A8,,7.0,3
2021009271,,0,NJ,TUT709,2021.0,3.0,1
2020079167,,0,NJ,TVY86T,2020.0,6.0,2
2020047118,,0,PA,PT420E9,2019.0,7.0,1
2020095579,,0,PA,XP34676,2021.0,6.0,2
2020076740,,0,IN,P736358,2020.0,7.0,1
2020087792,,0,PA,XJW9512,2020.0,6.0,2
2020020529,,0,ME,2544575,2025.0,7.0,1
2020095470,,0,PA,PY192B9,2022.0,7.0,1
2020027704,,0,IN,P479839,2020.0,7.0,2
2020043352,,0,PA,PT545F2,2019.0,7.0,3
2020107021,,0,ME,23TLR97577,2021.0,6.0,1
2020008914,,0,OR,HV30467,2019.0,7.0,4
2020057204,,0,IL,T518366,2020.0,7.0,2
2020047383,,0,TN,U541597,2022.0,7.0,2
2020001398,,0,OR,HV39144,2020.0,6.0,1
2020019305,,0,IN,P545381,2019.0,6.0,1
2020004911,,0,IL,P948989,2015.0,6.0,1
2020045871,,0,PA,XLP0175,2020.0,3.0,3
2020109767,,0,TN,U629346,2021.0,7.0,1
2020113019,,0,DE,T0027910,2022.0,3.0,2
2020113584,,0,TN,025744T,,7.0,1
2020067958,,0,PA,XMC4545,2019.0,3.0,1
2020034812,,0,PA,LHL1939,2005.0,8.0,1
2020073534,,0,ME,2822647,2028.0,7.0,1
2020059206,,0,PA,PT460B7,2021.0,7.0,1
2020104499,,0,IN,P711189,2016.0,7.0,1
2020004689,,0,QC,RE27584,2005.0,7.0,1
2021016396,,0,ZZ,UNKNOWN,2021.0,7.0,2
2020047842,,0,IN,P821337,2020.0,6.0,2
2020053207,,0,PA,XKT1000,2020.0,3.0,1
2020049673,,0,NJ,TPW68U,2023.0,6.0,2
2020031155,,0,PA,PT6148X,2020.0,7.0,2
2020072859,,0,PA,XLX3569,2020.0,3.0,1
2020068718,,0,PA,PT836H1,2020.0,7.0,1
2020036749,,0,IL,675632ST,2020.0,7.0,1
2020059121,,0,PA,PT7866R,2020.0,7.0,2
2020105836,,0,ID,TL6490,2020.0,7.0,1
2020046903,,0,NJ,TTE72K,2021.0,7.0,2
2020017993,,0,,,,7.0,2
2020069843,,0,PA,XJP2254,2023.0,6.0,1
2020084785,,0,,,,1.0,1
2020019031,,0,PA,PT8499T,,7.0,1
2020019031,,0,RI,TRL84126,,7.0,3
2020066634,,0,NY,3939D5,2025.0,7.0,2
2020075163,,0,NY,BU65691,2020.0,7.0,2
2020045007,,0,ME,1956331,2020.0,7.0,1
2020087832,,0,VA,40672TM,2020.0,3.0,1
2020031034,,0,PA,PT551F4,2019.0,7.0,2
2020081153,,0,ON,N2437C,2020.0,7.0,1
2020081153,,0,IN,P456861,2020.0,7.0,2
2020056537,,0,ME,278444C,,6.0,2
2020056425,,0,PA,XP34178,2020.0,7.0,2
2020028423,,0,DE,1748251,2021.0,6.0,2
2020105378,,0,OK,9663LL,2021.0,6.0,1
2020092162,,0,PA,,,1.0,1
2020051535,,0,PA,PT390C8,2020.0,7.0,1
2020082630,,0,OK,BD8255,2014.0,7.0,3
2020062461,,0,PA,XJE3771,2021.0,3.0,1
2020039842,,0,ME,2469153,2024.0,7.0,1
2020039842,,0,PA,PT7275N,2099.0,7.0,2
2020012429,,0,NY,3733C3,2018.0,6.0,2
2020097427,,0,IN,2853567,2021.0,7.0,2
2020057201,,0,PA,AG63187,2021.0,8.0,1
2020080291,,0,,,,1.0,1
2020070866,,0,PA,XML7592,2021.0,5.0,1
2020070866,,0,IL,T500062,2020.0,7.0,2
2020034936,,0,ME,2943087,2020.0,7.0,1
2020053502,,0,ME,249647A,2024.0,6.0,1
2020059485,,0,PA,PT639G7,2020.0,7.0,2
2020054569,,0,WA,81080AA,2020.0,3.0,2
2020005578,,0,NJ,TTS45U,1996.0,7.0,2
2020105881,,0,ZZ,999999999999,2000.0,3.0,1
2020073763,,0,OK,AT6265,2020.0,6.0,2
2020073763,,0,MX,247534C,2020.0,6.0,3
2020080431,,0,PA,HWZ8925,2018.0,1.0,2
2020045265,,0,SC,37924PT,2017.0,3.0,2
2020014856,,0,AR,PT177229,2020.0,3.0,1
2020046460,,0,PA,,,6.0,2
2020112627,,0,ME,2357361,2023.0,7.0,1
2020040191,,0,NJ,TUL37F,2020.0,7.0,1
2020040191,,0,VA,589063,2020.0,7.0,2
2020108031,,0,IL,669762,2018.0,7.0,2
2020092622,,0,ME,2918627,2020.0,7.0,1
2020094025,,0,IL,T543199,2019.0,7.0,1
2020082933,,0,NY,3869C3,2023.0,7.0,2
2020076228,,0,NC,AH12838,2020.0,7.0,2
2020032452,,0,NY,BG77943,,7.0,1
2020071819,,0,,,,1.0,1
2020035409,,0,ID,TF741,2012.0,6.0,2
2020079632,,0,NJ,TVV78L,2021.0,6.0,2
2020096503,,0,RI,,9999.0,7.0,1
2020109312,,0,ME,2915349,2029.0,7.0,1
2020014673,,0,PA,,2000.0,7.0,2
2020088365,,0,PA,PT5847Y,2099.0,3.0,3
2020072469,,0,PA,XKN9531,9999.0,3.0,3
2020068077,,0,TN,100855T,2099.0,7.0,1
2020060683,,0,WI,685751,2021.0,7.0,1
2020010018,,0,NJ,TPV63B,2020.0,7.0,2
2020050262,,0,ZZ,999999999999,9999.0,7.0,2
2020092629,,0,NJ,TWK40Y,2024.0,7.0,2
2020101258,,0,IN,635808,2020.0,6.0,1
2020073767,,0,IL,718460ST,2020.0,8.0,2
2020038726,,0,ME,21TLR39005,2021.0,7.0,1
2020055263,,0,PA,XY07665,2003.0,3.0,2
2020080458,,0,MX,4015677,2021.0,7.0,1
2020048701,,0,PA,XMG4809,2010.0,3.0,2
2020046736,,0,IN,SP127JJJ,2020.0,7.0,1
2020101194,,0,OK,8208LN,2016.0,7.0,1
2020101194,,0,TN,U201648,2008.0,7.0,2
2020029610,,0,KY,19734T,2001.0,7.0,1
2021000697,,0,TN,U604964,2020.0,7.0,1
2020016236,,0,PA,XMF2833,2020.0,7.0,2
2020009318,,0,KY,82985T,2020.0,7.0,1
2020009318,,0,IL,675545ST,2020.0,7.0,3
2020080387,,0,PA,PT0579P,2020.0,6.0,2
2020105506,,0,ME,22TLR58930,9999.0,7.0,2
2020005205,,0,OH,,2020.0,7.0,1
2020092469,,0,ME,22TLR29B,2021.0,6.0,1
2020038419,,0,PA,PT307B9,2020.0,3.0,1
2020082885,,0,OK,9049FP,,7.0,2
2020012531,,0,PA,XKH0929,2010.0,8.0,1
2020065741,,0,PA,PT307B7,,6.0,1
2020026859,,0,PA,XLH9261,2023.0,6.0,1
2020025285,,0,PA,XMD7495,2020.0,3.0,1
2020072368,,0,PA,XHM4977,2019.0,3.0,1
2020038930,,0,ID,TN2192,2020.0,7.0,1
2020071368,,0,PA,XMB7958,2021.0,3.0,1
2020071368,,0,ZZ,NONE,2021.0,9.0,3
2020049145,,0,PA,PT440H6,2099.0,6.0,1
2020030758,,0,TN,056696T,2020.0,7.0,1
2020113275,,0,ME,234903C,2021.0,6.0,2
2020057610,,0,IL,655968,2020.0,6.0,1
2020052578,,0,PA,XHM8003,2013.0,3.0,1
2020045727,,0,PA,XHD0717,2012.0,3.0,1
2020041114,,0,ME,229844F,2021.0,7.0,2
2020080193,,0,ME,226336D,2022.0,7.0,2
2020069387,,0,OH,TSB6905,2020.0,7.0,2
2020020875,,0,ME,24-57394,,7.0,2
2020031281,,0,ZZ,999999999999,9999.0,7.0,2
2020091944,,0,PA,XLB3463,2020.0,6.0,2
2020096712,,0,PA,XMB7564,2020.0,7.0,2
2020051553,,0,PA,XKN0795,2020.0,8.0,3
2020025267,,0,,,,6.0,1
2021004303,,0,IL,718350ST,2018.0,7.0,2
2020010876,,0,PA,PT393B3,2020.0,7.0,1
2020102566,,0,PA,XJX7206,2023.0,3.0,2
2020027241,,0,TN,063952T,2099.0,7.0,1
2021013350,,0,IN,P454842,2021.0,7.0,1
2020101208,,0,PA,PT819D2,2021.0,7.0,2
2020080640,,0,ME,36TLR2755Z,2016.0,6.0,1
2020052996,,0,PA,PT1526H,2020.0,6.0,2
2020047125,,0,PA,PT95360,2020.0,7.0,2
2020110921,,0,PA,YTB0735,2021.0,7.0,2
2020105986,,0,PA,YHF5503,2021.0,1.0,1
2020096725,,0,ME,255491D,2020.0,7.0,1
2020091445,,0,ZZ,,,7.0,1
2020075794,,0,IN,P736428,2021.0,7.0,1
2020076382,,0,ME,2375185,2016.0,7.0,1
2020031124,,0,IL,708487ST,2015.0,7.0,1
2021000969,,0,PA,XLA8341,2021.0,8.0,2
2020046706,,0,NC,AF80339,2021.0,7.0,1
2020030710,,0,ME,223189E,2022.0,7.0,2
2020030029,,0,LA,L333634,2020.0,7.0,2
2020050809,,0,PA,LBK2785,2021.0,1.0,1
2020017072,,0,PA,PT713G5,2020.0,7.0,1
2020052906,,0,PA,XJP6572,2015.0,3.0,1
2020047990,,0,PA,XLD6785,2020.0,3.0,1
2020016008,,0,PA,PT889E6,2020.0,7.0,2
2020031188,,0,IN,P794401,2023.0,7.0,2
2020096506,,0,OH,TRF6281,2021.0,7.0,2
2020028154,,0,PA,AG69067,2020.0,7.0,2
2020091683,,0,IL,478726ST,,7.0,2
2020093331,,0,IN,2908656,2020.0,7.0,1
2020019968,,0,TN,U787668,2020.0,7.0,1
2020085329,,0,OK,6990KT,2020.0,6.0,1
2020019304,,0,IN,P545381,2019.0,6.0,1
2020024410,,0,PA,XKE2189,2020.0,7.0,2
2020018409,,0,ME,24-8354E,2024.0,6.0,2
2020036729,,0,TX,A022807,2020.0,3.0,2
2020085278,,0,FL,9273CL,2021.0,7.0,1
2020037328,,0,IL,T481130,9999.0,7.0,2
2020049164,,0,,,,2.0,1
2020049164,,0,ME,2362257,2020.0,7.0,4
2020031503,,0,OR,HV40231,2021.0,7.0,1
2020045962,,1,MX,2470267,2020.0,7.0,1
2020089078,,0,PA,XGG6246,2023.0,3.0,1
2020106072,,0,IL,982572,2019.0,7.0,2
2020078710,,0,PA,XML4411,,3.0,1
2020039847,,0,ZZ,999999999999,9999.0,7.0,1
2020058077,,0,PA,PT0576T,2012.0,7.0,2
2020020257,,0,TN,U709869,9999.0,7.0,1
2020025942,,0,FL,8660CB,2021.0,7.0,1
2020032327,,0,MX,2592966,2020.0,7.0,1
2020010544,,0,OK,2883GU,2020.0,7.0,2
2020088517,,0,PA,XMF9727,2021.0,3.0,1
2020086007,,0,MI,D768421,2021.0,7.0,1
2020060199,,0,TN,U985627,2020.0,6.0,1
2020097741,,0,ME,217860D,2021.0,6.0,1
2020027385,,0,ZZ,999999999999,9999.0,7.0,2
2020091880,,0,NJ,TBW28S,2021.0,3.0,2
2020015605,,0,MD,081513X,2020.0,7.0,1
2020106319,,0,ME,41TRL78642,2021.0,6.0,2
2020083791,,0,TN,U960145,2018.0,7.0,1
2020083791,,0,IN,P840549,2020.0,7.0,2
2020033259,,0,ME,2569384,2020.0,7.0,1
2020111490,,0,PA,PT647G5,2021.0,6.0,2
2020028248,,0,PA,XMD2702,2020.0,6.0,1
2020082624,,0,FL,8773CZ,2006.0,7.0,2
2020067449,,0,NJ,TWE46H,2020.0,7.0,2
2020064137,,0,NJ,TPS56X,2023.0,7.0,2
2020045057,,0,PA,XKR0195,2020.0,3.0,1
2020058329,,0,TN,U968140,9999.0,7.0,2
2020094161,,0,TN,U781884,9999.0,6.0,1
2020036079,,0,NJ,TKK42X,2021.0,6.0,1
2020071842,,0,VA,167445TL,2025.0,6.0,2
2020059430,,0,OK,CC3992,2021.0,7.0,1
2020104047,,0,PA,XMF9727,2020.0,3.0,2
2020054850,,0,PA,XFE6562,2020.0,3.0,1
2020040253,,0,NJ,TUK13Z,9999.0,7.0,1
2021002458,,0,NJ,TVJ40Y,2023.0,7.0,2
2020103313,,0,IN,P571611,2020.0,6.0,1
2020000845,,0,SD,99734,2011.0,7.0,1
2020091886,,0,MO,PT9639,2020.0,7.0,2
2020019106,,0,ON,M3938J,2016.0,7.0,1
2020096322,,0,MI,D019994,2020.0,7.0,1
2020092702,,0,,,,1.0,2
2020028503,,0,PA,XHX0751,,3.0,2
2020018894,,0,ZZ,9999999999,9999.0,7.0,2
2020029629,,0,PA,XJD1952,2021.0,3.0,2
2020110690,,0,PA,PT417B0,2021.0,3.0,2
2020024125,,0,IL,625669ST,2019.0,7.0,2
2020107121,,0,ME,25TLR68608,2020.0,6.0,2
2020060090,,0,PA,XHH2980,2023.0,3.0,2
2020045893,,0,ZZ,UNKNOWN,2020.0,7.0,2
2020015334,,0,MO,49A364,2020.0,7.0,1
2020093745,,0,PA,XK82408,2000.0,6.0,2
2020034046,,0,ZZ,999999999999,9999.0,7.0,2
2020103707,,0,WI,659250,,7.0,1
2020055592,,0,IL,T523853,2018.0,7.0,1
2020110942,,0,,,,1.0,1
2020052839,,0,NJ,TVX97X,2020.0,7.0,2
2020056063,,0,,,,7.0,3
2020065189,,0,NJ,TWC37D,2099.0,7.0,2
2020078404,,0,TN,U392810,2020.0,7.0,1
2020018878,,0,PA,BA69023,2020.0,1.0,2
2020016409,,0,FL,0436CU,2019.0,6.0,2
2020076652,,0,ON,S20-72A,2012.0,7.0,1
2020094730,,0,NJ,2558101,2022.0,7.0,2
2020105183,,0,IL,657156ST,2020.0,6.0,2
2020055903,,0,OK,7327LN,2019.0,7.0,2
2020109371,,0,ME,2444196,2021.0,7.0,2
2020081695,,0,NC,AK52280,2020.0,7.0,1
2020087056,,0,PA,XP30295,2025.0,3.0,2
2020011746,,0,NJ,TTM90A,2020.0,7.0,1
2020082832,,0,IL,590284ST,2021.0,6.0,1
2020058961,,0,VA,842938TL,2008.0,7.0,1
2020084687,,0,PA,PT7268Y,9999.0,7.0,2
2020063174,,0,IN,P536256,2020.0,7.0,1
2020082314,,0,,,,6.0,1
2020082314,,0,PA,PT609A0,2020.0,7.0,2
2020054464,,0,PA,XME5844,2020.0,3.0,2
2020102189,,0,IL,624648ST,2021.0,7.0,2
2020094719,,0,MA,B960568,2022.0,7.0,1
2020034665,,0,,XJM7393,,3.0,1
2020090227,,0,TN,087905T,,7.0,1
2020109914,,0,IL,13129TK,2021.0,3.0,2
2020072502,,0,IA,FH3856,2020.0,7.0,1
2020037626,,0,ME,29TLR41934,2020.0,7.0,1
2020089268,,0,TN,U722931,2013.0,7.0,2
2020064320,,0,AR,PT174145,2020.0,6.0,1
2020064320,,0,OK,BD4420,2020.0,7.0,2
2020109598,,0,TN,U603886,2020.0,7.0,2
2020040493,,0,MX,2470617,2023.0,7.0,1
2020103847,,0,PA,XMA7314,2021.0,6.0,1
2020060034,,0,OK,CE2962,2019.0,7.0,1
2020042696,,0,NY,2481C0,2019.0,6.0,2
2020101938,,0,PA,PT922D5,,6.0,2
2020052241,,0,WA,85539AB,2012.0,7.0,1
2020076159,,0,PA,XLE5027,2021.0,3.0,2
2020032889,,0,PA,XDR5354,2025.0,3.0,2
2020036474,,0,TN,U497132,2020.0,7.0,2
2020114047,,0,OR,HV33539,2020.0,7.0,2
2020040431,,0,PA,XHT5125,2003.0,3.0,2
2020058968,,0,NY,2137D5,2025.0,7.0,1
2020058968,,0,NJ,TAL43E,2022.0,7.0,2
2020037537,,0,IL,695658ST,2020.0,7.0,1
2020014641,,0,PA,XLS5230,2020.0,7.0,2
2020027367,,0,TN,U794888,2020.0,7.0,2
2020027657,,0,ME,227151B,2020.0,7.0,1
2020028432,,0,PA,PT256H5,2020.0,3.0,1
2020090872,,0,,,,2.0,2
2020089925,,0,PA,PT5026V,2099.0,7.0,2
2020075167,,0,DE,T6214,2020.0,7.0,2
2020034034,,0,IN,P538406,2019.0,7.0,1
2020034034,,0,PA,PT937C8,2019.0,7.0,2
2020099108,,0,IN,P602591,2020.0,7.0,2
2020101882,,0,NE,15210W,2020.0,7.0,2
2020083636,,0,PA,PT178H0,2013.0,6.0,1
2020060194,,0,ID,TL3459,2020.0,7.0,1
2020031641,,0,PA,XZ55766,2024.0,3.0,2
2020012979,,0,VA,388067TL,2020.0,7.0,2
2020035977,,0,PA,PT4481V,2020.0,7.0,1
2020072490,,0,IN,P999916,2020.0,7.0,1
2020069109,,0,PA,PT015D3,2021.0,7.0,2
2020025452,,0,PA,XLN8049,2020.0,6.0,1
2020027281,,0,TN,T803983,2099.0,7.0,2
2020070512,,0,PA,XMB9222,2009.0,7.0,1
2020053771,,0,PA,XFT7577,2020.0,3.0,2
2020025493,,0,TN,U785539,2020.0,7.0,2
2020092122,,0,ZZ,,2020.0,8.0,1
2020106395,,0,IN,P394309,2020.0,7.0,1
2020083639,,0,PA,XKX4357,2021.0,3.0,1
2020105985,,0,PA,YHF5503,2001.0,8.0,1
2020014602,,0,NJ,TNW24C,2020.0,7.0,3
2020007079,,0,CT,AX29179,2020.0,7.0,1
2020034734,,0,PA,KLR2943,2020.0,1.0,2
2020028287,,0,PA,XJK5355,2021.0,3.0,1
2020082970,,0,,,,7.0,1
2020094213,,0,PA,PT620G2,2099.0,7.0,3
2020064655,,0,KS,,,7.0,2
2020076310,,0,NJ,TVC63C,2022.0,3.0,2
2020112628,,0,VA,U633504,2016.0,7.0,2
2020060512,,0,IL,698056ST,2020.0,7.0,1
2020001490,,0,NJ,TTT24C,2021.0,7.0,1
2020050079,,0,NJ,TNH41B,2020.0,7.0,1
2020086213,,0,LA,J722608,2019.0,7.0,2
2020019709,,0,VA,970376TL,2020.0,7.0,2
2020068272,,0,PA,XKB4495,2021.0,6.0,1
2020039828,,0,FL,9177CJ,2012.0,7.0,1
2020099509,,0,NJ,TUW38N,2022.0,7.0,1
2020083928,,0,TN,126481T,2021.0,7.0,1
2020084002,,0,PA,XMP9752,2020.0,3.0,1
2020036076,,0,OH,SMR3043,,6.0,1
2020037066,,0,ME,272386D,2027.0,7.0,2
2020050507,,0,OR,HU99967,2016.0,7.0,2
2021049777,,0,,,,1.0,2
2020113350,,0,NJ,TNC80S,2021.0,7.0,2
2020104651,,0,IN,P692537,2020.0,7.0,2
2020106946,,0,MD,08602GA,2021.0,7.0,1
2020041960,,0,PA,PT259G8,2019.0,7.0,2
2020078062,,0,PA,XKK0680,,7.0,2
2020107405,,0,IL,537544ST,2020.0,7.0,2
2020065285,,0,IN,P776475,2020.0,7.0,1
2020106398,,0,IL,109999TE,2020.0,6.0,2
2020106398,,0,PA,PT475H5,2020.0,6.0,1
2020069715,,0,IN,P746515,2020.0,7.0,1
2020108836,,0,OK,9010KH,2020.0,7.0,1
2020042526,,0,PA,PT736G0,2020.0,7.0,2
2020067666,,0,IL,712481ST,2022.0,7.0,2
2020023259,,0,ZZ,999999999999,9999.0,7.0,3
2020106768,,0,PA,PT322J9,2020.0,6.0,2
2020025652,,0,TN,U700099,2099.0,7.0,2
2020089103,,0,PA,XN27331,2022.0,3.0,1
2020037908,,0,,,,1.0,1
2020039042,,0,ME,28TLR24074,,7.0,1
2020036591,,0,IL,644359ST,2011.0,7.0,1
2020032775,,0,PA,PT352F0,2020.0,7.0,2
2020069893,,0,TN,U199504,,7.0,1
2020073377,,0,NJ,TKN45F,2021.0,6.0,1
2020075177,,0,ME,227233B,2020.0,7.0,1
2020101527,,0,PA,PT106D7,2020.0,7.0,2
2020090475,,0,PA,XLV1325,2020.0,3.0,1
2020038860,,0,IL,488943ST,,7.0,1
2020025505,,0,PA,XKH1852,2020.0,7.0,1
2020088591,,0,PA,XMG8649,2021.0,3.0,1
2020089968,,0,TN,T753793,2020.0,7.0,1
2020108338,,0,VA,386092TL,2099.0,7.0,2
2020039990,,0,NE,268076,2018.0,7.0,1
2020060660,,0,ON,J7215N,20.0,7.0,2
2020058133,,0,TN,U831575,2020.0,7.0,1
2020078183,,0,,,,6.0,1
2020004370,,0,PA,,,1.0,2
2020061310,,0,PA,XJD5194,2025.0,6.0,2
2021001052,,0,PA,MG4051E,21.0,8.0,2
2021001789,,0,PA,PT277H4,2021.0,8.0,2
2021001821,,0,PA,,,,1
2021001836,,0,PA,PT795F1,2014.0,7.0,2
2021002279,,0,OK,BU8302,2021.0,7.0,1
2021002285,,0,IN,P227251,2021.0,7.0,2
2021002307,,0,ME,2379869,2002.0,7.0,1
2021002357,,0,FL,7100CX,2020.0,6.0,1
2021002393,,0,OK,5591KQ,2021.0,7.0,3
2021002542,,0,IN,P445867,2021.0,7.0,2
2021002567,,0,PA,,,,1
2021002912,,0,MS,10F0HB,2021.0,7.0,2
2021003005,,0,ME,2465950,2018.0,7.0,1
2021003440,,0,IN,P208365,,6.0,3
2021003484,,0,MB,TD6768,2021.0,7.0,2
2021003495,,0,PA,LHD-0892,2021.0,1.0,2
2021003566,,0,ME,259173C,2001.0,7.0,1
2021003968,,0,TN,046077T,2019.0,7.0,1
2021004342,,0,SC,50563PT,2021.0,7.0,2
2021004880,,0,LA,J767471,2021.0,7.0,2
2021005433,,0,NY,BT76852,2021.0,6.0,1
2021005435,,0,NY,BP64865,2021.0,7.0,2
2021005697,,0,PA,XDV8199,2008.0,6.0,3
2021006001,,0,ZZ,999999999999,9999.0,7.0,2
2021006212,,0,PA,PT7588V,2001.0,7.0,1
2021006598,,0,OK,9556LO,2021.0,7.0,2
2021006744,,0,IN,P748013,2021.0,7.0,1
2021006758,,0,IL,T517796,2021.0,7.0,1
2021007049,,0,NJ,TXD92X,2022.0,7.0,2
2021007251,,0,PA,PT417D9,2021.0,7.0,2
2021007298,,0,NJ,TMM44N,2014.0,6.0,2
2021007520,,0,PA,PT4491Y,2021.0,7.0,2
2021007785,,0,,,,1.0,1
2021007929,,0,ME,299187,2029.0,7.0,2
2021008055,,0,PA,PT410C2,2021.0,7.0,1
2021008235,,0,PA,PT764B4,2021.0,7.0,2
2021008285,,0,IL,683490ST,2019.0,7.0,2
2021008911,,0,ID,TL8319,2021.0,7.0,1
2021008911,,0,TN,T551075,2020.0,7.0,2
2021008924,,0,GA,WCQ954,2021.0,7.0,2
2021008967,,0,CA,4M6238,2024.0,7.0,2
2021008998,,0,ME,3821930,2022.0,6.0,2
2021009091,,0,NJ,TWH95L,2005.0,7.0,1
2021009399,,0,TN,U506598,2021.0,6.0,2
2021009412,,0,PA,XJY5373,2021.0,7.0,1
2021009604,,0,IN,P902721,2020.0,6.0,2
2021009613,,0,TN,U645270,2021.0,7.0,1
2021009615,,0,PA,PT40842,2021.0,6.0,5
2021009862,,0,IL,L624985,2021.0,7.0,2
2021009887,,0,ME,427910Z,2021.0,7.0,2
2021010463,,0,CA,XP32727,2019.0,6.0,1
2021010677,,0,PA,PT458A6,2015.0,6.0,2
2021010748,,0,NY,1380C4,2024.0,7.0,2
2021010828,,0,PA,XLL2313,2021.0,3.0,1
2021011050,,0,PA,XMG2658,2022.0,3.0,1
2021011181,,0,AL,A100068,2021.0,7.0,1
2021011464,,0,MX,274173Z,2021.0,7.0,1
2021011493,,0,TN,T737057,,7.0,1
2021011586,,0,NJ,XKKX41,2024.0,7.0,2
2021011654,,0,CA,6766STR,2016.0,7.0,1
2021012077,,0,OK,9409LT,2019.0,3.0,1
2021012822,,0,OK,BA5963,2006.0,7.0,1
2021012979,,0,ME,3014105,2030.0,7.0,2
2021012995,,0,SC,44957PT,2000.0,7.0,3
2021013035,,0,PA,PT5241N,2021.0,7.0,1
2021013061,,0,,,,7.0,2
2021013113,,0,PA,PT319L9,2021.0,7.0,2
2021013295,,0,PA,NONE,2000.0,8.0,5
2021013710,,0,,,,7.0,1
2021013939,,0,ZZ,9999999999,9999.0,7.0,2
2021014053,,0,OR,HR68824,2022.0,7.0,2
2021014213,,0,IN,P606562,2021.0,7.0,1
2021014305,,0,ZZ,999999999999,9999.0,7.0,2
2021014452,,0,PA,XFG-4996,1964.0,3.0,2
2021014809,,0,VA,324761TL,2021.0,7.0,1
2021015010,,0,TN,U847668,2018.0,6.0,1
2021015124,,0,ME,223530D,2022.0,8.0,1
2021015245,,0,IN,2524087,2019.0,7.0,3
2021015361,,0,,,,1.0,1
2021015361,,0,IN,P375430,2021.0,7.0,3
2021015536,,0,NJ,TKH44C,2024.0,7.0,2
2021015537,,0,IL,620606ST,2022.0,7.0,1
2021015537,,0,NJ,TKH44C,2022.0,7.0,3
2021015713,,0,PA,PT709A4,2021.0,7.0,2
2021015733,,0,PA,XJN4626,2021.0,3.0,1
2021015808,,0,,,,9.0,1
2021015895,,0,PA,XMX5119,,6.0,1
2021015919,,0,NC,AY32473,2021.0,7.0,1
2021016136,,0,OK,BJ6699,2018.0,7.0,2
2021016423,,0,IN,P989490,2021.0,7.0,1
2021016533,,0,PA,PT464E2,2021.0,7.0,1
2021017268,,0,IN,P683829,2021.0,7.0,1
2021017341,,0,ZZ,999999999999,2021.0,6.0,1
2021017747,,0,PA,XMJ1743,2009.0,3.0,2
2021017928,,0,ME,248595A,2021.0,7.0,3
2021018029,,0,ME,3224707,,6.0,3
2021018183,,0,ME,3126976,2021.0,7.0,2
2021018186,,0,TN,015321T,2021.0,7.0,1
2021018195,,0,PA,PT5858G,2021.0,7.0,2
2021018270,,0,NJ,TNG19X,2021.0,7.0,1
2021018313,,0,IN,P686214,2021.0,6.0,2
2021018430,,0,MI,D768633,2022.0,7.0,2
2021018588,,0,IL,675368ST,2021.0,7.0,1
2021018624,,0,IN,PA19557,2019.0,7.0,1
2021018659,,0,ZZ,UNKOWN,2021.0,7.0,1
2021018702,,0,OK,2584GY,2021.0,6.0,2
2021018806,,0,NJ,TRP60S,2021.0,7.0,2
2021018851,,0,PA,PT329C2,2021.0,7.0,1
2021018854,,0,MI,D334808,2021.0,7.0,2
2021018854,,0,TN,U785041,2021.0,7.0,3
2021019036,,0,MS,105684A,2021.0,7.0,1
2021019039,,0,ZF,3T352,2021.0,7.0,2
2021019056,,0,ME,28TLR17325,2021.0,7.0,2
2021019206,,0,IN,P201385,2021.0,7.0,2
2021019238,,0,IN,P694054,2019.0,7.0,2
2021019407,,0,IN,P390953,2017.0,7.0,2
2021019476,,0,PA,PT0716G,2003.0,7.0,2
2021019520,,0,ME,3020370,2022.0,7.0,2
2021019580,,0,PA,PT383D1,2021.0,3.0,2
2021019613,,0,NY,BP16092,2021.0,7.0,2
2021019640,,0,IN,PA19212,2021.0,7.0,2
2021019899,,0,PA,XLZ5217,,3.0,1
2021020109,,0,ME,3218669,2021.0,7.0,1
2021020611,,0,ME,2822634,2021.0,7.0,2
2021020644,,0,PA,XM78479,9999.0,6.0,2
2021020721,,0,TN,E448HV,2022.0,7.0,2
2021021006,,0,OK,BB4958,2021.0,7.0,2
2021021122,,0,NJ,TTU32X,2022.0,7.0,2
2021021180,,0,TX,176B538,2020.0,7.0,1
2021021331,,0,ME,231891A,2021.0,7.0,2
2021021335,,0,TN,121140T,2021.0,7.0,1
2021021360,,0,GA,XQR900,2021.0,8.0,2
2021021382,,0,ME,21TRL3584C,2021.0,7.0,2
2021021384,,0,ZZ,UNKNOWN,2099.0,7.0,1
2021021385,,0,ME,219330A,2009.0,7.0,1
2021021536,,0,TN,U51869,2009.0,7.0,2
2021021551,,0,PA,PT5501W,9999.0,7.0,1
2021021636,,0,ME,3028902,2021.0,7.0,2
2021021745,,0,ME,254344D,2025.0,7.0,1
2021022101,,0,PA,,,1.0,1
2021022142,,0,ME,2666979,2020.0,7.0,1
2021022332,,0,DE,T11705,2022.0,3.0,2
2021022504,,0,PA,PT257H4,2023.0,7.0,2
2021022708,,0,NE,W34291,2021.0,7.0,3
2021022882,,0,IN,PA28166,2021.0,7.0,3
2021022925,,0,PA,XLT7534,1986.0,6.0,1
2021022952,,0,TN,050533T,2021.0,7.0,2
2021022965,,0,TN,U627284,2021.0,7.0,2
2021022991,,0,PA,PT332D7,2021.0,7.0,1
2021023008,,0,MX,2148296,2021.0,7.0,2
2021023226,,0,DE,CT6395,2021.0,8.0,1
2021023559,,0,MX,2650893,2023.0,7.0,1
2021023661,,0,VT,88D97,2021.0,7.0,3
2021023756,,0,PA,XKC4313,2021.0,3.0,2
2021023831,,0,NJ,TVR73K,2006.0,7.0,1
2021023914,,0,PA,PT141B9,2016.0,7.0,2
2021023915,,0,ZZ,999999999999,9999.0,7.0,2
2021023951,,0,PA,XLN6737,2021.0,7.0,2
2021024281,,0,,,,8.0,2
2021024448,,0,OR,HU70866,2013.0,7.0,1
2021024459,,0,ME,3032274,,6.0,2
2021024512,,0,TN,U699860,2022.0,7.0,1
2021024698,,0,TN,U626752,2099.0,7.0,2
2021024838,,0,ME,245451F,2024.0,6.0,2
2021025015,,0,,,,8.0,2
2021025084,,0,TN,U828288,2099.0,7.0,2
2021025785,,0,ME,2249191,2021.0,7.0,2
2021025836,,0,TX,180B307,2021.0,7.0,2
2021025880,,0,PA,XMB2754,2021.0,3.0,1
2021025932,,0,PA,XJY4832,2021.0,4.0,1
2021025965,,0,ME,B990306,9999.0,7.0,1
2021026108,,0,VA,932028TL,2021.0,3.0,1
2021026178,,0,NM,0923FTK,2014.0,6.0,1
2021026203,,0,NJ,TWM28X,2021.0,7.0,2
2021026286,,0,NJ,TTT76D,2021.0,7.0,1
2021026303,,0,OK,AW9533,2099.0,7.0,2
2021026311,,0,ZZ,99999,2021.0,7.0,1
2021026467,,0,IA,DV4273,2021.0,7.0,1
2021026544,,0,NJ,TSM68X,2021.0,7.0,2
2021026582,,0,PA,,,1.0,1
2021026623,,0,PA,PT9426Z,2021.0,7.0,2
2021026825,,0,ZZ,999999999999,2021.0,7.0,1
2021026826,,0,ME,261851B,2021.0,7.0,2
2021026885,,0,ME,2138825,2021.0,7.0,1
2021026980,,0,PA,XGR8576,2012.0,6.0,3
2021027046,,0,ME,213317B,2020.0,6.0,2
2021027060,,0,IL,769977ST,2021.0,7.0,3
2021027121,,0,MO,08B601,,6.0,2
2021027172,,0,MD,,2021.0,8.0,1
2021027202,,0,NJ,TRU93A,2021.0,7.0,2
2021027528,,0,VA,453-029TL,2021.0,7.0,2
2021027542,,0,PA,XJA8934,2020.0,3.0,1
2021027599,,0,MX,242871D,2020.0,7.0,2
2021027617,,0,PA,XJM7606,2021.0,3.0,2
2021027735,,0,PA,XLR9731,2019.0,6.0,2
2021027749,,0,ME,B434159,2015.0,7.0,1
2021027804,,0,PA,PT8726Z,2016.0,7.0,1
2021028120,,0,PA,PT885G1,2021.0,7.0,2
2021028328,,0,ME,256254B,2020.0,7.0,1
2021028412,,0,ZZ,,,6.0,1
2021028420,,0,,,,1.0,1
2021028800,,0,PA,PT259G9,2021.0,7.0,1
2021028865,,0,PA,PT607A6,2022.0,7.0,2
2021028950,,0,PA,PT515F3,2021.0,6.0,2
2021029082,,0,IL,602355ST,2017.0,7.0,2
2021029197,,0,PA,XLR1770,2021.0,3.0,2
2021029261,,0,MN,7730STT,21.0,7.0,1
2021029390,,0,ZZ,UNKNOWN,2021.0,7.0,1
2021029640,,0,IN,P709111,2022.0,7.0,2
2021029677,,0,PA,PT655J4,2021.0,7.0,1
2021029677,,0,PA,PT698F7,2021.0,7.0,2
2021029686,,0,OK,8341LX,2021.0,7.0,2
2021029725,,0,PA,AG73496,2016.0,7.0,2
2021029788,,0,PA,LLC2228,2021.0,1.0,2
2021029788,,0,PA,6SIX6,2021.0,1.0,3
2021029844,,0,ON,N7040H,2020.0,7.0,2
2021029926,,0,OH,TQU8297,2023.0,3.0,1
2021030125,,0,PA,NONE,2021.0,7.0,2
2021030162,,0,PA,PT167E5,2021.0,7.0,2
2021030195,,0,PA,325B1,2021.0,7.0,1
2021030246,,1,PA,JPK4853,2021.0,1.0,2
2021030323,,0,ZZ,UNKNOWN,2099.0,7.0,2
2021030419,,0,PA,170,2021.0,2.0,1
2021030463,,0,PA,PT422K6,2021.0,7.0,2
2021030463,,0,OK,5695GN,2021.0,7.0,3
2021030543,,0,NJ,TNH41B,2022.0,7.0,2
2021030545,,0,PA,PT406L5,2021.0,7.0,2
2021030660,,0,IN,P948915,2021.0,6.0,2
2021031067,,0,PA,PT836H1,2021.0,6.0,2
2021031289,,1,,999999999999,9999.0,6.0,2
2021031395,,0,NJ,TPV69N,,6.0,1
2021031514,,0,ZZ,999999,2099.0,7.0,2
2021031761,,0,ME,2680637,2026.0,7.0,1
2021031822,,0,OK,3124KT,2021.0,7.0,2
2021032141,,0,PA,XLK3267,2020.0,8.0,3
2021032300,,0,PA,PT350C8,9999.0,3.0,2
2021032317,,0,PA,XBM5749,2024.0,6.0,2
2021032362,,0,ME,2438654,2024.0,7.0,2
2021032365,,0,MD,A90365,2004.0,6.0,1
2021032469,,0,OK,7853JJ,2021.0,7.0,2
2021032519,,0,NJ,P688518,2019.0,7.0,1
2021032524,,0,PA,XHH6541,2000.0,3.0,2
2021032973,,0,PA,PT548D8,2021.0,7.0,2
2021033074,,0,PA,XHC5165,2021.0,5.0,2
2021033294,,0,ZZ,UNKNOWN,2099.0,3.0,1
2021033317,,0,NJ,TMP46U,2021.0,7.0,3
2021033435,,0,MN,4ST7123,9999.0,7.0,1
2021033514,,0,PA,XR68244,2021.0,3.0,1
2021033672,,0,ME,2451092,2020.0,6.0,1
2021033675,,0,PA,PT907H8,2025.0,7.0,1
2021033741,,0,IL,570082ST,2021.0,7.0,2
2021033888,,0,NJ,TDY30Y,2018.0,7.0,1
2021034081,,0,PA,PT915K7,2021.0,6.0,2
2021034351,,0,PA,PT067E7,2021.0,7.0,1
2021034368,,0,IN,P894153,2021.0,7.0,3
2021034369,,0,IL,606136ST,2021.0,7.0,2
2021034384,,0,PA,XKF5812,2021.0,3.0,1
2021034387,,0,IN,PA19309,2021.0,7.0,2
2021034391,,0,PA,XLT8835,2022.0,7.0,1
2021034483,,0,PA,XKK5732,2021.0,3.0,1
2021034492,,0,OK,4615EX,2020.0,7.0,4
2021034674,,0,DE,CL118945,2020.0,6.0,2
2021034763,,0,IL,726566ST,2020.0,7.0,1
2021035087,,0,PA,HYV0176,,1.0,2
2021035295,,0,PA,PT172J6,2021.0,6.0,1
2021035524,,0,PA,XM75744,2021.0,7.0,2
2021035532,,0,,,,8.0,1
2021035728,,0,PA,PT3872X,2024.0,7.0,2
2021035803,,0,NJ,TTA41V,2021.0,6.0,3
2021035827,,0,OH,TRL3351,2022.0,7.0,1
2021035827,,0,ME,278657A,2027.0,7.0,2
2021035960,,0,IL,704937ST,2021.0,7.0,1
2021036264,,0,PA,XK32845,2024.0,3.0,2
2021036559,,0,PA,XKC0434,2021.0,3.0,1
2021036710,,0,PA,KTX4512,2021.0,3.0,1
2021036721,,0,ME,245685G,2099.0,7.0,2
2021036833,,0,CA,4TR3605,2021.0,7.0,1
2021036844,,0,,,,7.0,2
2021036898,,0,KS,644430,2022.0,6.0,1
2021037051,,0,TN,U939220,2022.0,7.0,3
2021037256,,0,PA,PT177H4,9999.0,7.0,2
2021037264,,0,IL,T279641,2022.0,6.0,2
2021037514,,0,PA,XJE4553,2021.0,3.0,2
2021037545,,0,OH,SRE4910,2021.0,8.0,2
2021037564,,0,OK,5848KQ,2021.0,7.0,1
2021037615,,0,NJ,TWH83L,2021.0,3.0,2
2021037658,,0,ZZ,99999,2021.0,7.0,2
2021037702,,0,PA,PT905E4,2021.0,7.0,1
2021037867,,0,ME,A179155,,6.0,3
2021038319,,0,PA,PT854H2,2021.0,3.0,1
2021038329,,0,MX,2648747,2026.0,7.0,2
2021038409,,0,PA,XFX2961,2021.0,7.0,1
2021038513,,0,PA,XMN7940,2021.0,3.0,1
2021038590,,0,PA,,,,1
2021038778,,0,ME,247251E,2024.0,7.0,2
2021039070,,0,PA,,,1.0,1
2021039105,,0,NJ,T55E3B,1992.0,3.0,1
2021039162,,1,,,,1.0,1
2021039382,,0,WV,C385-797,2021.0,7.0,2
2021039735,,0,IL,T523845,2022.0,7.0,2
2021039831,,0,PA,PT0503L,2021.0,7.0,1
2021039848,,0,PA,XMH7879,2021.0,6.0,2
2021039853,,0,PA,PT022H4,2021.0,7.0,1
2021039855,,0,PA,PT022H4,2022.0,7.0,1
2021039861,,0,TN,U970799,2021.0,7.0,1
2021039909,,0,PA,XBA6018,,7.0,1
2021040126,,0,PA,,,3.0,2
2021040162,,0,PA,XMC8955,2021.0,3.0,1
2021040398,,0,PA,PT330A5,2021.0,3.0,2
2021040485,,0,ME,23646645,2023.0,7.0,2
2021040696,,0,IN,P338864,2022.0,6.0,2
2021040722,,1,PA,XCE7269,2020.0,8.0,2
2021041063,,0,IL,600876ST,2023.0,7.0,2
2021041082,,1,NJ,TWX73B,2021.0,7.0,1
2021041181,,0,ON,9058028151,2021.0,7.0,2
2021041431,,0,ME,W26232,2021.0,7.0,2
2021041573,,0,PA,PT213L9,2021.0,7.0,2
2021041624,,0,PA,XMG5457,2021.0,7.0,1
2021041781,,0,ME,255639C,2005.0,7.0,1
2021041792,,0,NY,W85041T,2021.0,8.0,1
2021041883,,0,NE,27456W,2021.0,7.0,2
2021041933,,1,PA,XJC0396,2017.0,6.0,3
2021042000,,0,ME,226723D,2022.0,7.0,2
2021042052,,1,PA,PT855L7,2003.0,7.0,2
2021042513,,0,TX,026D717,2025.0,6.0,2
2021042593,,0,PA,XLD1933,2018.0,6.0,1
2021042809,,0,PA,,,1.0,1
2021043027,,0,PA,XMY5511,2020.0,3.0,2
2021043057,,0,OK,5293KJ,2021.0,7.0,2
2021043059,,0,TN,U789020,2021.0,7.0,2
2021043197,,0,IL,676355ST,2022.0,7.0,1
2021043199,,0,,,,8.0,2
2021043311,,1,,,,2.0,2
2021043697,,0,PA,PT1665V,2021.0,7.0,2
2021043703,,0,NJ,TUY56J,2022.0,3.0,2
2021043748,,0,IN,P767957,2021.0,6.0,4
2021043892,,0,NJ,TDR99D,2007.0,7.0,1
2021043937,,0,,,,6.0,2
2021044176,,0,PA,PT049K7,2022.0,6.0,2
2021044432,,0,ME,22TRL80318,2022.0,7.0,2
2021044474,,0,IN,T2801899,2024.0,7.0,2
2021044679,,0,NJ,TUD49T,2022.0,6.0,3
2021044728,,0,IL,623601,2021.0,7.0,3
2021045084,,0,PA,XKN0370,2018.0,6.0,1
2021045237,,0,CA,4TT3670,2099.0,7.0,1
2021045538,,0,ZZ,UNKNOWN,2021.0,9.0,1
2021045538,,0,ME,4014789,2024.0,7.0,2
2021045654,,1,PA,XNB8972,2021.0,3.0,1
2021045665,,0,ME,3312442,2033.0,7.0,1
2021045708,,1,TN,U949881,2021.0,7.0,1
2021045708,,2,,,,7.0,1
2021045881,,0,ME,F48783,2021.0,8.0,1
2021045894,,0,OK,3145LT,2021.0,7.0,2
2021045899,,0,TN,T684459,2021.0,7.0,3
2021045914,,0,OK,BL4445,2021.0,7.0,2
2021046140,,0,PA,97293MG,2024.0,3.0,2
2021046848,,1,,,,8.0,2
2021046989,,0,LA,P252011,2022.0,7.0,2
2021047298,,0,VA,970388TL,2022.0,6.0,1
2021047376,,0,TN,U706215,2022.0,7.0,2
2021047590,,0,NJ,TSH91V,2021.0,7.0,2
2021047685,,0,IN,P590036,2021.0,7.0,2
2021047757,,0,WI,618041,2021.0,7.0,3
2021047822,,0,CA,4TL9904,2026.0,7.0,2
2021047859,,0,IL,T518380,2021.0,6.0,1
2021048006,,0,,,,7.0,1
2021048020,,0,ME,2294015,2021.0,7.0,1
2021048055,,0,CA,4PW6897,2021.0,7.0,2
2021048190,,1,PA,XLD4056,2017.0,3.0,1
2021048325,,0,IN,P913347,,7.0,1
2021048551,,1,,,,1.0,1
2021048565,,0,PA,PT008A2,2022.0,7.0,2
2021048682,,0,ME,225062D,2022.0,7.0,3
2021048814,,0,PA,NONE,2021.0,8.0,1
2021048929,,0,PA,XJW2500,2021.0,6.0,2
2021049229,,0,PA,PT9152P,2021.0,7.0,2
2021049604,,0,PA,XKK0679,2022.0,7.0,1
2021049634,,0,IN,P738485,2021.0,7.0,1
2021049649,,0,NJ,TVY85T,,6.0,1
2021050017,,0,PA,XFB3570,2021.0,7.0,2
2021050216,,0,ME,2849668,2028.0,7.0,1
2021050283,,0,PA,XHY0978,2005.0,3.0,1
2021050445,,0,ME,2281440,2020.0,7.0,2
2021050468,,0,ME,26TLR48925,2026.0,7.0,2
2021050469,,0,MX,2559084,2022.0,7.0,2
2021050483,,0,NJ,TVT26X,2021.0,3.0,2
2021050800,,0,,,,6.0,1
2021050893,,0,ME,66782,2021.0,8.0,2
2021050957,,0,PA,XM92323,2011.0,7.0,2
2021051028,,0,PA,XKC8575,2021.0,3.0,2
2021051237,,0,QC,L816423,2019.0,7.0,2
2021051278,,0,MX,269853B,2026.0,7.0,2
2021051280,,0,FL,QA80AB,2099.0,6.0,2
2021051323,,0,NJ,TJE17V,2024.0,8.0,2
2021051626,,0,PA,XML4463,2025.0,3.0,1
2021051789,,0,MS,080644A,2021.0,7.0,2
2021051841,,0,PA,XKF4256,2016.0,6.0,1
2021051896,,1,,,,8.0,1
2021051938,,0,IN,P769368,2021.0,7.0,1
2021052214,,0,OR,HP92426,1995.0,6.0,1
2021052219,,0,TN,U972739,2021.0,6.0,1
2021052414,,0,ME,2925110,2022.0,7.0,2
2021052772,,0,NJ,TPU35H,2022.0,7.0,2
2021052977,,0,IN,P445486,2014.0,7.0,2
2021052999,,0,NB,266608,2021.0,7.0,4
2021053179,,0,MB,TF3791,2021.0,6.0,1
2021053290,,0,NJ,TXU49M,2022.0,7.0,1
2021053358,,0,PA,XKB0287,2023.0,3.0,2
2021053625,,0,MS,137707A,2021.0,7.0,1
2021053771,,0,NJ,TJU40W,2023.0,7.0,1
2021053824,,0,IN,P52614,2021.0,7.0,2
2021053826,,0,ME,3113834,2021.0,7.0,2
2021054007,,0,,,,3.0,1
2021054410,,0,QC,RK6032M,2021.0,7.0,1
2021054418,,0,ZZ,UNKNOWN,2022.0,9.0,1
2021054479,,1,PA,,,1.0,1
2021054567,,0,PA,PT486L8,999.0,6.0,2
2021054934,,0,,,,1.0,1
2021055038,,1,PA,XY07654,2021.0,3.0,3
2021055072,,0,PA,XDD5063,,3.0,2
2021055095,,0,IL,609580ST,999.0,7.0,1
2021055107,,0,,,,1.0,2
2021055223,,0,IN,P674508,2021.0,6.0,1
2021055279,,1,PA,XMR7375,2020.0,3.0,2
2021055323,,0,PA,PT479B0,2021.0,7.0,2
2021055695,,0,NJ,TWH95R,2023.0,7.0,2
2021055703,,0,IN,P112303,2099.0,7.0,1
2021056107,,0,NJ,TPG61Y,2021.0,7.0,2
2021056114,,0,NJ,TNN4414``,2021.0,7.0,2
2021056269,,0,,,,6.0,1
2021056484,,0,IN,P914093,2020.0,7.0,2
2021056594,,0,ZZ,,,8.0,3
2021056614,,0,NJ,TLY32A,2024.0,6.0,2
2021056627,,0,ZZ,999999,2021.0,7.0,1
2021056694,,0,TN,U373872,,7.0,1
2021056867,,0,IN,P254102,2099.0,7.0,1
2021056958,,0,NY,AG44109,2021.0,4.0,1
2021057336,,0,MS,A477250,2020.0,1.0,2
2021057598,,0,NJ,TWR13J,2021.0,6.0,1
2021058178,,0,OR,HQ99574,1997.0,7.0,1
2021058272,,1,ZZ,UNKNOWN,2099.0,7.0,3
2021058360,,0,GA,WQA642,2019.0,7.0,1
2021058383,,1,PA,XHY8455,2022.0,3.0,1
2021058562,,0,PA,XKX6051,2021.0,3.0,2
2021058592,,0,OK,6768KJ,2021.0,7.0,2
2021058735,,0,PA,PT1076Z,2023.0,7.0,1
2021058740,,0,ME,3020408,2030.0,7.0,2
2021058761,,0,ZZ,999999999999,9999.0,7.0,2
2021058795,,0,ZZ,,,7.0,2
2021058862,,0,OK,AE4408,2018.0,7.0,2
2021059048,,1,PA,GJF8376,2006.0,1.0,2
2021059176,,0,NC,AK74651,2021.0,3.0,1
2021059189,,0,NC,AL23789,2020.0,3.0,1
2021059293,,1,,,,3.0,1
2021059397,,0,NB,TPZ923,2021.0,7.0,1
2021059458,,0,PA,PT139J3,2099.0,6.0,2
2021059795,,0,OK,3805KH,2014.0,7.0,2
2021059974,,0,PA,PT235A6,2021.0,6.0,1
2021060131,,0,NJ,TSV38B,2024.0,6.0,4
2021060427,,0,PA,XR19146,2021.0,6.0,2
2021060511,,0,ME,2399843,2019.0,7.0,1
2021060798,,0,PA,XNB4673,1999.0,6.0,1
2021061227,,0,PA,XMD2702,2021.0,6.0,2
2021061317,,1,ME,253949C,2021.0,3.0,2
2021061407,,0,IN,2942402,2021.0,7.0,1
2021061459,,1,TN,0156051,,7.0,2
2021061833,,1,,,,3.0,1
2021061984,,0,NJ,TTT66R,2021.0,7.0,2
2021062017,,0,TN,T777987,1994.0,7.0,1
2021062081,,0,KY,52532T,2021.0,7.0,2
2021062091,,0,IN,P498484,2021.0,7.0,1
2021062113,,0,WI,622150,2022.0,7.0,1
2021062137,,0,NJ,TUK73E,2021.0,7.0,1
2021062160,,0,ME,2846225,2028.0,7.0,1
2021062330,,0,CA,4TZ7972,2021.0,7.0,1
2021062358,,0,GA,XDY539,2022.0,7.0,2
2021062447,,0,MD,NONE,2021.0,8.0,2
2021062542,,1,PA,XMY5277,2022.0,3.0,2
2021062591,,0,PA,XLT8896,2021.0,8.0,1
2021062741,,0,TX,106B809,2021.0,7.0,2
2021062743,,0,KS,U7026,2021.0,1.0,1
2021062858,,0,IN,P732222,2021.0,7.0,1
2021062858,,0,DE,T0084661,2022.0,3.0,2
2021062904,,0,NJ,TPX34Y,2016.0,6.0,1
2021062962,,0,NJ,TWC20Y,,7.0,2
2021063109,,1,PA,PT681J6,2021.0,7.0,2
2021063111,,0,NJ,TPP69J,2024.0,7.0,2
2021063119,,0,PA,PT222G4,2021.0,7.0,1
2021063263,,0,ME,214010B,2021.0,7.0,1
2021063263,,0,ME,2820859,2028.0,7.0,3
2021063266,,1,PA,XCM1000,2022.0,3.0,3
2021063296,,1,PA,PT20961,2021.0,7.0,1
2021063302,,0,TN,U453185,2021.0,7.0,1
2021063324,,1,PA,XKE4460,2021.0,3.0,1
2021063389,,0,PA,PT8428R,2021.0,7.0,2
2021063403,,0,IN,2732834,2021.0,6.0,1
2021063450,,0,PA,XLP9533,2019.0,3.0,2
2021063486,,0,PA,PT5949H,2022.0,3.0,1
2021063588,,0,NJ,T48G3P,2021.0,3.0,2
2021063623,,0,OH,TQH1888,2022.0,7.0,2
2021063743,,0,NJ,T68M2A,2022.0,3.0,1
2021063894,,0,PA,XMD0627,,6.0,1
2021064148,,0,PA,XLC3497,2024.0,3.0,1
2021064350,,0,ME,B270136,2022.0,7.0,2
2021064398,,0,OK,2162JX,2006.0,7.0,1
2021064605,,0,IL,T500113,2014.0,7.0,1
2021064662,,0,,,,3.0,1
2021064831,,0,NJ,TVG60J,2017.0,4.0,2
2021064831,,0,NJ,TDR36D,2022.0,6.0,3
2021064838,,0,PA,PA5294A,2021.0,3.0,2
2021064894,,0,PA,XFP1831,2021.0,3.0,1
2021064903,,0,PA,PT0377F,2021.0,3.0,1
2021064950,,1,PA,XJF8612,2017.0,7.0,1
2021064971,,1,FL,GQXY05,2021.0,3.0,2
2021064989,,0,NJ,TVU16U,2023.0,6.0,2
2021065035,,0,NJ,TVE50M,2022.0,7.0,2
2021065048,,0,ME,43TLR7510Z,2021.0,7.0,1
2021065169,,0,TN,U573833,2021.0,7.0,2
2021065311,,0,PA,,2021.0,8.0,2
2021065481,,0,NC,AL53782,2021.0,3.0,2
2021065565,,0,,,,3.0,1
2021065774,,0,TN,115065T,2021.0,7.0,2
2021065774,,0,NJ,AT314U,2002.0,7.0,3
2021065777,,0,NE,17234C,2021.0,7.0,1
2021065781,,0,PA,XFR8793,2021.0,3.0,1
2021065926,,0,PA,XJF9471,2022.0,3.0,2
2021066252,,0,ME,2672301,2016.0,7.0,2
2021066519,,1,PA,PT558B0,2021.0,7.0,2
2021066521,,0,TN,U595319,2016.0,7.0,2
2021066648,,0,ME,271745Z,2021.0,7.0,1
2021066654,,0,PA,XMN5040,2022.0,6.0,2
2021066661,,0,AR,PT175870,2022.0,7.0,2
2021066858,,1,PA,XKF7845,2017.0,3.0,3
2021066889,,0,PA,PT300G5,,,1
2021067034,,0,NY,BP33681,2021.0,7.0,2
2021067173,,1,IN,SP990BHH,2020.0,7.0,1
2021067202,,0,ON,R8455V,2022.0,7.0,1
2021067243,,0,TN,U797533,,7.0,2
2021067561,,1,PA,PT500M2,9999.0,3.0,2
2021067592,,0,PA,3728794,2013.0,7.0,1
2021067592,,0,OK,BD3372,2019.0,7.0,2
2021067776,,0,IN,P363061,2019.0,6.0,4
2021067836,,1,PA,PT1353R,2002.0,7.0,1
2021067860,,0,PA,PT212C3,,6.0,1
2021067913,,0,PA,PT1598A,,6.0,2
2021067966,,0,PA,XGG9865,2021.0,6.0,1
2021068396,,0,IN,L44620,2021.0,6.0,2
2021068483,,0,AL,35TLA133,2022.0,7.0,2
2021068519,,0,PA,XDH9523,2022.0,7.0,1
2021069161,,0,MA,19B6,2020.0,7.0,1
2021069275,,0,PA,XKR2610,2017.0,3.0,2
2021069341,,0,PA,XGM6163,2021.0,8.0,2
2021069503,,0,PA,XKH0974,2019.0,6.0,2
2021069839,,0,PA,XKX8166,2018.0,8.0,3
2021069842,,0,IN,P706433,2021.0,7.0,2
2021070206,,0,PA,PT696J0,2020.0,6.0,2
2021070389,,0,IL,T498664,2023.0,7.0,2
2021070548,,0,NJ,TNM68V,2007.0,7.0,2
2021070677,,0,PA,XMZ4424,2021.0,3.0,1
2021070977,,0,PA,XMD2585,2022.0,3.0,2
2021071110,,0,PA,XMJ3935,2026.0,3.0,1
2021071130,,0,OH,TRL5387,2021.0,7.0,1
2021071405,,0,ME,137885,2021.0,3.0,1
2021071425,,1,IL,T536647,2019.0,7.0,1
2021071556,,0,PA,XMG3990,2022.0,6.0,1
2021071819,,0,IN,P818995,,7.0,1
2021072108,,0,OK,CE5391,2020.0,7.0,2
2021072196,,0,NJ,TXD60G,2021.0,5.0,1
2021072196,,0,NJ,TKN80P,2021.0,5.0,2
2021072222,,1,PA,XKN1935,1994.0,3.0,1
2021072236,,1,NC,AJ29436,2017.0,3.0,2
2021072347,,1,NJ,TWH23L,2020.0,6.0,2
2021072431,,0,ZZ,UNKNOWN,2099.0,7.0,3
2021072630,,1,PA,XLM4643,2020.0,3.0,1
2021072689,,0,PA,XLP9554,2018.0,3.0,2
2021072778,,1,NJ,TUD65E,,6.0,1
2021073007,,0,,,,1.0,2
2021073185,,0,IN,P574788,2021.0,7.0,3
2021073298,,0,NJ,TVS28Z,2021.0,5.0,1
2021073318,,0,ZZ,UNKNOWN,2099.0,7.0,2
2021073552,,0,TN,U859634,2023.0,7.0,2
2021073695,,0,NJ,TWL38C,2020.0,7.0,2
2021074151,,0,ZZ,99999,2099.0,6.0,1
2021074219,,0,PA,PT862G1,2021.0,6.0,2
2021074437,,0,PA,XMM5604,2021.0,6.0,2
2021074589,,0,TN,U865600,2099.0,6.0,2
2021074635,,0,PA,XKB9410,2010.0,3.0,1
2021074738,,0,PA,XCM2616,2021.0,6.0,2
2021074920,,0,PA,XLW2062,2022.0,7.0,2
2021074951,,0,PA,XMB5656,2021.0,3.0,1
2021075459,,1,PA,XNB5074,2021.0,6.0,2
2021075636,,1,PA,,,1.0,3
2021075798,,0,ME,30 35834,1999.0,8.0,1
2021076440,,0,PA,PT385F9,2022.0,7.0,2
2021076602,,0,PA,XCG-3664,2021.0,3.0,2
2021076987,,0,ME,2672092,2026.0,7.0,2
2021077323,,0,PA,XMP3036,2022.0,3.0,1
2021077889,,0,ME,2933741,2023.0,7.0,1
2021077890,,0,ME,273791A,2021.0,7.0,1
2021078114,,0,PA,PT285C7,2099.0,7.0,2
2021078271,,1,PA,XMA1329,2022.0,3.0,3
2021078301,1JJV532D5FL,1,OK,8480KQ,2021.0,7.0,2
2021078398,,0,PA,XGK4676,2022.0,3.0,1
2021078399,,0,PA,XJY5780,2022.0,3.0,2
2021078599,,0,PA,XNF1547,2026.0,3.0,2
2021079079,,0,TN,016204T,2024.0,7.0,1
2021079375,,0,PA,PT087F9,2022.0,6.0,1
2021079383,,0,,PT349B7,1996.0,6.0,2
2021079547,,0,ZZ,ZZZZZ,2022.0,7.0,1
2021079631,,0,PA,ZSX6628,2021.0,7.0,2
2021079845,,0,,,,1.0,2
2021079847,,0,VA,55296TM,2020.0,7.0,1
2021079970,,0,ZZ,UNKNOWN,2099.0,6.0,3
2021079977,,0,ME,365655Z,2022.0,6.0,1
2021079982,,1,PA,XHG6754,2022.0,6.0,1
2021080010,,0,OK,8926LH,2017.0,7.0,1
2021080137,,0,IL,699605,2014.0,7.0,1
2021080393,,1,PA,XHB1225,2021.0,3.0,2
2021080526,,0,OK,AN1743,2021.0,6.0,1
2021080550,,0,PA,PT603K8,2021.0,3.0,2
2021080804,,1,ME,238863B,2023.0,7.0,1
2021080861,,1,NJ,TVR12M,2007.0,3.0,1
2021081042,,0,,,,6.0,2
2021081156,,0,NJ,TRP80C,,6.0,1
2021081367,,0,PA,XGG4513,,3.0,2
2021081674,,0,IN,P348832,2021.0,7.0,1
2021081724,,1,PA,XFE9784,2021.0,3.0,2
2021081750,,0,ME,3831159,2038.0,7.0,1
2021082142,,1,PA,XHX2511,2025.0,3.0,1
2021082423,,0,NJ,THP59X,2021.0,7.0,2
2021082678,,0,PA,PT8217Z,2021.0,6.0,2
2021082707,,0,TN,U803995,2018.0,7.0,2
2021083028,,0,PA,PT590M7,2021.0,7.0,1
2021083028,,0,NJ,TXF23B,2021.0,5.0,2
2021083055,,1,PA,PT5431W,2022.0,7.0,2
2021083060,,0,PA,XND9961,2021.0,3.0,1
2021083185,,0,PA,MG7884M,2014.0,3.0,1
2021083334,,0,PA,,,1.0,1
2021083894,,0,TN,186134T,2022.0,7.0,1
2021084038,,0,ZZ,UNKNOWN,2099.0,9.0,1
2021084039,,0,IA,DF3466,2022.0,7.0,1
2021084039,,0,GA,RTLL14470,2022.0,7.0,2
2021084148,99999999999,1,ZZ,999999999999,9999.0,7.0,1
2021084172,,1,FL,7414CZ,2021.0,7.0,1
2021084412,,0,ME,228468C,2022.0,7.0,1
2021084423,,0,PA,XNH0222,2021.0,7.0,2
2021084573,,1,IL,484000,2021.0,6.0,2
2021084578,,1,TX,120C854,2021.0,7.0,2
2021084593,,0,ME,253963E,2021.0,7.0,2
2021084669,,0,ME,256912F,2021.0,6.0,2
2021084725,,0,OH,TSC7302,2021.0,7.0,1
2021084803,,1,,,,8.0,1
2021084851,,0,IN,P672827,2022.0,7.0,1
2021084889,,1,ME,33-24109,2021.0,6.0,4
2021084890,,0,ME,238433D,2023.0,6.0,1
2021084921,,0,ME,2342348,2023.0,7.0,1
2021085028,,0,PA,XMA7363,2021.0,3.0,1
2021085155,,0,PA,LRL0051,2018.0,1.0,2
2021085411,,0,,,,1.0,2
2021085438,,1,IN,P357107,2022.0,7.0,2
2021085515,,0,TN,U787649,2018.0,7.0,2
2021085543,,0,VA,CT778661,2022.0,6.0,2
2021085869,,1,PA,LLC1240,2021.0,1.0,1
2021086018,,0,PA,PT766J9,2020.0,7.0,2
2021086029,,1,TN,T9080249,2022.0,7.0,1
2021086300,,0,,,,1.0,2
2021086464,,0,ME,254180E,2021.0,7.0,2
2021086497,,1,PA,PT592D6,2022.0,6.0,2
2021086520,,0,PA,XLR2818,2021.0,3.0,1
2021086777,,0,PA,XFY3765,2022.0,7.0,1
2021086789,,0,TN,T927335,2006.0,7.0,1
2021086888,,0,IN,PA13406,,7.0,1
2021086966,,0,NJ,TBY65P,2025.0,7.0,2
2021087364,,0,PA,XFX4468,2021.0,3.0,2
2021087391,,0,IN,P812657,2099.0,7.0,1
2021087394,,1,IN,PA30140,2021.0,7.0,1
2021087502,,1,ZZ,UNKNOWN,2000.0,9.0,2
2021087537,,0,PA,999,2013.0,7.0,2
2021087597,,0,IA,DZ3918,2018.0,6.0,1
2021087689,,0,PA,XHF3168,2021.0,3.0,1
2021088096,,0,PA,,2021.0,7.0,2
2021088116,,1,PA,XKV2752,2002.0,3.0,2
2021088176,,1,ZZ,,,6.0,1
2021088454,,0,PA,,,,1
2021088460,,0,PA,JME3713,2021.0,1.0,2
2021088611,,1,IN,P261123,2099.0,7.0,2
2021088650,,1,PA,PT6713J,2013.0,7.0,2
2021088828,,0,PA,XLR2034,2000.0,6.0,2
2021089064,,0,,,,1.0,1
2021089064,,1,,,,1.0,2
2021089181,,1,DE,T0030917,2009.0,7.0,1
2021089233,,0,PA,KMR8003,2021.0,1.0,1
2021089310,,1,MA,1VAW84,2020.0,1.0,2
2021089418,,0,PA,PT882D2,2017.0,6.0,1
2021089666,,0,ME,25TLR55965,2016.0,7.0,2
2021090184,,1,PA,XJM2734,2015.0,3.0,1
2021090236,,0,DE,C183450,2022.0,7.0,2
2021090300,,1,PA,XKT9894,2021.0,6.0,2
2021090694,,0,PA,PT449M4,2009.0,6.0,2
2021090696,,0,NJ,AW580V,2021.0,7.0,2
2021090982,,1,TN,039724T,9999.0,3.0,1
2021090997,,0,PA,,,1.0,1
2021091036,,0,IL,633649ST,2018.0,7.0,2
2021091059,,1,PA,XKB9810,2004.0,3.0,1
2021091067,,0,PA,XHJ5138,2013.0,3.0,1
2021091192,,0,PA,PT775G0,2021.0,7.0,1
2021091281,,0,PA,XMA9586,2022.0,3.0,1
2021091357,,0,IL,763072ST,2021.0,7.0,1
2021091365,4YMBU1017LV,1,PA,XMH7740,2020.0,3.0,4
2021091427,,1,TN,U194353,2022.0,7.0,1
2021091462,,1,TN,T859912,2021.0,7.0,1
2021091462,,1,TN,U605629,2021.0,7.0,3
2021091465,,0,PA,PT0920W,2021.0,7.0,3
2021091479,,0,IN,P715169,2020.0,7.0,3
2021091630,,0,NJ,TWE23A,2024.0,7.0,2
2021091639,,1,PA,XNH8939,2022.0,3.0,2
2021091890,,0,TN,U800089,2022.0,7.0,1
2021091900,,0,PA,PT633C7,2021.0,7.0,1
2021092081,,0,TN,U811223,2018.0,7.0,1
2021092100,,1,PA,XKD4969,2021.0,7.0,1
2021092127,,0,ME,3315582,2022.0,7.0,1
2021092129,,0,ME,3120356,2031.0,7.0,2
2021092177,,1,PA,XJF1734,2022.0,6.0,1
2021092404,,1,PA,AG82821,2021.0,7.0,3
2021092736,,0,NJ,TYD87Y,2022.0,7.0,2
2021092775,,1,,PT312J3,,3.0,1
2021092797,5E0AU1742EG,1,TX,29776Z8,2021.0,7.0,1
2021092899,,1,MX,25TLR4683G,2020.0,8.0,3
2021092908,,0,IL,811175ST,2022.0,6.0,1
2021093101,,1,ON,S1407L,2021.0,7.0,2
2021093355,,1,TN,U624430,2022.0,7.0,1
2021093807,,1,NJ,TSZ95W,1925.0,7.0,2
2021093963,1M9SF2024GM,1,PA,MG5932J,2021.0,6.0,2
2021094075,,1,ME,276237Z,2021.0,7.0,3
2021094112,,1,ME,2296912,2022.0,7.0,2
2021094132,,0,NJ,THZ11B,,8.0,2
2021094576,,1,PA,XDP0666,2022.0,3.0,1
2021094759,,1,PA,UNK,2020.0,3.0,1
2021094799,,1,NS,PT65978,2022.0,7.0,1
2021095457,,1,,XJK3873,2011.0,5.0,2
2021095860,,1,PA,XL99729,2024.0,3.0,2
2021095865,,1,PA,XMJ1800,2022.0,7.0,1
2021095894,4YDFHMU23NA,1,PA,207819T,2022.0,4.0,1
2021095935,,1,PA,XDD2848,2021.0,3.0,2
2021096471,1JKBSS126FM,1,PA,XJM8946,2022.0,6.0,1
2021096564,99999999999,1,MT,DDR586,2099.0,3.0,1
2021096576,,0,AR,PT174147,1996.0,7.0,2
2021096867,,1,ME,,2099.0,7.0,2
2021096898,,1,IL,762835ST,2019.0,7.0,1
2021096902,,1,PA,PT751F9,2021.0,6.0,2
2021097165,,1,,XLB8233,2023.0,6.0,2
2021097246,,1,OR,HV20033,2022.0,7.0,4
2021097254,,0,SC,37065PT,2019.0,7.0,1
2021097294,,1,OK,AY3612,2023.0,7.0,1
2021097361,,1,ZZ,999999999999,9999.0,6.0,1
2021097408,,1,NJ,TTS77Y,2021.0,7.0,2
2021097490,,1,PA,PT497B8,2021.0,7.0,2
2021097602,,1,PA,PT230J9,,6.0,2
2021097609,,1,PA,KLT3226,2022.0,1.0,2
2021097609,,1,PA,HSM2032,2023.0,1.0,3
2021097609,,2,PA,KLT3226,2022.0,1.0,3
2021097633,,1,ME,227155D,2018.0,7.0,1
2021097794,,1,PA,PT196J3,1998.0,7.0,1
2021097794,,1,ME,29TLR45173,2021.0,7.0,2
2021097828,,1,ZZ,99999999,2099.0,7.0,2
2021097884,,0,PA,PT7118P,2021.0,7.0,1
2021097965,,1,PA,,,2.0,2
2021098033,53BPTEA14JP,1,PA,XLB5647,,3.0,2
2021098233,,0,MI,D249779,2021.0,7.0,1
2021098738,,1,PA,XNE7465,2022.0,3.0,2
2021099091,,1,,XKC5336,2021.0,3.0,2
2021099401,10HHTD1D771,1,PA,XHF5554,2022.0,3.0,2
2021099529,,1,,,,6.0,2
2021100240,5V8VC4825EM,1,PA,PT0006X,2022.0,7.0,2
2021100360,,0,PA,XKP8744,2021.0,7.0,1
2021100393,,0,ZF,UNKNOWN,2020.0,1.0,1
2021100446,,0,PA,XV67491,2022.0,8.0,1
2021100514,,1,IL,652201ST,2021.0,7.0,1
2021100684,,0,SC,71247PT,2020.0,7.0,1
2021100714,,1,PA,YWW8166,2022.0,7.0,2
2021100732,16VDX1228G5,1,PA,XLL0624,2022.0,3.0,2
2021100888,,1,NJ,TWC40M,2021.0,1.0,1
2021100889,,1,NJ,TWU26P,2021.0,7.0,2
2021101087,3H3V532C8FT,1,ME,24TLR69175,2024.0,7.0,1
2021101123,,1,ZZ,UNKNOWN,2021.0,7.0,1
2021101133,,0,PA,XGN9666,2021.0,6.0,1
2021101252,,0,ME,371008Z,2021.0,6.0,1
2021101409,,1,IN,P590559,2021.0,7.0,2
2021101409,,1,PA,AG84920,2021.0,7.0,3
2021101428,,0,ME,268372A,2022.0,7.0,1
2021101688,,1,PA,XLV0293,2022.0,3.0,1
2021101777,,1,PA,PT699D2,2021.0,7.0,1
2021101833,,1,ME,3015882,2008.0,7.0,1
2021101990,,1,ZZ,UNKNOWN,2099.0,7.0,1
2021102209,,0,PA,XDW0286,1992.0,1.0,2
2021102235,,1,NJ,TVF70M,2022.0,7.0,1
2021102483,,1,PA,XMC1359,2022.0,6.0,1
2021102483,,1,OK,9604LV,2022.0,7.0,2
2021102483,,2,OK,551OFI,2022.0,7.0,2
2021102850,,0,ME,272414A,2022.0,7.0,1
2021103056,,1,ME,2551922,2022.0,7.0,2
2021103380,,0,MX,2585918,2025.0,7.0,2
2021103666,,0,LA,L948805,2022.0,7.0,2
2021103819,,0,PA,XGS9750,2022.0,3.0,1
2021104056,,1,PA,XLB3936,2000.0,6.0,3
2021104106,1GRAA9620GD,1,ME,2555329PERM,9999.0,7.0,1
2021104157,,1,ZZ,UNKNOWN,2021.0,7.0,2
2021104160,,1,IN,P797829,2020.0,7.0,2
2021104253,,1,PA,XNF0065,2022.0,3.0,2
2021104315,,0,CA,4UA4500,2021.0,7.0,1
2021104558,99999999999,1,AB,6EG633,2021.0,7.0,2
2021104780,1A911422281,1,ME,2680597,9999.0,7.0,2
2021104785,,1,PA,PT411K,,6.0,1
2021105038,1JJV532W972,1,TX,201C930,2007.0,6.0,2
2021105074,,1,IN,SP332RTY,2020.0,7.0,2
2021105107,,1,ME,263004B,2021.0,7.0,1
2021105317,,1,PA,PT8896V,2023.0,7.0,2
2021105645,,1,,,,9.0,1
2021105739,,1,TN,U507605,2022.0,7.0,2
2021106029,,1,NE,31810W,2021.0,7.0,1
2021106037,,1,PA,PT055F0,2015.0,7.0,1
2021106038,,1,PA,PT963H1,2022.0,7.0,3
2021106042,,1,NJ,TVN78C,2021.0,7.0,2
2021106050,,1,TN,U911816,2021.0,7.0,2
2021106155,,0,PA,XKR7663,2022.0,8.0,2
2021106352,,1,TX,191C140,2021.0,6.0,1
2021106412,5DMFABTB27T,1,OH,TRDS9173,2007.0,6.0,2
2021106562,1L9SM0516X1,1,PA,PT9483V,9999.0,6.0,1
2021106625,,0,DE,T65213,2022.0,7.0,1
2021106630,,1,CT,BC86947,2022.0,6.0,3
2021106638,,0,NJ,TJZ34J,2023.0,7.0,1
2021106662,,0,MO,48K4CH,2012.0,7.0,2
2021106705,,1,VT,ATM852,2022.0,7.0,2
2021106882,,1,ME,235515A,,7.0,2
2021107272,,0,ME,C174073,2021.0,7.0,1
2021107286,,1,PA,XHX2340,2022.0,7.0,2
2021107716,,0,ME,243384F,2021.0,7.0,1
2021107784,5M7NBFX16LP,1,PA,XMT8765,2021.0,3.0,1
2021107813,,1,,XNF6969,2022.0,7.0,1
2021107887,,1,PA,XNN3700,2021.0,3.0,1
2021107890,1BH602021JL,1,PA,XKH9643,1988.0,8.0,1
2021107894,,1,ME,3228748,2032.0,7.0,2
2021107899,4YMUE182X3V,1,PA,XHT5135,2022.0,6.0,1
2021108087,,1,PA,PT6052V,2099.0,7.0,5
2021108105,,0,ME,244379E,2022.0,7.0,1
2021108340,,1,,,,7.0,3
2021108409,,0,NB,TSH253,2022.0,7.0,3
2021108651,,0,ON,V6335W,2015.0,7.0,1
2021108661,,1,PA,XJH6753,2000.0,3.0,1
2021108759,1UYVS25396U,1,PA,XGR9784,2022.0,7.0,2
2021108906,,1,NJ,TXK33V,2022.0,3.0,1
2021108906,,1,PA,PT890M6,2022.0,7.0,2
2021109072,,1,PA,PT298K1,2021.0,7.0,3
2021109153,,0,IL,707658ST,2021.0,7.0,3
2021109256,UNKNOWN,1,ZZ,UNKNOWN,,6.0,1
2021109653,,1,IL,698970ST,2019.0,7.0,2
2021109728,1JKDLA404CM,1,MI,P12B147,2022.0,3.0,2
2021109939,,1,PA,PT8183S,2021.0,7.0,3
2021110153,1UYVS248X4M,1,PA,PT-409G8,2021.0,7.0,1
2021110549,,1,PA,PT919K2,2022.0,6.0,2
2021110593,43YDC1627DC,1,PA,XKY1384,2024.0,3.0,2
2021110836,5MAMN48278C,1,PA,XKA4027,2022.0,7.0,1
2021111053,,0,NJ,TVH62Y,2022.0,3.0,1
2021111089,,0,PA,XMJ5178,2026.0,3.0,2
2021111353,,1,NJ,T16U4N,2022.0,3.0,2
2021111502,,1,OH,J861466,2021.0,7.0,1
2021111866,,1,,XNE2730,2022.0,3.0,2
2021111870,DE9606255,1,NJ,TTL92J,2022.0,7.0,1
2021112046,,1,IN,P289743,2012.0,7.0,1
2021112106,,0,ZZ,UNKNOWN,2099.0,7.0,2
2021112131,,1,OK,1440KM,2022.0,7.0,3
2021112137,,1,PA,XMS6947,2022.0,6.0,1
2021112478,,1,PA,60FT,2021.0,1.0,3
2021112685,1UYVS2532N6,1,OH,TRU3471,2022.0,7.0,1
2021112914,,0,ME,247177A,2016.0,7.0,1
2021112921,,1,ZZ,UNKNOWN,2099.0,7.0,2
2021112924,,1,PA,PT24611,2022.0,7.0,2
2021112955,,0,MX,2450645,2022.0,7.0,2
2021112981,,1,PA,XLV1316,2021.0,7.0,2
2021112981,,1,PA,XLV1316,2021.0,3.0,3
2021113032,1JJV532DXHL,1,IL,570314,2017.0,7.0,2
2021113141,1JJV482B7JL,1,NJ,TTG92P,2018.0,7.0,2
2021113306,,1,PA,XHX8327,2025.0,3.0,2
2021113631,5HTSN422387,1,ID,TP8141,2021.0,7.0,2
2021113675,,1,PA,XCP8852,2021.0,8.0,1
2021113920,,0,PA,PT8088Y,2021.0,7.0,1
2021114120,53BPTEB25JP,1,NJ,TUK19X,2022.0,3.0,2
2021114239,,0,ZZ,UNK,2099.0,7.0,1
2021114309,1UYVS25329M,1,WA,96750AB,2009.0,7.0,1
2021114372,5A3C816D0HL,1,PA,XKK5712,2017.0,3.0,2
2021114442,,1,OK,8030LH,2022.0,7.0,2
2021114445,,1,PA,PTH497H2,2021.0,6.0,3
2021114734,,1,PA,XKD4977,2021.0,3.0,1
2021114742,,1,ME,2479836,2024.0,7.0,2
2021114758,,0,FL,QA67GL,2004.0,7.0,1
2021114766,,0,PA,XKY5089,2022.0,6.0,1
2021114920,,0,IN,P389696,2022.0,6.0,1
2021114920,,0,IN,P563951,2022.0,6.0,2
2021115082,,0,NY,BK44413,2022.0,7.0,2
2021115113,,1,,,,4.0,1
2021115214,5JW1U1827E1,1,,999999999999,9999.0,6.0,2
2021115309,,1,NJ,TYJ30E,2021.0,8.0,1
2021115419,,0,PA,XNH5288,2021.0,6.0,1
2021115433,,1,ME,3323251,2021.0,7.0,1
2021115696,,1,PA,PT372M7,2022.0,7.0,1
2021116226,,0,IL,T411749,2014.0,7.0,2
2021116237,,1,PA,XKE4624,2022.0,3.0,2
2021116287,,0,PA,XFS1576,2022.0,8.0,1
2021116485,,1,VA,162864TM,2021.0,3.0,1
2021116636,,1,PA,XKC4464,2022.0,7.0,1
2021116647,,0,IN,P836244,2021.0,7.0,2
2021116732,1JJV482D1KL,1,IN,P792878,2021.0,7.0,3
2021116810,,1,,,,8.0,2
2021117222,,0,CA,4UC6558,2021.0,7.0,1
2021117249,,1,PA,PT263B6,2022.0,7.0,1
2021117254,,0,PA,PT214B3,2020.0,7.0,1
2021117580,1JJV532W06L,1,PA,PT821A3,,7.0,2
2021117695,,0,TN,U699251,2022.0,7.0,1
2021117765,,1,PA,XMV0024,2020.0,3.0,1
2021117993,,1,PA,XMX9535,2021.0,3.0,1
2021118109,,0,TX,152B540,2021.0,7.0,2
2021118175,,1,MO,15L1JX,2015.0,7.0,2
2021118576,3H3V532C5FT,1,MI,D184405,9999.0,7.0,1
2021118848,,0,ZZ,207132,2007.0,7.0,2
2021119538,,1,DE,T26347,2022.0,3.0,1
2021119577,,0,PA,PT368C1,2023.0,7.0,2
2021119585,,1,ME,2494795,2021.0,7.0,2
2021119602,,0,ME,3221877,2032.0,7.0,1
2021119602,,0,ME,2435024,2024.0,7.0,2
2021119616,,1,ME,23-9096C,2019.0,6.0,1
2021119792,,1,IL,509956ST,2021.0,7.0,1
2021119795,,0,TN,U242771,2024.0,7.0,1
2021119805,,1,,,,3.0,2
2021120022,,0,NJ,TEH49J,2024.0,6.0,2
2021120213,3H3V532COKR,1,PA,PT861M9,2022.0,7.0,1
2021120420,,1,GA,XDY804,2020.0,7.0,1
2021120541,UNKNOWN,1,ZZ,999999,9999.0,7.0,1
2021120596,,1,ME,2929945,2029.0,7.0,2
2021120611,,1,ME,3LT0833,,7.0,2
2021120661,,1,PA,MG7706F,2011.0,7.0,2
2021120790,,1,,,,6.0,4
2021121064,,1,PA,PT461B5,2021.0,7.0,1
2021121070,,0,PA,XKJ4932,2022.0,3.0,2
2021121073,,0,TN,063356T,2022.0,7.0,1
2021121706,,0,IN,P671968,2021.0,7.0,2
2021121775,,1,,,,7.0,1
2021121886,,1,WV,C114217,1993.0,7.0,1
2021122065,,0,PA,PT163B4,,3.0,1
2021122186,,0,PA,PT910C0,2099.0,7.0,2
2021122187,,1,IN,P832121,2021.0,7.0,2
2021122199,,1,OK,9362JS,2022.0,7.0,5
2021122378,,0,PA,XLH1502,2024.0,3.0,1
2021122378,,0,PA,PT574A4,2022.0,7.0,2
2021122386,,1,IA,TF1105,2021.0,7.0,2
2021122481,,0,WV,C438044,2021.0,6.0,2
2021122498,,0,MN,8238STS,2022.0,7.0,1
2021122613,,1,,XK96642,,6.0,2
2021122715,,0,OK,CE6447,2022.0,8.0,1
2021122721,,0,NJ,TTX56X,2021.0,7.0,1
2021122730,,0,PA,PT749J7,2099.0,7.0,2
2021123095,1RNF53A23GR,1,OH,TQR2305,2022.0,7.0,1
2021123319,,0,PA,AF85741,2021.0,6.0,2
2021123325,,1,OH,TRL1567,2020.0,7.0,1
2021123325,,1,OH,TQU3179,2020.0,7.0,2
2021123375,,0,PA,XNF6969,2022.0,3.0,1
2021123412,,1,,,,9.0,1
2021123444,1GRAA9620XB,1,PA,PT028N3,2021.0,7.0,2
2021123480,,1,,,,7.0,2
2021123522,1GRDM963X5M,1,ME,28TLR45129,2028.0,7.0,2
2021123643,1GRAP0627HJ,1,IN,P502326,2021.0,6.0,1
2021123690,,1,TN,U365629,2021.0,7.0,1
2021123691,,0,PA,PT019A2,2021.0,7.0,1
2021123873,,1,MO,999999999999,9999.0,7.0,1
2021123887,,0,NJ,TNG24E,2000.0,8.0,1
2021124035,,1,PA,,,9.0,1
2021124632,1JJV532W62L,1,PA,XMD2712,2002.0,7.0,1
2021124703,,1,PA,XNF6048,2022.0,3.0,1
2021124832,822590,1,PA,XLW7938,2021.0,3.0,2
2021124913,,1,,,,9.0,2
2021125046,1UYFS24867A,1,ME,2598974,2022.0,7.0,3
2021125178,,0,NJ,TPN24B,2022.0,8.0,2
2021125390,,0,PA,XMX5616,2021.0,3.0,2
2021125559,,0,ME,3238357,2032.0,7.0,4
2021125923,3H3V532C0JT,1,OK,6813LQ,2021.0,7.0,1
2021125926,3H3V532KXNS,1,ME,C165497,2022.0,7.0,1
2021126011,,0,NJ,TTP46Y,2022.0,4.0,2
2021126016,,0,PA,XLY5228,2005.0,6.0,2
2021126202,,1,ME,226515C,2022.0,7.0,2
2021126251,,1,PA,XNP2728,,3.0,1
2021126430,42EDPKK27H1,1,PA,XKS0235,2022.0,6.0,1
2021126739,,1,TN,019132T,2022.0,7.0,2
2021126795,5M7RBFE24LP,1,PA,XNL5133,2022.0,3.0,1
2021126882,,1,VA,,,7.0,2
2021127173,5WSABB233NN,1,PA,PT601H7,2022.0,7.0,2
2021127291,,0,IN,P694588,2022.0,7.0,1
2021127291,,0,ME,2247201,2022.0,7.0,2
2021127389,1GRAA96238B,1,NY,BK18810,2008.0,6.0,1
2021127508,,1,TN,U835896,2020.0,7.0,1
2021127633,1JJV532B4GL,1,MI,D370181,2022.0,7.0,1
2021127727,,0,IA,FJ0787,2022.0,7.0,1
2021127892,,0,ZF,UNKNOWN,2099.0,7.0,1
2021128197,,1,,,9999.0,7.0,2
2021128493,LJRC41269JT,1,ME,4261557,,7.0,1
2021128536,,0,NY,AU82195,2020.0,6.0,2
2022000561,,1,PA,PT005D3,2021.0,8.0,2
2022000975,,0,PA,PT5183V,2022.0,7.0,2
2022001181,,1,PA,PT704F1,2006.0,6.0,1
2022001181,,1,PA,0610359,2021.0,7.0,2
2022001426,,1,PA,AG63093,2021.0,6.0,1
2022001550,,1,,999999999999,9999.0,9.0,2
2022001921,,0,TN,U337723,2021.0,7.0,1
2022002302,,0,PA,XNM5894,2022.0,3.0,1
2022002816,,0,ME,42TLR9209Z,2022.0,6.0,2
2022003842,99999999999,1,OK,9182LH,2016.0,7.0,1
2022005030,,0,NY,BR94922,2022.0,7.0,2
2022006108,09999999999,1,ZZ,099999999999,9999.0,7.0,1
2022006549,,0,NJ,THS57D,2022.0,7.0,2
2022007534,,1,PA,XKL7266,2022.0,6.0,2
2022007992,,0,IN,P386968,2022.0,7.0,1
2022008360,,1,ME,277703C,2027.0,7.0,2
2022009204,,0,TX,014F342,2025.0,6.0,1
2022009947,,0,ZZ,NONE,2021.0,8.0,2
2022012044,,0,PA,PT116H7,2020.0,6.0,2
2022012051,,0,IN,P541447,2020.0,7.0,1
2022017625,,1,PA,XMT2794,2005.0,7.0,2
2022022316,,0,NJ,013093X,2012.0,7.0,1
2022026498,,1,TX,1246854,2022.0,7.0,2
2022026822,,1,,UNKNOWN,99.0,3.0,1
2022039893,1J9FS1017R1,1,PA,XHG2159,2023.0,8.0,2
2022000463,99999999999,1,PA,253325D,2021.0,7.0,2
2022001605,99999999999,1,IN,SP650EJC,2022.0,7.0,1
2022001605,99999999999,1,MN,5891STX,2022.0,7.0,2
2022001973,99999999999,1,QC,RKS953T,2022.0,6.0,2
2022002029,1JJV482D5LL,1,MN,3815STU,2022.0,7.0,2
2022002945,99999999999,1,ME,266964B,2022.0,6.0,3
2022003016,99999999999,1,IL,9999999,9999.0,6.0,1
2022003232,99999999999,1,IN,P771322,2018.0,6.0,1
2022003918,99999999999,1,IN,P500222,2022.0,7.0,1
2022003918,99999999999,1,OR,HV43882,2022.0,7.0,2
2022004284,99999999999,1,DE,T62116,2019.0,3.0,1
2022004363,1S12GC405NB,1,ME,2366431,1992.0,7.0,1
2022004487,99999999999,1,IN,PA24846,2002.0,7.0,2
2022004519,99999999999,1,NJ,TLB36V,2023.0,7.0,2
2022004539,99999999999,1,OK,8948LN,2017.0,7.0,2
2022004876,00999999999,1,,099999999999,9999.0,9.0,1
2022005070,09999999999,1,,999999999999,9999.0,7.0,1
2022005078,99999999999,1,IN,P430761,2022.0,6.0,2
2022005247,99999999999,1,IN,P599998,2016.0,7.0,2
2022005620,99999999999,1,FL,1690CQ,2000.0,6.0,1
2022006195,09999999999,1,DE,T104470,,6.0,1
2022006610,99999999999,1,PA,PT613E0,2022.0,7.0,1
2022006610,99999999999,1,PA,XML7831,2022.0,3.0,2
2022007000,1N9BD1316KP,1,PA,XMB5665,2025.0,3.0,2
2022007107,99999999999,1,IN,P755307,2022.0,7.0,1
2022007490,1M2K189CX6M,1,PA,ZMA7619,2006.0,3.0,1
2022007666,LD98D8204S0,1,,,,3.0,2
2022008009,99999999999,1,PA,PT063M1,2099.0,7.0,1
2022008675,99999999999,1,PA,PT007H0,2022.0,6.0,1
2022008733,3H3V532C6LT,1,OK,BZ8437,2022.0,7.0,1
2022008853,,0,IN,P743046,2014.0,7.0,2
2022008879,99999999999,1,ID,CCE542,2014.0,3.0,1
2022008944,1GRAA06291W,1,ME,3015927,2022.0,6.0,1
2022009160,1UYVS25368M,1,WI,7884690,2020.0,7.0,1
2022009495,4YMBU081XGV,1,PA,XND8031,2026.0,3.0,2
2022009503,99999999999,1,PA,XLA4353,2023.0,3.0,1
2022009590,1GRAA96299T,1,IL,T437672,2022.0,7.0,1
2022009854,5JWCF2024NP,1,NY,279550T,2021.0,3.0,2
2022010118,4YMBU0813JV,1,PA,XLH9636,2018.0,3.0,1
2022010138,1JJV532W38L,1,NJ,TYK73E,2008.0,6.0,1
2022010781,99999999999,1,GA,TL6LL18,2009.0,7.0,1
2022010818,99999999999,1,IN,P927750,2022.0,6.0,2
2022010992,1GRAA7021DD,1,NJ,TUJ85H,2025.0,7.0,4
2022011101,4YMUL08195V,1,PA,XBM1475,2019.0,3.0,2
2022011362,99999999999,1,PA,PT728H3,2022.0,7.0,2
2022011366,99999999999,1,ME,243844D,2022.0,7.0,1
2022011366,99999999999,1,PA,PT978E8,2022.0,7.0,2
2022011459,99999999999,1,IN,PA51723,2022.0,7.0,1
2022011843,09999999999,1,ME,29TLR41986,2022.0,7.0,2
2022012980,99999999999,1,PA,PT9661W,2022.0,7.0,2
2022013282,,0,NC,AF60714,2022.0,7.0,2
2022013508,,0,ME,275649B,2022.0,7.0,2
2022013753,99999999999,1,ME,2346443,2023.0,7.0,1
2022014121,99999999999,1,IN,TR891XCS,2022.0,3.0,1
2022014124,1JJV532W98L,1,TX,38643B9,2022.0,6.0,1
2022014199,99999999999,1,IN,P894117,2022.0,6.0,2
2022014204,99999999999,1,PA,PT791B7,2022.0,7.0,2
2022014255,,1,TN,T459081,2022.0,7.0,1
2022014389,,0,ME,237686F,2022.0,7.0,2
2022014544,3H3V532CXJT,1,ME,282158X,2028.0,7.0,2
2022014562,,0,TX,A038311,2022.0,3.0,2
2022014758,,0,NJ,TPG19Y,2023.0,7.0,1
2022014871,,0,DE,XF775376,2021.0,1.0,2
2022014945,99999999999,1,PA,PT812D4,2023.0,7.0,1
2022014955,,0,IN,P842575,2022.0,7.0,1
2022015374,99999999999,1,ZZ,,9999.0,9.0,2
2022015691,,0,PA,XHB4326,2023.0,7.0,3
2022015693,,0,ON,S5655Z,2022.0,7.0,2
2022015835,99999999999,1,PA,PT9141D,2009.0,7.0,1
2022016306,1Z9C5TJ27KA,1,PA,PT170J2,2022.0,7.0,2
2022016534,99999999999,1,KS,506197,2022.0,7.0,1
2022016582,99999999999,1,ME,31TLR40200,2099.0,7.0,2
2022016616,99999999999,1,IN,2792797,2022.0,8.0,2
2022016636,5V8VA5328MM,1,IN,P905618,2022.0,7.0,1
2022016852,53BPTEA15NP,1,PA,XND2624,2022.0,6.0,2
2022017267,1JJV482B9EL,1,NJ,TTV93B,2025.0,7.0,2
2022017576,99999999999,1,CA,4PS9566,2022.0,7.0,1
2022017938,1AJC23257S1,1,TN,U165304,9999.0,7.0,1
2022017940,1UYVS25393M,1,MO,55L2AV,2022.0,7.0,1
2022017957,99999999999,1,PA,PT599H4,2022.0,7.0,2
2022017992,1W9P14324JM,1,PA,PT697A8,2022.0,6.0,2
2022018052,,0,PA,PT313J6,2021.0,3.0,2
2022018074,,0,NJ,TYT10R,2026.0,3.0,1
2022018105,1UYVS2532J3,1,IL,6166145ST,2020.0,7.0,1
2022018326,,0,PA,PT327F9,2022.0,7.0,1
2022018544,,0,NJ,TUN50W,2022.0,7.0,2
2022018562,,0,NJ,TYH16M,2022.0,7.0,2
2022018960,1JJV532W96L,1,PA,PT014N3,,7.0,1
2022019160,1GRAP062351,1,PA,PT917C4,2005.0,7.0,1
2022019265,09999999999,1,TN,U189032,2022.0,7.0,1
2022019282,99999999999,1,PA,ZZ,2022.0,7.0,2
2022019433,,0,VA,522413TL,2022.0,7.0,1
2022019565,3H3V452C7JT,1,ME,2925320,2022.0,7.0,2
2022019672,5MASA4823FA,1,NY,BF11313,2022.0,7.0,2
2022020101,99999999999,1,NJ,JKF79W,2000.0,3.0,1
2022020178,1UYVS2537M6,1,WI,793952,,6.0,1
2022020271,LJRC5426161,1,TN,U913103,2022.0,7.0,2
2022020411,1GRDM9629HH,1,PA,PT689C4,2022.0,6.0,1
2022020627,,0,ME,2558334,2016.0,7.0,1
2022021135,1GRAP0621GT,1,IL,582335,2021.0,7.0,2
2022021247,99999999999,1,ME,29TLR,2022.0,7.0,1
2022021247,99999999999,1,PA,XKL1674,2022.0,3.0,2
2022021247,99999999999,1,NJ,TLW69R,2022.0,7.0,3
2022021304,1FDUF5GT2KE,1,PA,ZLA8388,2019.0,2.0,1
2022021307,99999999999,1,MA,11VS,,6.0,1
2022021644,,0,ZZ,UNKNOWN,2022.0,7.0,1
2022021753,1UNST4228KS,1,NJ,TUN-50W,2019.0,3.0,2
2022021982,99999999999,1,TN,042757T,1994.0,7.0,2
2022022082,,0,ZZ,0000,2000.0,7.0,2
2022022095,99999999999,1,PA,PT243K6,2022.0,7.0,2
2022022328,,0,IN,SP597RAK,2022.0,7.0,1
2022022413,99999999999,1,ZZ,999999999999,9999.0,9.0,2
2022022536,1GRDM9624GH,1,TN,035715T,2022.0,7.0,1
2022022562,1GR1P0627LK,1,IL,713896ST,2022.0,7.0,1
2022022698,99999999999,1,PA,XLM1381,2018.0,6.0,1
2022023170,,0,ME,228969F,2022.0,7.0,2
2022023183,,0,PA,XW87972,2022.0,7.0,2
2022023374,,0,PA,XKR8636,2023.0,3.0,1
2022023392,,0,OK,3FC835,2022.0,6.0,2
2022023425,99999999999,1,PA,PT3806N,2022.0,6.0,1
2022023425,99999999999,1,TN,119084T,2022.0,7.0,3
2022023621,1JJV532B6CL,1,ME,247543C,2024.0,6.0,1
2022023655,3H3V532K9NS,1,ME,C149019,2022.0,7.0,1
2022023698,1GRAA0621GE,1,FL,2760CQ,2016.0,7.0,2
2022023819,99999999999,1,ZZ,999999999999,9999.0,9.0,1
2022023992,99999999999,1,IN,P222870,2022.0,7.0,1
2022024018,,0,CA,4SC4778,2022.0,7.0,2
2022024019,99999999999,1,PA,999999999999,2022.0,7.0,2
2022024243,1JJV482D0LL,1,IN,P945816,2023.0,7.0,2
2022024276,,0,ME,242630E,2024.0,3.0,1
2022024689,,0,PA,AG27820,2022.0,7.0,1
2022024839,99999999999,1,TN,017516T,2020.0,7.0,2
2022026328,,0,ME,3134429,2022.0,7.0,2
2022026347,5WSAA4323HN,1,PA,PT281D7,2017.0,6.0,2
2022026390,5V8VC5325KT,1,ME,2398720,2023.0,7.0,1
2022026515,99999999999,1,ME,5028480,2022.0,3.0,1
2022026515,99999999999,1,CA,4UB7877,2026.0,7.0,2
2022026767,5NHUCCT226N,1,PA,XGD4960,2023.0,3.0,1
2022026838,99999999999,1,,,,9.0,2
2022026892,,0,NJ,TXL76J,2002.0,7.0,1
2022026902,,0,PA,PT6269Z,2099.0,7.0,2
2022026973,99999999999,1,,,,9.0,1
2022026989,5501B1828LS,1,PA,XLZ9353,2020.0,6.0,4
2022027020,H54L003128,1,KS,197276,9999.0,6.0,1
2022027035,99999999999,1,PA,PT139J3,2022.0,7.0,1
2022027279,99999999999,1,,,,3.0,1
2022027365,1JJV532W65L,1,NC,AK93076,2022.0,7.0,2
2022027516,3H3V532K6NS,1,IN,PA85462,2022.0,7.0,1
2022027516,3VW267AJ1GM,1,PA,0000,2020.0,1.0,2
2022027677,,0,WI,798714,2022.0,7.0,3
2022027741,1TKJ0438397,1,PA,PT100C7,2022.0,7.0,1
2022027764,99999999999,1,IN,PA55701,,6.0,1
2022028172,42HCF19241P,1,PA,95803MG,2022.0,3.0,1
2022028301,99999999999,1,PA,XJC5719,2025.0,3.0,1
2022028514,99999999999,1,,544261,2024.0,7.0,2
2022028659,1JJV532W75L,1,PA,XKZ4828,2022.0,6.0,1
2022028845,5HTAB442X57,1,ME,249660A,2024.0,7.0,2
2022029225,5V8VC5329HM,1,IL,596519,2022.0,7.0,1
2022029306,3H3V532C1VT,1,PA,PT2407Y,2023.0,7.0,2
2022029313,99999999999,1,ME,262775A,2026.0,6.0,1
2022029334,1GRAA8423GB,1,PA,PT350A4,2016.0,6.0,2
2022029513,99999999999,1,PA,XM3034,2007.0,8.0,2
2022030045,5MLBU10184G,1,PA,XMA3518,2020.0,3.0,1
2022030574,5HTAM442227,1,PA,PT9488Z,2022.0,7.0,2
2022030676,,0,OK,AH1029,2022.0,7.0,1
2022030685,,0,ME,428614Z,2022.0,7.0,2
2022030690,,0,CA,4TH2780,2021.0,7.0,2
2022030865,99999999999,1,OK,9815LN,9999.0,7.0,1
2022030959,1TTE533A0N3,1,PA,PT869M2,2022.0,7.0,2
2022031020,99999999999,1,ZZ,999999999999,2022.0,6.0,2
2022031192,1JJV482D3KL,1,TN,U944344,2022.0,7.0,2
2022031916,1GRAP5613KK,1,IN,P834388,2023.0,7.0,1
2022031916,1GRDM9027FH,1,PA,PT028A1,2099.0,3.0,2
2022032118,99999999999,1,ME,235420A,2011.0,6.0,1
2022032220,99999999999,1,ZZ,999999999999,9999.0,3.0,2
2022032257,5NHUTW21XNN,1,PA,XNH6380,2022.0,3.0,1
2022032416,1S9T04325F0,1,PA,PT6878Z,2022.0,7.0,2
2022032464,4A2MB302XL1,1,PA,PT902J6,2020.0,6.0,2
2022032485,1P9DA7M27XA,1,NJ,TJV89F,2025.0,7.0,2
2022032765,3AKJGLDRXGS,1,VA,844343Z,2016.0,7.0,2
2022033141,99999999999,1,,,,7.0,1
2022033171,5JPBU3834FP,1,PA,PT0843Z,2022.0,3.0,2
2022033295,1UYVS253XL7,1,IN,P869551,2022.0,7.0,2
2022033398,LHTAB4323E7,1,ME,3023536,2030.0,6.0,4
2022033575,14HU581V2LN,1,FL,GDC416,9999.0,3.0,1
2022033674,58CB1DA2XMC,1,PA,XMW0626,2025.0,3.0,1
2022033704,99999999999,1,IN,P752904,2022.0,7.0,4
2022033978,99999999999,1,PA,PT902D2,2012.0,7.0,2
2022034181,5A3C510S4LL,1,PA,XML4402,2022.0,3.0,2
2022034229,99999999999,1,ZZ,9999999999,9999.0,7.0,1
2022034290,1UYVS2533K3,1,IL,870777ST,2023.0,7.0,1
2022034563,5DMFACYB49C,1,PA,PT09B3,2022.0,7.0,2
2022035025,1RND53A25HR,1,IN,P620288,2022.0,7.0,2
2022035159,1C9DA3034G1,1,PA,PT4490W,2019.0,7.0,1
2022035245,1GRDM96278H,1,NJ,TYZ84Z,2025.0,6.0,1
2022035747,3H3V532C1FT,1,OK,3510KK,2022.0,6.0,3
2022035889,0200806692,1,FL,IH26ZT,2023.0,8.0,3
2022035970,4J8T0442XWT,1,PA,TFT25R,2022.0,7.0,2
2022036142,16F62B4R3X1,1,PA,XMC9733,1999.0,5.0,1
2022036190,1JJV532B8BL,1,FL,QA28IX,2099.0,7.0,1
2022036465,1T9FC39B971,1,ME,2575505,2007.0,7.0,1
2022036969,1JJV532DXFL,1,IN,P468471,2099.0,7.0,1
2022036991,2TLSL4225HB,1,NJ,TSK86R,2022.0,7.0,1
2022037686,,0,MT,135401L,2022.0,3.0,1
2022037717,1S12GC403YB,1,ME,3916879,2000.0,6.0,2
2022037853,99999999999,1,,202795A,2022.0,7.0,2
2022038026,JL048067,1,OH,TQX4574,2018.0,7.0,3
2022038035,99999999999,1,NC,AL35180,2022.0,7.0,2
2022038047,5NHUPAZ26MW,1,PA,XMZ9625,2023.0,7.0,2
2022038524,99999999999,1,PA,XCZ9287,2009.0,3.0,2
2022038557,1GRAA0628HW,1,ME,2674487,2026.0,7.0,4
2022038561,3H3V532C77T,1,OK,AK5366,2022.0,7.0,1
2022038965,1JJV532D7NL,1,IN,2853861,2020.0,7.0,2
2022038988,5JPBU4026EP,1,PA,XHL7796,2022.0,6.0,1
2022039193,UNKNOWN,1,IN,P953132,2020.0,7.0,1
2022039303,99999999999,1,,,,3.0,2
2022039365,1JJV532W49L,1,IL,637505ST,2023.0,7.0,2
2022039501,1GRAA0624FK,1,TN,U566622,2022.0,7.0,2
2022039643,1JJV532W97L,1,ME,3145923,2031.0,7.0,1
2022039669,1GRAA0621ED,1,ME,2053192,2025.0,7.0,1
2022039715,145C41256HL,1,ME,242596B,2024.0,7.0,1
2022039748,UNKNOWN,1,ZZ,UNKNOWN,2022.0,7.0,2
2022039807,10HTLG16561,1,PA,XHM3505,2022.0,3.0,1
2022039994,1GRAP9629JJ,1,OK,BN2273,2099.0,7.0,2
2022040073,5F11S1015G1,1,,UNKNOWN TAG,,3.0,1
2022040227,1UYVS2532N7,1,NJ,TYF11Y,2022.0,7.0,2
2022040693,1JJV532D7GL,1,OK,5779KT,2022.0,7.0,2
2022040780,1JJV532W36L,1,NJ,TMZ32E,2006.0,7.0,2
2022040878,5V8VC532XJM,1,PA,PT290D4,2022.0,7.0,2
2022041205,1S12GC408NB,1,ME,2366374,2023.0,7.0,1
2022041237,3H3V532C7KR,1,TN,U859575,,7.0,1
2022041245,564BF2020NR,1,PA,XNS1649,2022.0,3.0,2
2022041249,3H3V532COMT,1,OK,AY6126,2020.0,7.0,2
2022041397,1VVSV53296F,1,NJ,TVC19J,2023.0,7.0,1
2022041592,99999999999,1,ZZ,999999999999,9999.0,9.0,2
2022041880,1B92L53227H,1,OH,TRF7667,2022.0,7.0,2
2022042021,LJRC4126XH1,1,ME,2459929,2024.0,7.0,1
2022042022,5V8VC5320DM,1,ME,223219E,2022.0,7.0,2
2022042349,1JJV532D5PL,1,IN,PA54356,2022.0,7.0,1
2022042365,9031938M8FC,1,ME,B720439,2022.0,6.0,1
2022042554,4YMUL10186V,1,PA,XCW3843,2022.0,6.0,1
2022042607,5A3C816D1JL,1,PA,XKW0768,2023.0,3.0,2
2022043334,1GRAA9323HB,1,NY,4407D7,2022.0,7.0,1
2022043353,1GR1A0620LE,1,CA,4SZ6184,2022.0,7.0,2
2022043413,1E1U1X285YR,1,PA,PT405B2,2000.0,7.0,2
2022043480,5V8VC5329KT,1,NJ,TRY73F,2025.0,6.0,1
2022043481,5SPDG2632MW,1,PA,PT338D3,2022.0,7.0,2
2022043531,99999999999,1,VA,37964PZ,2022.0,7.0,1
2022043662,99999999999,1,NJ,TU19E,2022.0,7.0,1
2022043678,1GRAA06287J,1,TN,U725451,2022.0,6.0,1
2022043699,1GRAA062XGW,1,ME,262872E,2023.0,7.0,1
2022043712,16V1C2323N2,1,PA,XNK9696,2022.0,6.0,1
2022043874,5MATA4222LA,1,PA,PT8517E,2023.0,7.0,2
2022043989,99999999999,1,WV,918859TR,2022.0,7.0,2
2022044055,99999999999,1,ME,3318552,2022.0,7.0,3
2022044057,5HTAM4329HY,1,PA,PT2190J,2023.0,7.0,2
2022044089,4A91E1017MP,1,PA,XNE2019,2021.0,7.0,2
2022044415,UNKNOWN,1,ME,3715864,2022.0,7.0,2
2022044643,839315,1,ME,24TLR3989E,2020.0,6.0,1
2022044697,5VGFA2126ML,1,PA,XNG3637,2022.0,1.0,2
2022044708,1JJV532D3HL,1,NE,21433W,2022.0,6.0,1
2022044721,16V3F4829N6,1,IL,87299ST,2022.0,7.0,1
2022044906,1E1H5Z287GR,1,WI,713473,2022.0,7.0,1
2022044907,1VYVS2534HU,1,ME,2358338,2017.0,7.0,1
2022044908,5F11S1016K1,1,PA,999999999999,2099.0,3.0,2
2022045009,1JJV532D1HL,1,NJ,TPR43C,2022.0,7.0,1
2022045037,43YDC2220EC,1,PA,XNF0974,2022.0,6.0,2
2022045100,1M9SF14248M,1,PA,XKM0192,2023.0,3.0,2
2022045114,1GR1A0625NW,1,CA,4UB3857,2022.0,7.0,1
2022045115,1JJV532W48L,1,ME,3152936,2028.0,7.0,1
2022045115,1S12E9532ME,1,PA,PT810K7,2099.0,7.0,2
2022046066,431FS101681,1,PA,XDL2418,,6.0,2
2022046097,16VDX1220F5,1,PA,XJL9697,2027.0,3.0,2
2022046507,5R5BC1824MM,1,NJ,X327398,2022.0,1.0,1
2022046705,99999999999,1,ME,C161372,2024.0,6.0,2
2022046809,1UYVS2486L7,1,IL,695400JT,2019.0,6.0,1
2022046858,431FS1624G1,1,PA,XKY1014,2023.0,6.0,3
2022046864,3H3V532C8HT,1,ME,3113827,2023.0,7.0,1
2022047084,527SR2811KM,1,ME,2656949,2022.0,7.0,2
2022047123,4BATS10176M,1,PA,XCR0930,2023.0,3.0,2
2022047167,1DW1A5327NS,1,PA,PT771L6,2023.0,7.0,1
2022047192,53BPTEB21LP,1,PA,XLR5462,2020.0,6.0,2
2022047238,7FYBE1014HD,1,PA,XKT5616,2019.0,3.0,3
2022047312,1JJV532W58L,1,ME,3055901,2022.0,7.0,1
2022047585,,0,ME,3130762,2022.0,7.0,1
2022047711,4YMUK12102L,1,PA,XNG5293,2023.0,6.0,2
2022047722,53BPTEA21PP,1,PA,XNT4749,2023.0,3.0,1
2022047809,5B5PS1416EH,1,DE,T185004,2022.0,3.0,1
2022047907,99999999999,1,ZZ,999999999999,9999.0,7.0,1
2022048197,99999999999,1,MT,TF4623,2022.0,7.0,2
2022048212,4YMUK12102L,1,PA,XNG5293,2023.0,3.0,1
2022048407,1PMS24520H5,1,NJ,TVW24A,2023.0,7.0,1
2022048499,1B9CS4527YP,1,OK,8888KQ,,7.0,1
2022049104,1RNF48A24ER,1,TN,U497132,2022.0,7.0,2
2022049165,50PBU1624KL,1,PA,XLZ1005,2022.0,3.0,1
2022049309,3H3V532C0KR,1,NJ,TUL34B,2025.0,7.0,1
2022049630,99999999999,1,IN,PA17076,2099.0,7.0,1
2022049637,1JJV281DXKL,1,IN,P774119,2099.0,7.0,2
2022049834,1UYVS25XM64,1,MO,152972T,2031.0,7.0,1
2022049967,5VGFJ23349L,1,PA,XDY8785,2022.0,3.0,2
2022050025,1721712,1,PA,XLS4333,2025.0,3.0,1
2022050315,1JJV532D6JL,1,PA,PT709E2,,6.0,2
2022050613,3H3V532C08T,1,NJ,TXJ97Z,2022.0,7.0,1
2022050829,1S9LG4226XH,1,PA,PT769M9,1999.0,6.0,2
2022050885,1UYVS2536N2,1,NE,28428C,2022.0,7.0,2
2022050941,1S9T4422X80,1,PA,PT922B3,2009.0,7.0,2
2022050963,1GR1P062XMJ,1,IN,P911442,2022.0,7.0,3
2022051022,1G9HP14273W,1,ME,3217687,2003.0,8.0,1
2022051171,3H3V532C7HT,1,IN,P796404,2023.0,6.0,2
2022051469,5A3C818D0BL,1,PA,XLD0272,2024.0,3.0,3
2022051628,1RBT353056A,1,NJ,TBR75L,2023.0,6.0,1
2022051719,1E1D2N2846R,1,PA,PT0017R,2006.0,6.0,1
2022051956,3H3V532C2KR,1,CA,4SE3317,2023.0,7.0,1
2022052006,1DA72T016P0,1,PA,PT022J1,2022.0,7.0,1
2022052680,5JW1D1221N1,1,PA,3886846,2022.0,3.0,1
2022052680,1NNVX5320WM,1,ME,259996F,2022.0,7.0,2
2022052702,1JJV532WX8L,1,NJ,TWM29G,2022.0,6.0,1
2022052879,13N148200N1,1,ME,5058574,2022.0,6.0,2
2022052906,99999999999,1,PA,XNA1630,2022.0,3.0,1
2022052996,1UYVS2534GP,1,IL,566432ST,2022.0,7.0,1
2022053101,1UNST4225NS,1,NJ,TXU95Z,2022.0,7.0,3
2022053113,5HTAB442547,1,NJ,T99X8V,2025.0,6.0,2
2022053238,1UYVS2536L6,1,ON,S3845C,2022.0,7.0,1
2022053434,,0,PA,XLH9994,2024.0,3.0,2
2022053451,1LGM6DP1741,1,PA,XKP2592,2019.0,6.0,1
2022053451,1LGM6DP1741,1,PA,XKP2592,2019.0,6.0,3
2022053730,1JJV482D1FL,1,TN,U531033,2022.0,7.0,1
2022053777,1E1H5Y280NR,1,ME,3319409,2027.0,6.0,1
2022053848,5CWRA35136H,1,TX,009D882,2025.0,6.0,2
2022053914,16HCB10148P,1,PA,XFA7690,2022.0,3.0,1
2022053991,5M7RBFE27MP,1,PA,XMT8799,2022.0,3.0,2
2022054071,1UYVS2532FM,1,PA,PT3513Z,2015.0,7.0,1
2022054204,1RNF48A29KR,1,ME,3013449,2099.0,7.0,2
2022054300,1M9CSFC29DT,1,PA,PT940E1,2022.0,7.0,1
2022054301,4A2MB2020M1,1,PA,XNP4480,2026.0,3.0,2
2022054306,575200E17FP,1,NJ,TPC10E,2022.0,3.0,1
2022054409,1S9T04227Y0,1,PA,PT936B3,2099.0,7.0,2
2022054595,1JJV532D5CL,1,PA,PT3712S,2099.0,7.0,2
2022054812,1GRAA0620GW,1,ME,2332972,2023.0,6.0,1
2022054830,M56262150,1,PA,,2022.0,3.0,2
2022054863,1TTF482A0G3,1,PA,PT469B1,2016.0,7.0,2
2022054868,55CUT0810J2,1,PA,XMY-9686,2023.0,3.0,2
2022054909,541BX1427LM,1,PA,XMP1384,2020.0,3.0,2
2022055117,99999999999,1,IN,SP185HAS,2023.0,6.0,2
2022055170,071WSD9643,1,PA,XL2-5420,2022.0,3.0,1
2022055317,2MN01JAH891,1,OK,CB8821,2017.0,7.0,2
2022055568,1JJV532W49L,1,PA,XML7208,2023.0,7.0,1
2022055588,1JJV532D8ML,1,NE,34061W,2020.0,7.0,2
2022055621,5V8VA53207M,1,FL,QAO9HS,2030.0,7.0,1
2022055751,4X4TWDC27M8,1,RI,81390,2021.0,5.0,3
2022055752,1E1U1X2805R,1,PA,99999,2022.0,6.0,2
2022055826,53BPTEA26JP,1,PA,XLA0569,2025.0,3.0,2
2022055886,5A3U408SL13,1,PA,XJK2677,2003.0,6.0,2
2022055919,5MAPA5321MA,1,AB,6FZ0-07,2020.0,6.0,2
2022056283,99999999999,1,ZZ,UNKNOWN,2099.0,7.0,1
2022056508,1J9BH402971,1,NJ,TDH79W,2022.0,7.0,2
2022056848,1UYVS2364AG,1,PA,PT6013S,2022.0,7.0,2
2022056859,50ZBE2429MN,1,PA,XMR9620,2022.0,6.0,2
2022056974,5M7DD1224KP,1,PA,XLX9313,2025.0,3.0,2
2022056984,1UYVS2533DP,1,ON,V10342,2017.0,7.0,1
2022057050,NONE,1,PA,67GH,2023.0,8.0,1
2022057180,47GBG2626AB,1,PA,XNH5465,2022.0,6.0,1
2022057323,1JJV532WX7L,1,PA,PT623N4,9999.0,6.0,2
2022057335,4P5FD4026J3,1,NY,CB82851,2022.0,3.0,1
2022057671,53FBE1628KF,1,NJ,TVZ92U,2022.0,3.0,1
2022057721,2TVTP4823GD,1,NJ,TPT19L,2023.0,7.0,2
2022057723,50PBU1829LL,1,,XMF9778,2023.0,3.0,2
2022057766,99999999999,1,NJ,TZE31A,2022.0,7.0,1
2022057892,1GRAA0625JB,1,IN,PA20177,2022.0,7.0,1
2022057984,10002TL312T,1,PA,999999999999,2022.0,8.0,2
2022058264,1022794188,1,PA,XL24260,2023.0,7.0,2
2022058301,4YDF39037EF,1,PA,TOYB0X,2023.0,5.0,2
2022058319,46UFU2527K1,1,VA,14487TM,2099.0,6.0,1
2022058448,99999999999,1,ZZ,UNKNOWN,2022.0,7.0,1
2022058610,5JPBU2321AP,1,PA,PT886K0,2022.0,8.0,2
2022058614,5V8VA5325FM,1,IL,T501468,2023.0,7.0,2
2022058624,VIN1JJV281D,1,TN,216419,2023.0,7.0,2
2022058625,4P5FD2526G3,1,NJ,TRX89N,2023.0,3.0,1
2022058698,99999999999,1,ZZ,,,3.0,2
2022058717,99999999999,1,MO,87F5EF,2017.0,7.0,1
2022058717,99999999999,1,TX,152C216,2007.0,7.0,2
2022058887,5LVBL1626DA,1,PA,XNM8934,2026.0,8.0,1
2022059087,1GRAA06267B,1,NC,AB53643,2007.0,7.0,1
2022059118,1DW1A28161S,1,IL,T260204,2023.0,7.0,2
2022059483,1UYVS2532J6,1,MO,97F5EF,2017.0,7.0,2
2022059491,1UYVS2487J7,1,IL,T532169,2023.0,7.0,1
2022059588,3HAEUMMN6ML,1,NJ,AW915P,2022.0,2.0,1
2022059601,1JJV532DXJL,1,NE,23579W,2023.0,7.0,1
2022059687,99999999999,1,TN,163996T,,6.0,2
2022059707,3H3V482C3HT,1,TN,U649442,2022.0,7.0,2
2022059812,W6524835058,1,NY,2940D5,2025.0,6.0,1
2022059820,1W9FH45256E,1,PA,PT655LP,2022.0,3.0,1
2022059889,1EU2Y283KR0,1,NJ,TZD97U,2026.0,7.0,2
2022060079,4KNUT2024YL,1,PA,XMC4696,2021.0,3.0,1
2022060557,1RBH402042A,1,PA,PT7322S,,7.0,1
2022060585,4R8CS2213XN,1,PA,XNW9362,2023.0,3.0,3
2022061021,4A2MS4526B1,1,PA,PT562J0,2022.0,7.0,1
2022061694,1GRAP0624KK,1,NE,29319W,2019.0,7.0,2
2022061718,99999999999,1,,,,6.0,2
2022061764,5M7UF08135P,1,PA,XW55093,2023.0,7.0,1
2022061764,LJRC4626X62,1,CA,4HL4021,2021.0,6.0,2
2022061819,5JLSP422XV5,1,IL,T540870,2022.0,7.0,2
2022061975,1E1Z1Y2806R,1,PA,PT990F7,2022.0,7.0,1
2022061997,3H3V382K4PJ,1,ZG,2738256,2022.0,7.0,3
2022062084,5A3U616D4XL,1,PA,XNL7584,2027.0,3.0,1
2022062306,1DW1A5329HB,1,IL,806694ST,2022.0,7.0,1
2022062310,1UJBJ0BR9L1,1,OH,SYQ9117,2023.0,5.0,1
2022062310,1NL1G222XM7,1,OH,SZP2344,2023.0,5.0,3
2022062618,1UYVS2533K7,1,IL,648853ST,,7.0,2
2022062823,1W16532A4M5,1,IA,VF1398,2022.0,7.0,1
2022063041,1UYVS2530N6,1,IN,PB13349,2022.0,7.0,1
2022063122,5HTAB442X57,1,ME,249660A,2022.0,7.0,1
2022063124,1T92C15235S,1,PA,XCZ9834,2023.0,3.0,1
2022063141,3H3V452CXJT,1,ME,2925475,2029.0,7.0,1
2022063142,1GR1P0624LK,1,TN,014792T,2020.0,7.0,2
2022063575,3CVU71218K2,1,PA,XLV1390,2022.0,3.0,3
2022063657,14HRF5813HQ,1,PA,XML6334,2023.0,3.0,1
2022063670,5JWTU1827C1,1,PA,XLG1651,2023.0,3.0,2
2022063992,1UYVS2537CM,1,ME,3049870,2022.0,7.0,1
2022064377,99999999999,1,ZZ,9999999,2099.0,8.0,2
2022064457,1G9F42T3131,1,PA,PT8031W,2022.0,6.0,1
2022064489,1DW1A532XGS,1,ME,3227804,2023.0,7.0,1
2022064553,1UYVS2535FG,1,NJ,TWE78G,2022.0,7.0,1
2022064657,99999999999,1,,,,6.0,2
2022064692,1P9LS1012SH,1,DE,T23565,2022.0,3.0,1
2022064692,1SABSHBK6B1,1,PA,XW03794,2023.0,5.0,2
2022064877,1M2P337C84M,1,MD,NONE,2022.0,2.0,1
2022064902,1UJBJ0BS5G1,1,PA,XML3673,2023.0,5.0,2
2022064916,5V8VA5322GM,1,IN,P526737,2022.0,7.0,2
2022064920,HH202129400,1,NJ,TYP39H,2022.0,3.0,1
2022064933,1GR1P0627PD,1,ME,433827Y,2031.0,7.0,2
2022065122,99999999999,1,PA,999999,9999.0,6.0,1
2022065244,5V8VA5328MM,1,IL,782727ST,2023.0,7.0,1
2022065270,1JJV502W53L,1,IL,T548477,2022.0,7.0,2
2022065788,1UYVS25359M,1,FL,QA50IJ,2009.0,7.0,1
2022066128,112HZN320LL,1,PA,PT400J3,2020.0,7.0,2
2022066153,12345678901,1,ME,26TLR299E,2016.0,7.0,1
2022066176,99999999999,1,IN,P940260,2022.0,7.0,1
2022066301,1UYVS2532YP,1,IN,SP915JEZ,2022.0,6.0,1
2022066309,1UYVS2533L7,1,TN,030687T,2020.0,7.0,1
2022066633,4YMCL1627DV,1,PA,XHE5409,2025.0,3.0,1
2022066716,3H3V532CXGT,1,ME,393933Z,2022.0,7.0,1
2022066716,1GRAA0621CW,1,TX,144C554,2022.0,7.0,7
2022066716,3H3V281C9DT,1,IN,P337698,2022.0,7.0,10
2022066964,1GRAP0625BD,1,IL,T465705,2022.0,7.0,1
2022066973,99999999999,1,IN,P485379,2022.0,6.0,2
2022067165,1BUD1220581,1,IN,TR373ZTB,2022.0,6.0,2
2022067212,1GRAP962XFD,1,PA,PT0852X,2023.0,7.0,5
2022067239,1WC200G2X78,1,PA,XLR6563,2024.0,3.0,1
2022067264,5JPBU1821FP,1,PA,XMF2494,2022.0,6.0,1
2022067632,99999999999,1,PA,,,8.0,2
2022067991,1UYVS2539GU,1,ID,ZK7188,2022.0,7.0,1
2022067993,5JWCA1022MP,1,PA,PT179JO,2022.0,3.0,2
2022068063,4YMUL101XDV,1,PA,HXD2394,2022.0,7.0,2
2022068118,3H3V532C57T,1,IN,P141157,2022.0,7.0,1
2022068135,1GRAA9626HB,1,PA,PT962A7,2023.0,7.0,2
2022068138,99999999999,1,WI,729462,2022.0,6.0,1
2022068138,99999999999,1,NE,253106,2022.0,7.0,3
2022068193,5501A1625MS,1,PA,XMZ6599,2023.0,3.0,2
2022068194,5VGFP1827ML,1,PA,PT013K4,,3.0,1
2022068212,00000000000,1,PA,,2022.0,6.0,2
2022068258,1S12E9535HE,1,ME,2950026,2029.0,7.0,3
2022068289,99999999999,1,PA,,,6.0,1
2022068322,99999999999,1,PA,PT591G4,2023.0,6.0,1
2022068470,1DW1A5326PS,1,IL,892621ST,2023.0,7.0,2
2022068499,1JJV532W05L,1,MI,E627955,2022.0,6.0,2
2022068501,4MVFU0816Y7,1,PA,XZ71731,2026.0,3.0,1
2022068519,1UYVS24806M,1,PA,PT3512R,2023.0,7.0,3
2022068569,2FZHAZAS42A,1,PA,99999999999,2099.0,8.0,1
2022068585,99999999999,1,ZF,UNKNOWN,9999.0,7.0,1
2022068672,4P5DL1423H1,1,PA,XKG7490,2017.0,3.0,2
2022068746,541GC3623NM,1,NY,227617,2022.0,3.0,2
2022068832,58CB1DA25NC,1,PA,XNX-0464,2022.0,3.0,1
2022068927,1UYVS2535BU,1,MN,2847STZ,2023.0,7.0,1
2022068957,1A9DA2829NS,1,NJ,TZD96E,2022.0,6.0,2
2022069157,UNK,1,GA,TV05D84,2022.0,7.0,1
2022069298,43YDC10294C,1,PA,XHE5498,2022.0,6.0,2
2022069300,1GR1P0627MJ,1,IN,PA14359,2023.0,7.0,1
2022069300,1GRAA0623DK,1,IN,PB10178,2023.0,7.0,2
2022069438,1TTF482S4F3,1,PA,PT5553R,,6.0,1
2022069470,1JJV532DCL7,1,FL,41BMAT,2023.0,7.0,1
2022069491,405117BAXKM,1,PA,XNR0538,2027.0,6.0,1
2022069575,58CDC1924EC,1,PA,XJK7547,2023.0,6.0,2
2022069894,1UYVS2531GM,1,ON,N8255C,2022.0,7.0,2
2022070447,5A3F818D74L,1,PA,XLL1661,2022.0,6.0,1
2022070578,1T9LS4819MB,1,NJ,XMAV63,2022.0,8.0,2
2022070691,3H3V532C3ET,1,CA,4MV3656,2023.0,7.0,2
2022070818,1JJV532W34L,1,IL,471935ST,2022.0,7.0,2
2022070855,4X4TSE42031,1,PA,XFZ1823,2023.0,3.0,2
2022070886,LN2UT0811DZ,1,PA,XMX3742,2023.0,5.0,1
2022070903,4ZHUF18274P,1,PA,MG0724B,,6.0,1
2022070996,99999999999,1,PA,MP4872D,2022.0,3.0,2
2022071060,3AKJHHDR5KS,1,ME,31TLR49834,2023.0,7.0,2
2022071070,13SVE302451,1,PA,XML5026,2005.0,3.0,1
2022071160,99999999999,1,MO,11B801,2022.0,7.0,2
2022071272,16VVX1213L3,1,PA,XME8121,2025.0,3.0,2
2022071280,1WC200E25W1,1,PA,XY96903,1998.0,3.0,2
2022071384,3H3C532S7YT,1,TN,U886946,2099.0,7.0,2
2022071563,3H3V532C3LR,1,TN,001924T,2020.0,7.0,1
2022071563,LJRC54261G1,1,OK,7117LX,2022.0,7.0,2
2022071653,1UYVS253XM7,1,OH,TRL5371,2023.0,6.0,2
2022071653,13N248200J1,1,ME,2923975,2023.0,6.0,3
2022071656,1DW1A532X2S,1,ME,239704G,2022.0,7.0,2
2022071660,5MAPA482XCA,1,IN,SP918CVT,2018.0,7.0,1
2022071918,5JWY21629NY,1,PA,XNR3815,2022.0,3.0,2
2022072104,4S97E14S5M2,1,PA,XNF2854,,3.0,1
2022072185,1PNV532B8WH,1,ME,5045821,2027.0,6.0,2
2022072200,5E0AA1446EG,1,IL,500536ST,2000.0,7.0,2
2022072205,1UYVS2536DP,1,MO,98E6XJ,2022.0,7.0,1
2022072209,00000000000,1,FL,0000000,2019.0,7.0,2
2022072395,1UJBJHBLXH1,1,PA,XKT1810,2023.0,5.0,2
2022072570,1LH455WJ0F1,1,NJ,TNL82U,,6.0,2
2022072613,1FMCU03141K,1,NJ,A77KVY,2001.0,1.0,1
2022072774,57JE53307G3,1,PA,PT461A4,2022.0,7.0,2
2022072804,1UYFS2534DA,1,WA,21339AE,2022.0,7.0,1
2022072816,LJRC2826XG1,1,TN,U656221,2016.0,7.0,1
2022072918,1AJC40260T1,1,TN,U001569,2023.0,7.0,2
2022073110,5VWBT2226GE,1,PA,XNW3371,2023.0,8.0,2
2022073229,99999999999,1,,,,6.0,1
2022073229,99999999999,1,,,,6.0,3
2022073249,1UYVS2537K3,1,IL,679083ST,2022.0,7.0,1
2022073335,B38552,1,TN,U832185,2022.0,7.0,2
2022073356,V1835035074,1,PA,XNS4286,1986.0,8.0,1
2022073356,V1835035074,1,PA,XNS4286,,6.0,2
2022073357,00000000000,1,,,,,1
2022073357,00000000000,1,,0,,,2
2022073387,1JJV532D6BL,1,IN,P56512,2023.0,7.0,2
2022073583,5E0AA1644NG,1,ME,3054890,2023.0,6.0,2
2022073645,1GR1A0627MB,1,IN,P956176,2021.0,7.0,2
2022073654,4YMCL1627EG,1,PA,XMR-1780,2027.0,3.0,1
2022073685,5JLSP4422G5,1,IL,T543368,2016.0,7.0,1
2022074187,3H3V532K8PS,1,TN,244920T,2023.0,7.0,3
2022074249,1MT2N4829VH,1,KY,668117,2023.0,7.0,1
2022074249,1P9BU2420CG,1,PA,PT783M4,2023.0,6.0,2
2022074281,1N9BD1314EP,1,PA,XMC7914,2020.0,3.0,2
2022074542,1JJV532W94L,1,NJ,TPK49L,2022.0,7.0,2
2022074542,1DW1A5329DB,1,WI,674131,2022.0,7.0,3
2022074562,1GRAP0625BD,1,IL,T462613,2022.0,7.0,3
2022074691,1DW1A5320DB,1,MI,E712927,2023.0,7.0,1
2022074700,1GRAAA0624G,1,PA,XNJ5696,2022.0,6.0,1
2022074875,13N1482C7H1,1,ME,27TLR4317Z,2027.0,7.0,2
2022074882,3H3V532CXET,1,IL,T485810,2050.0,7.0,2
2022074969,1TB114027BM,1,PA,XKX5823,1981.0,6.0,2
2022075008,2M592161231,1,NC,88KJL,2023.0,7.0,2
2022075375,4J8T0442XWT,1,NJ,TFT25R,,7.0,2
2022075428,1JJV482D1PL,1,IN,PA54233,2022.0,7.0,3
2022075514,16VAX1213E3,1,PA,XJA9814,2022.0,3.0,2
2022075576,99999999999,1,PA,XP14938,,3.0,1
2022075592,575200F28JP,1,PA,XLK3799,2025.0,3.0,2
2022075605,5JW1D1224G4,1,PA,XKA6290,2016.0,3.0,2
2022075714,1JJV532W45L,1,IN,P210254,2013.0,7.0,2
2022075847,5NHUCC4146U,1,PA,XDL7586,2006.0,6.0,1
2022075888,16VAX101362,1,PA,XJP7222,2023.0,3.0,1
2022075996,5MAPA5326GA,1,PA,PT143A3,2022.0,7.0,3
2022076041,99999999999,1,ZZ,UNKNOWN,2099.0,7.0,1
2022076319,4P51C2523N3,1,PA,PT505F2,2022.0,3.0,1
2022076692,4P5SA101262,1,PA,XKJ0097,2019.0,3.0,1
2022076720,5JW1U1215N2,1,PA,XNM3827,2022.0,3.0,2
2022076923,43YDC2621EC,1,PA,PT1500P,9999.0,3.0,2
2022077037,43YDC18292C,1,PA,XW32726,2022.0,2.0,1
2022077396,4YMBU0813MV,1,PA,XNK3982,2021.0,3.0,1
2022077507,5M7CF162X5P,1,PA,XLK1117,2024.0,6.0,5
2022077536,LJRC4526X41,1,TN,T746968,2022.0,7.0,1
2022077540,5ZT2CAVB3CA,1,NJ,TKM23M,2012.0,5.0,1
2022077596,5VGFA212XJL,1,PA,XMP6513,2022.0,3.0,2
2022077617,1JJV482W46L,1,PA,PT046F7,2018.0,6.0,1
2022077619,4TELS162061,1,PA,MG2270G,,3.0,1
2022077690,3H3V532CXGT,1,TN,U636214,2016.0,7.0,1
2022077760,99999999999,1,,,,6.0,2
2022077847,16VPX202XE3,1,PA,MG1194H,2014.0,3.0,2
2022077852,1UYVS2489H2,1,ME,2912560,2017.0,7.0,2
2022077877,4T9TA1712H1,1,PA,XNA2002,2022.0,3.0,2
2022078147,UNKNOWN,1,ME,30TRL19487,2023.0,6.0,1
2022078170,1UYVS2539FP,1,TN,237883T,2015.0,7.0,1
2022078170,1XPXD49X8ND,1,PA,AH21627,2022.0,7.0,2
2022078380,5DMFABTB27T,1,IA,TE9319,2022.0,7.0,1
2022078401,52LBE1629LE,1,PA,XLX1405,2023.0,7.0,1
2022078405,99999999999,1,ZZ,ZZZZZ,2022.0,7.0,1
2022078669,527SR5323LM,1,ME,2931152,2022.0,7.0,2
2022079059,1PT011AJ4W9,1,OK,CC4301,1998.0,7.0,1
2022079161,V501405,1,FL,LSN5865,2013.0,7.0,2
2022079185,4YMUL1018EV,1,PA,XLD1528,2023.0,6.0,2
2022079192,430UD142XMM,1,PA,,,3.0,1
2022079507,1DGFS1824RM,1,PA,XNN9470,2022.0,3.0,1
2022079589,575CB1217EP,1,PA,XMV4991,2026.0,3.0,2
2022079608,1JJV281D7NL,1,IN,P900241,,7.0,3
2022079608,1JJV281D9GL,2,IN,P431520,,7.0,3
2022079773,1DTV11Z25XA,1,ID,TM1590,1999.0,7.0,3
2022080095,1DW1A5323MS,1,ME,30TLR37690,2020.0,7.0,2
2022080162,5VGFX1426NL,1,PA,XNR0047,2022.0,3.0,2
2022080401,1UYVS2534M7,1,ME,3136047,2021.0,6.0,1
2022080495,5JW1U2025K1,1,PA,XKV2795,2023.0,6.0,2
2022080697,1JJV532D8EL,1,ME,23TLR43745,2023.0,7.0,1
2022080697,3H3V532C7JT,1,IN,P798264,2018.0,7.0,3
2022080791,1GR1A0627NB,1,IL,848935ST,2022.0,7.0,1
2022081102,1E1U2X286JR,1,IL,TTM93A,2025.0,7.0,2
2022081147,5WSAA4528DN,1,PA,PT164R1,,6.0,2
2022081542,1GRAP9629KD,1,TN,U832419,2022.0,7.0,2
2022081594,5HTSA4420K7,1,NJ,TUV94T,2023.0,7.0,1
2022081603,4AG1E1428MP,1,,,,6.0,1
2022081609,99999999999,1,PA,PT0210P,2023.0,7.0,2
2022081764,4P5DM1426M3,1,PA,XMX5728,2023.0,3.0,1
2022081781,WW202109000,1,NJ,TPV44D,2022.0,7.0,2
2022082060,99999999999,1,ME,4013048,,7.0,1
2022082137,5LVBU1214DA,1,PA,XMH9537,2021.0,3.0,2
2022082224,1GRAA96234D,1,PA,PT189M5,2023.0,7.0,1
2022082523,47GAD323698,1,DE,T42953,2023.0,3.0,1
2022082800,1J9FS1426R1,1,PA,XNE1614,2023.0,3.0,2
2022082906,1GRAP0628KD,1,TN,U971399,2099.0,7.0,1
2022082907,4JACH182XLG,1,PA,XNT1768,2023.0,3.0,2
2022082922,16V1C2721N2,1,PA,XNR3695,2023.0,3.0,1
2022082922,1GR4M9622LH,1,IN,P783140,2022.0,7.0,2
2022082923,1JJV532W74L,1,PA,PT8417N,2022.0,7.0,2
2022082932,1UYVS2437H6,1,IL,T523856,2023.0,7.0,2
2022083288,5VGFL3529LL,1,PA,PT613K3,2022.0,3.0,1
2022083516,11UGD362371,1,PA,XNB8613,2023.0,6.0,1
2022083556,99999999999,1,ZZ,999999999999,9999.0,6.0,1
2022083672,1GRAP0624HT,1,MO,44E7WP,2023.0,7.0,2
2022084010,99999999999,1,PA,,,7.0,1
2022084117,1UYVS2533N7,1,NJ,TYY75D,2026.0,7.0,4
2022084240,1LH930UH0F1,1,TN,4619714,2022.0,7.0,2
2022084350,4J8B0422XWT,1,PA,XGL2680,2023.0,7.0,2
2022084445,1JJV281E77L,1,TN,T978734,2023.0,7.0,2
2022084445,1JJV281D4LL,2,IN,P851285,2023.0,7.0,2
2022084520,15XFW50366L,1,PA,XKM3973,2023.0,7.0,1
2022084810,1UYVS2482M6,1,IN,P994330,2021.0,7.0,1
2022084810,4JEBB1814V1,1,PA,XNE0125,1997.0,3.0,3
2022084837,UNKNOWN,1,ZZ,UNKNOWN,2022.0,3.0,2
2022085000,1JJV532D0GL,1,ME,3221139,2023.0,7.0,1
2022085075,99999999999,1,ME,2638651,,7.0,1
2022085091,1UYVS2537L7,1,IN,P868625,2023.0,7.0,2
2022085241,3H3V532C5KR,1,WA,HV37145,2019.0,6.0,2
2022085302,5Y2SL63825Z,1,PA,HCR0737,2022.0,1.0,1
2022085302,2G1WB5KXB12,2,PA,LCK3903,2022.0,1.0,1
2022085586,1UYVS25326M,1,PA,PT0062J,2006.0,6.0,1
2022086481,1JJV401D9PL,1,TN,216409T,2023.0,6.0,2
2022086494,9999999999,1,ZZ,UNKNOWN,2022.0,6.0,2
2022086686,99999999999,1,ZZ,999999999999,9999.0,8.0,2
2022086786,99999999999,1,ZZ,999999999999,2022.0,7.0,1
2022086815,1E9T97817NE,1,PA,PT628N5,2022.0,7.0,2
2022087227,5V8VC5329MM,1,CA,4TP2258,2021.0,6.0,1
2022087376,1S12E95341D,1,ME,3319108,2033.0,7.0,1
2022087401,16V1U1314M3,1,NJ,TWT40W,2023.0,3.0,2
2022087449,1GRDM7621EH,1,NJ,TMK33F,2014.0,7.0,2
2022087450,UNKNOWN,1,IN,P960021,2023.0,7.0,2
2022087575,1DGRS1226WM,1,PA,XZ51883,1998.0,3.0,2
2022087903,1UYVS2533EM,1,ME,C187407,2022.0,7.0,1
2022087910,13N248200E1,1,PA,PT558MO,2022.0,7.0,1
2022087919,1JJV532D0LL,1,IN,P854016,2019.0,7.0,2
2022088050,99999999999,1,VA,9999999999,,6.0,2
2022088506,99999999999,1,,,,3.0,1
2022088994,4JA8018T5BG,1,PA,XKC3627,2026.0,3.0,3
2022089067,14HU08101NW,1,AR,PT226268,2022.0,3.0,2
2022089173,4YMUL16227V,1,PA,XKS1558,2023.0,3.0,2
2022089256,57J4533C0P3,1,PA,PT882L9,2023.0,7.0,1
2022089283,7K8PB1625KP,1,PA,XLR2719,2023.0,3.0,1
2022089541,1GRAA9628JB,1,OK,CE8882,2024.0,7.0,2
2022089801,5MAPA4825JA,1,NJ,TWR13S,2018.0,7.0,1
2022089830,5LEB1KS28N1,1,PA,PT619L8,2023.0,3.0,1
2022089858,1PMA24522E5,1,DE,T97463,2023.0,7.0,1
2022090042,1PMA2452XF5,1,DE,T59018,2023.0,7.0,2
2022090230,Z0149128291,1,NY,AV90337,2023.0,7.0,1
2022090257,1UYVS2426FM,1,IN,TMK51T,2015.0,7.0,1
2022090313,2M5131610M1,1,PA,PT994K6,2021.0,7.0,1
2022090517,4X4TRLC29M1,1,PA,XLK2871,2020.0,5.0,2
2022090529,3H3C462S68T,1,ME,277971A,2022.0,7.0,2
2022090628,99999999999,1,ZZ,999999999999,9999.0,6.0,1
2022091007,4MNDB322031,1,PA,XMZ7461,2022.0,6.0,1
2022091034,52LBE1229GE,1,PA,XJP3773,2023.0,3.0,2
2022091235,TC11861,1,DE,T96299,2022.0,7.0,1
2022091467,UNKNOWN,1,ME,2648646,2025.0,7.0,2
2022091616,1MDXE8N131A,1,PA,XKV2734,2023.0,6.0,1
2022091744,LJRC2824241,1,TN,T756144,2022.0,6.0,1
2022091745,3H3V532C8GT,1,MI,D410727,2022.0,7.0,3
2022091778,1GRAA5618BB,1,IN,P223601,2022.0,6.0,1
2022091778,3H3V281CX5T,2,IN,P90595,2022.0,7.0,1
2022091852,1J9A145B1M0,1,ME,3051078,2023.0,7.0,2
2022092026,5FTCE2323N2,1,TN,142354T,2022.0,7.0,1
2022092115,5CLCG17201R,1,DE,T12135,2001.0,6.0,1
2022092309,1GRAP8011HD,1,TN,060100T,2017.0,6.0,1
2022092443,3H3V532C5HT,1,ME,3113695,2031.0,7.0,2
2022093208,1UYVS2536L7,1,ME,2588690,2022.0,7.0,1
2022093266,50PBC3528LL,1,ME,264888F,2026.0,6.0,2
2022093356,1E9624308TE,1,PA,PT1143G,2004.0,7.0,2
2022093588,G812B2,1,PA,XJB9837,2023.0,3.0,1
2022093839,1GRAA0628FT,1,IN,P455859,2025.0,7.0,2
2022093921,541BX1423MM,1,PA,XMX3098,2025.0,3.0,2
2022094600,1A9AN84T8BM,1,WV,C299930,2023.0,7.0,1
2022095061,T68775PA,1,PA,XKF1714,9999.0,3.0,3
2022095904,13JV532D9HL,1,PA,PT163N7,2022.0,7.0,2
2022095973,558MTBR23KK,1,NJ,TUP25G,2023.0,7.0,2
2022096182,4PB2028A213,1,NJ,TTG96S,2023.0,3.0,2
2022096258,1S12E9539EE,1,ME,2345427,2023.0,7.0,2
2022096365,1GRAA56195B,1,TN,U338640,9999.0,7.0,2
2022096535,564BE1424FR,1,PA,XJK2551,2023.0,3.0,2
2022096665,99999999999,1,ZZ,999999,2022.0,7.0,1
2022096672,4CP689F12X7,1,PA,XCY3212,2023.0,5.0,4
2022096809,99999999999,1,NJ,TNT57S,2023.0,3.0,2
2022096966,3H3V532KXNS,1,TN,160356T,2022.0,7.0,1
2022097259,1CH440WH2H1,1,ME,2690620,2026.0,7.0,2
2022097331,1E1H5Y285JR,1,ME,3135625,2031.0,7.0,2
2022097369,1FADP3L95EL,1,PA,LZP7097,2022.0,8.0,1
2022097371,1T0HB4223CS,1,PA,PT590P1,2022.0,7.0,2
2022097374,1PTO1ANH4W9,1,PA,PT6128X,2022.0,7.0,1
2022097390,1UYVS2538K7,1,PA,PT774F5,2019.0,6.0,3
2022098904,3CVU82029E2,1,PA,XLG8336,2023.0,3.0,2
2022099011,5VGFW5134GL,1,PA,XMM3503,2023.0,6.0,1
2022099161,99999999999,1,ZZ,UNKNOWN,2023.0,7.0,1
2022099360,99999999999,1,ZZ,99999999,9999.0,7.0,2
2022099400,1A9LB5227YL,1,PA,XKZ2264,2022.0,7.0,1
2022099617,1RNF48A22BR,1,ME,2594533,2025.0,7.0,1
2022099627,1JJV532B1FL,1,PA,PT806H8,2022.0,7.0,2
2022099627,57J4533C4P3,1,PA,PT353P4,2023.0,7.0,3
2022099651,1GRAP062XDT,1,IN,U708176,2023.0,7.0,1
2022099729,1JJV532B8HL,1,TN,U644608,2017.0,6.0,2
2022099795,1E1U2X282GR,1,PA,PT892M8,2023.0,7.0,2
2022100153,5VGFW50268L,1,PA,XML6373,2022.0,6.0,1
2022100198,4JADS22233G,1,PA,XLN9242,2023.0,6.0,1
2022100319,431FS1821G1,1,PA,XKA3015,2023.0,6.0,2
2022100431,99999999999,1,,U970370,,6.0,1
2022100481,1M9SF1618CM,1,PA,XFT1204,2022.0,3.0,1
2022100530,1CD2L3620NA,1,PA,PT175J4,2022.0,7.0,2
2022100632,99999999999,1,PA,PT4300V,2023.0,6.0,1
2022100642,1S9BF4526LM,1,TX,283513M,2020.0,6.0,1
2022101107,99999999999,1,ZZ,999999999999,9999.0,6.0,2
2022101162,1RBA10514LA,1,PA,PT774K6,2022.0,8.0,2
2022101524,1RNF48A20PR,1,PA,XMJ1865,,7.0,2
2022101684,1DW1A2813HB,1,IN,P701756,2022.0,6.0,1
2022101684,1JJV281D9JL,2,IN,P553223,2022.0,6.0,1
2022101864,4YMBU1010KV,1,PA,XJF0845,2022.0,3.0,2
2022102010,1TTF482A3A3,1,AL,A100059,2009.0,7.0,2
2022102146,UNKNOWN,1,ZZ,UNKNOWN,2022.0,7.0,1
2022102176,1A9AN48T96D,1,WV,C438045,2023.0,7.0,2
2022102216,1PMA24425G5,1,TX,061C692,2025.0,7.0,1
2022102330,1A95A4126EC,1,PA,XJF3060,2023.0,3.0,1
2022102725,5JTAU1010LA,1,PA,XNA6856,2023.0,3.0,1
2022103073,99999999999,1,ZZ,,,6.0,2
2022103210,53BPTEA23PP,1,PA,XNT4767,2023.0,3.0,2
2022103379,5JWA3202XKN,1,PA,XME6081,2024.0,3.0,2
2022103422,4FMUS181XLR,1,PA,NO TAG,2022.0,8.0,1
2022103908,1GRDM9621EH,1,PA,PT0046W,2023.0,6.0,2
2022104225,2LEX11211M1,1,WY,116479,2023.0,7.0,2
2022104304,1GRAA06255T,1,FL,QA94LZ,2022.0,6.0,2
2022104386,99999999999,1,ZZ,999999999999,9999.0,7.0,1
2022104501,CT6396CONST,1,DE,CT6396,2023.0,8.0,1
2022104624,3B9TS71E3EG,1,SC,75298PT,2014.0,7.0,2
2022104966,UNKNOWN,1,PA,UNKNOWN,2000.0,9.0,1
2022105070,1UYFS2483EA,1,PA,PT0406X,2014.0,7.0,2
2022105097,1JJV281D5EL,1,IN,385007,2023.0,7.0,1
2022105097,1GRAA5617GB,2,IN,P566379,2023.0,6.0,1
2022105125,1JJV532D6AL,1,IL,718154ST,2022.0,7.0,2
2022105419,1E1U2Y280FR,1,PA,PT258H2,,7.0,3
2022105609,4YMUL08126V,1,PA,XCJ0441,2023.0,8.0,2
2022106864,1Z92B4526FT,1,OR,HV16144,2022.0,7.0,1
2022107023,SE0AU1748JG,1,PA,PT023E0,2018.0,7.0,1
2022107425,UNKNOWN,1,ZZ,UNKNOWN,2022.0,7.0,1
2022107445,1UYVS2538K2,1,NE,264562,2022.0,7.0,2
2022107453,1UYVS2534J2,1,MS,107763A,2023.0,7.0,1
2022107547,1UYVS248X4M,1,PA,PT409G8,2004.0,7.0,2
2022107959,99999999999,1,NY,31307,2022.0,7.0,1
2022107995,5E0AA1648KG,1,PA,PT061P4,2022.0,7.0,2
2022108022,1UYVS2534EU,1,NJ,TVK80H,2026.0,7.0,2
2022108045,5V8VC5321MT,1,TN,133664T,2099.0,7.0,1
2022108056,1UYVS2532EM,1,TN,256389T,2023.0,7.0,1
2022108093,1UYVS2532GP,1,ON,N1500C,2022.0,6.0,2
2022108283,UNKNOWN,1,ID,CCM872,2022.0,3.0,2
2022108291,1GRAA9625FK,1,VA,530243TL,2015.0,6.0,2
2022108350,1GRAA7229HB,1,NJ,TPZ81L,2023.0,7.0,1
2022108423,99999999999,1,IN,P663991,2023.0,7.0,1
2022108703,1P9SR5129NF,1,VA,193500TM,2022.0,7.0,1
2022108831,99999999999,1,PA,XM28935,2023.0,7.0,2
2022108842,AJACH2029NG,1,PA,XPC5790,2023.0,6.0,1
2022108953,1JJV532WX2L,1,NJ,TTL67G,2002.0,6.0,2
2022108980,3H3V532K0NJ,1,TN,2244982T,2023.0,6.0,1
2022108992,1GRAA0620CT,1,PA,PT3839T,2022.0,7.0,1
2022109031,99999999999,1,ZZ,999999999999,2022.0,3.0,1
2022109113,5MADN3820NC,1,PA,PT622M3,999.0,7.0,1
2022109113,1UYVS2534EM,1,PE,7TR37,2023.0,7.0,2
2022109283,99999999999,1,TX,027D701,2025.0,8.0,2
2022109793,5JW1U1213M1,1,PA,XNF6010,2022.0,3.0,2
2022109802,5M7UF08107P,1,PA,XDD2322,2007.0,3.0,1
2022109943,1J9A148B6F0,1,ME,2640579,2026.0,7.0,3
2022110102,3CV1U1817P2,1,PA,XNZ2712,2023.0,3.0,1
2022110297,1W9UT1010VH,1,PA,XKT6501,2023.0,3.0,2
2022110316,43YDC1420BC,1,PA,XGC-5127,2011.0,3.0,2
2022110318,1GRAA96283D,1,ME,5027049,2023.0,7.0,2
2022110367,99999999,1,PA,ZKV4523,2023.0,6.0,2
2022110488,1JJV532D6PL,1,NJ,TZL14P,2026.0,7.0,1
2022110488,1UYVS2534XC,1,NJ,TXS70M,2023.0,7.0,2
2022110589,99999999999,1,PA,XC7-9418,,3.0,2
2022110969,4YMDU1027GV,1,PA,XNR5429,2022.0,6.0,2
2022111022,99999999999,1,PA,XRB3943,2023.0,6.0,1
2022111072,1JJV532DXLL,1,IA,125894A,2020.0,7.0,2
2022111239,5CUAG1611MA,1,,,,8.0,1
2022111338,1KKVA45204L,1,IN,P52771,2004.0,7.0,2
2022111695,TR45518PA,1,PA,XLG2303,2023.0,3.0,1
2022111708,5VGFW5325LL,1,NJ,TYP80L,2022.0,6.0,3
2022111907,00000000000,1,,000000000000,,,1
2022111907,00000000000,1,,000000000000,,,2
2022111907,00000000000,1,,000000000000,,,3
2022112270,1PMA2442945,1,NJ,TPG62Y,2004.0,7.0,2
2022112683,50PBU0810KL,1,PA,XLT3886,2022.0,3.0,2
2022112934,5HTAM442357,1,PA,PT019A1,2023.0,7.0,2
2022113215,99999999999,1,PA,RT72304,,6.0,1
2022113361,4YMBU0811MV,1,PA,JYM3070,2021.0,3.0,1
2022113423,1GRDM90221M,1,PA,XGZ2262,2023.0,7.0,2
2022113513,116BC1341GC,1,NJ,TAG14N,2023.0,3.0,2
2022113594,1TKHA48254B,1,PA,PT836P3,2004.0,7.0,1
2022113602,5JWTU1820C1,1,PA,XHC0329,2023.0,3.0,2
2022113766,5B5LT1820CH,1,PA,XHC2892,9999.0,3.0,2
2022114093,3H3V532C1GT,1,OR,99870,2023.0,7.0,1
2022114328,4FPFB10165G,1,MD,URI10,2023.0,3.0,1
2022114836,1GRAP0620JD,1,TN,U800090,2024.0,7.0,2
2022114847,5JW1D1626K4,1,PA,PT189F7,2022.0,3.0,2
2022114941,2M5121468H1,1,NJ,TTS92W,2022.0,6.0,2
2022115150,50PAS1824KL,1,PA,MG65926,2023.0,3.0,1
2022115544,1H2V05323PB,1,PA,PT006N8,2023.0,7.0,2
2022115576,1JJV281DXKL,1,IN,P836140,2022.0,7.0,1
2022115812,UNKNOWN,1,ZZ,UNKNOWN,2000.0,7.0,1
2022115840,1UYVS2537K7,1,PA,XKS3528,2022.0,7.0,3
2022115856,99999999,1,PA,PT4688B,2022.0,7.0,2
2022115865,541FA2020HM,1,PA,XKV1170,2027.0,3.0,1
2022115932,WL202106900,1,NJ,TTT32D,2013.0,7.0,1
2022115944,112H8V350KL,1,PA,PT027J4,2023.0,3.0,2
2022116241,LJRC4126662,1,TN,T972365,2006.0,7.0,1
2022116265,1JJV532D6HL,1,NE,18391W,2017.0,7.0,2
2022116276,1GRDM9621JH,1,ME,271264D,2027.0,7.0,3
2022116278,1PMC64521F6,1,NJ,TNF10W,2015.0,7.0,2
2022116360,1JJV482W2YL,1,OK,7844DN,9999.0,7.0,3
2022116369,1JJV281WX6L,1,IN,P368180,2006.0,6.0,2
2022116369,1JJV281W34L,2,IL,T325652,2004.0,6.0,2
2022116583,99999999999,1,ZZ,999999999999,9999.0,7.0,1
2022116599,3H3V281C4FT,1,OR,HU81851,2015.0,6.0,1
2022116599,1TTF482A7G3,1,OH,TQS3590,2023.0,6.0,2
2022116611,1GRAA0629GB,1,ME,3147852,2031.0,7.0,1
2022116629,99999999999,1,ZZ,999999999999,2099.0,7.0,2
2022116780,53FBE1426LF,1,NJ,TWH28M,2024.0,8.0,1
2022117308,99999999999,1,PA,PT160G1,2022.0,7.0,1
2022117308,5MAMN4328KW,1,PA,PT159G5,2022.0,7.0,2
2022117309,99999999999,1,,,,1.0,2
2022117309,99999999999,1,,,,1.0,3
2022117480,5E0AA1644LG,1,CA,4SW5784,2019.0,7.0,2
2022117629,3H3V281C5FT,1,IN,P438243,2015.0,7.0,1
2022117671,5WSAA4527GN,1,PA,PT196J0,2023.0,7.0,2
2022117759,1GRAA6422HW,1,PA,PT526C5,2023.0,7.0,1
2022118050,99999999999,1,TN,216419T,2029.0,7.0,1
2022118110,1TDH42224EB,1,PA,PT771M2,2022.0,7.0,1
2022118356,4MWBT2020MN,1,PA,PT896M9,2021.0,3.0,1
2022118369,5JW1U1829J1,1,PA,XLG2343,2025.0,6.0,2
2022118388,1UYVS2537L2,1,WI,9002STV,2023.0,7.0,1
2022118594,1UYVS2538GU,1,OK,6143LB,2024.0,7.0,1
2022118703,1JJV532D6KL,1,TN,U840289,2019.0,7.0,2
2022118731,5EF3GC4026B,1,NJ,TVV38V,2023.0,7.0,2
2022118975,3H3V281C2GT,1,IN,P443414,2023.0,7.0,1
2022119072,99999999999,1,ZZ,999999999999,9999.0,7.0,1
2022119658,1E1U2Y2867R,1,NJ,TDH64S,2026.0,7.0,1
2022120110,99999999999,1,ZZ,PT213510,2023.0,7.0,1
2022120177,58CB1DA26NC,1,PA,XNV7780,2023.0,3.0,2
2022120769,1UYVS242XK6,1,PA,XKS3521,2022.0,6.0,1
2022120793,1E1F9V283DR,1,ME,247970D,2023.0,7.0,2
2022120796,1GRAA0624FB,1,FL,QA31QT,2099.0,7.0,1
2022120908,1E1H5Y289NR,1,ME,268669C,2023.0,7.0,1
2022121154,1JJV532WX8L,1,OK,6995FZ,2022.0,6.0,2
2022121177,1GRAA8025GB,1,PA,PT173P5,2023.0,7.0,2
2022121623,1UYVS25367M,1,ME,153B320,2023.0,7.0,1
2022121741,1GR1A0623NB,1,IN,PB94735,2023.0,7.0,2
2022122447,112HMV280KT,1,PA,XLG8050,2022.0,6.0,1
2022122593,1JJF48267SL,1,PA,PT2514M,2022.0,7.0,1
2022123005,1JJV532D0LL,1,IN,P801851,2020.0,7.0,3
2022123301,1GRAA0625FW,1,CA,4TT5507,2023.0,6.0,1
2022123774,2NP2HM7X4GM,1,PA,AH08238,2016.0,9.0,1
2022123848,1UYVS2535L2,1,IL,1523ST,2021.0,7.0,2
2022123974,112H8V347NL,1,PA,MG3161N,2022.0,6.0,1
2022124011,1PLE04521LP,1,ME,2462747,2023.0,7.0,1
2022124081,3HSDZAPR9JN,1,IL,T553786,2015.0,7.0,2
2022124264,1JJV532D4NL,1,IN,P858269,2022.0,7.0,1
2022124561,4DFF182X3N0,1,PA,RT74127,2023.0,3.0,2
2022124771,5Z5GC3430LS,1,NY,CD98347,2022.0,7.0,1
2022124959,1UYVS2539CM,1,FL,6948CY,2012.0,7.0,1
2022124969,13N1532C9K1,1,MX,2391235,2023.0,7.0,2
2022125124,1JJV532D0CL,1,TN,U706631,9999.0,7.0,2
2023000067,1JJV532D5LL,1,NE,33574W,2023.0,7.0,2
2023000067,1Z9M1AA20GA,1,ME,2829273,2028.0,7.0,3
2023000615,13N2532CXP1,1,ME,3133111,2024.0,7.0,1
2023000618,1J9AH422`81,1,PA,PT-1731M,2022.0,6.0,2
2023001035,5V8VA5325HM,1,IN,P590690,2022.0,7.0,1
2023001035,99999999999,1,IN,P535399,2099.0,7.0,2
2023001035,99999999999,2,IN,P730518,2099.0,7.0,2
2023001453,NONE,1,ME,0231737A,2023.0,7.0,2
2023001477,1UYVS2530GU,1,IN,P395982,2016.0,6.0,2
2023001866,1UYVS2516N6,1,ME,224927G,2022.0,7.0,2
2023002079,00000000000,1,,,,,1
2023002079,00000000000,1,,000000000000,,,2
2023002119,1M9DB2323FG,1,PA,XKP5756,2015.0,3.0,2
2023003431,TR66842PA,1,PA,PT9853L,2023.0,7.0,2
2023003577,99999999999,1,PA,AG67168,2023.0,7.0,2
2023003586,PT094J7,1,ZZ,UNK,2022.0,6.0,2
2023003598,1E1U2X287GR,1,PA,PT7306Z,2023.0,7.0,1
2023003598,1TDH42224KB,1,NJ,TUV93E,2026.0,7.0,2
2023003736,99999999999,1,MD,171776X,2024.0,7.0,2
2023003857,1GR1A0622MW,1,IA,FH8644,2023.0,7.0,2
2023004165,1GR1P0625NJ,1,ME,455503Z,2045.0,7.0,2
2023011357,3AKJHHDR9LS,1,TN,L3540HY,2020.0,7.0,1
2023011484,14HU122017T,1,TX,A026702,2023.0,3.0,2
2023012521,3H3V532C3HT,1,PA,PT192H1,2017.0,7.0,2
2023012668,3H3V532KXNS,1,TN,178320T,2020.0,7.0,1
2023012884,3H3V482C4YT,1,OK,6673JL,2019.0,7.0,2
2023012893,1GR1A9629ME,1,NY,CA14098,2023.0,7.0,1
2023013044,1UYVS248XAM,1,PA,PT2579P,2022.0,6.0,3
2023013045,1A9PA4226BD,1,TX,001F854,2025.0,7.0,5
2023013695,1UYVS25356U,1,NJ,TVB10M,2006.0,7.0,2
2023021499,UNKNOWN,1,ZZ,UNKNOWN,2099.0,7.0,2
2023031880,14HU581VXLD,1,DE,T78694,2022.0,3.0,2
2023054892,99999999999,1,PA,XNZ8239,,3.0,1
2024031406,UNK,1,PA,UNK,2022.0,9.0,1
2023030454,1JJV532D8PL,1,CA,4UU6009,2027.0,7.0,1
2023020006,1UYVS2536DU,1,IL,849789ST,2023.0,6.0,1
2023020006,1TTF532AXJ3,1,IL,619181ST,,6.0,6
2023095519,99999999999,1,PA,XNF4553,2024.0,3.0,1
2023054951,5JW1D1227K4,1,PA,PT178R7,2019.0,8.0,1
2023054951,53BLTEA17KP,1,PA,XMV2869,2019.0,8.0,2
2023058620,58CB1DB24FC,1,PA,XJM2539,2024.0,3.0,2
2023023566,10BAB72Y3YM,1,PA,KGP0181,2024.0,6.0,2
2023016580,1GR1A802XMB,1,PA,PT171J8,2021.0,7.0,2
2023055015,526162815F5,1,NJ,TVS80V,2023.0,7.0,1
2023057925,5B5PBUG20NH,1,PA,XPC5339,2023.0,9.0,2
2023030286,16V1D192XN5,1,PA,PT896M5,,6.0,2
2023045320,16HGB20223P,1,PA,XY46758,2003.0,3.0,2
2023019726,1GR1A0628ML,1,ME,3034318,2023.0,7.0,1
2023015061,1GRAA0626JD,1,PA,PT345D9,2023.0,6.0,2
2023112976,16V1U2225P3,1,DE,T0091640,2023.0,3.0,1
2023072206,5JYLT42202P,1,PA,PT6127Z,2002.0,6.0,2
2023065096,3H3V532C3LR,1,TN,016398,2020.0,7.0,2
2023016938,5MC424010F3,1,PA,PT6269Z,9999.0,6.0,2
2023036965,1RNF45A275R,1,PA,PT899R1,2099.0,7.0,1
2023036965,1DW1A5322NS,1,MI,E370167,2099.0,7.0,2
2023016022,1M2AXO0C9EM,1,NJ,ZZ,2023.0,6.0,2
2023102826,1UYVS2538HU,1,IL,886023ST,2023.0,7.0,2
2023112863,1GRAP0623DT,1,IN,U705448,9999.0,7.0,1
2024004731,1RNF48A238R,1,ME,3132083,2031.0,7.0,2
2023013594,1TTF422S8F3,1,OK,BK5949,2023.0,7.0,3
2023109060,SW54304PA,1,PA,XMM3553,2027.0,3.0,1
2023015095,1GRAA06287D,1,PA,PT6102Z,2007.0,7.0,2
2023070065,48RTPGASEW1,1,CT,BL15899,2023.0,7.0,1
2023076602,3H3V532C0LR,1,TN,042032T,2099.0,6.0,2
2023102625,1UYVS2537P6,1,PA,PT637M8,,6.0,2
2023070399,1KKVA5327PL,1,PA,PT286R9,2023.0,7.0,2
2023076024,5A3C716D0LL,1,PA,XMC1353,2020.0,3.0,2
2023070992,3H3V532CXLT,1,TN,000381T,2023.0,6.0,2
2023051350,3H3V532K0NS,1,ME,4014994,2022.0,7.0,1
2023087609,1UYVS2539K2,1,CA,4TH3790,2023.0,7.0,2
2024000738,99999999999,1,IN,PA97058,2024.0,7.0,2
2023099688,,1,,,,9.0,1
2023099688,99999999999,1,ZZ,160426T,2021.0,7.0,2
2023055543,1FUBCYBS0CH,1,PA,AH25641,2012.0,6.0,2
2023067089,55L1F1219HN,1,PA,XKY1376,2021.0,6.0,1
2023106597,43YDC1027YC,1,PA,XJG006,2023.0,3.0,1
2023043105,NONE,1,ZZ,UNKNOWN,2023.0,7.0,1
2023046555,13N1482C9J1,1,PA,PT872K8,2018.0,6.0,1
2023037183,1L9BU16268A,1,PA,XKW6943,2022.0,3.0,1
2023078952,1GRAP0625FJ,1,IN,P343074,2024.0,7.0,1
2024019367,1JJV532W77L,1,FL,QA35XQ,2024.0,7.0,2
2023022508,1GRAP0627ET,1,PA,PT064P1,2023.0,6.0,1
2023047378,1C9UH1920LR,1,PA,XMF7271,2022.0,8.0,1
2023110819,43YDC1024XC,1,PA,XNF5253,2024.0,3.0,3
2023059878,1WC200E14Y1,1,PA,XDA3327,2023.0,3.0,2
2023090753,1E1Z2Y283GR,1,PA,PT057MO,2024.0,7.0,1
2023051368,1GRAA9625JB,1,IN,PB47147,2023.0,6.0,1
2023031193,1GRAA902258,1,PA,XNJ6725,2023.0,7.0,2
2023045140,5JW1D1420P4,1,NJ,TZT44T,2023.0,3.0,2
2023086240,4YMUL1018V1,1,PA,XDL8118,2026.0,3.0,2
2023025120,1UYVS2480HM,1,NJ,TSJ32R,2025.0,7.0,2
2023027855,1GRAA0627ED,1,PA,PT8676V,2014.0,7.0,1
2023038562,4X4TRP715JL,1,PA,XPD6326,2024.0,5.0,1
2024014742,3B9TS71E7CG,1,ME,251224B,2025.0,7.0,1
2023074933,1TKH04324FM,1,PA,XY05007,2023.0,7.0,2
2023055060,12345678901,1,ME,278527E,2000.0,7.0,3
2023112292,1UYVS2536L2,1,IN,P906241,2019.0,7.0,2
2023065334,VGFW5325KL0,1,ME,267680D,2027.0,1.0,2
2023036712,1,1,ZZ,999999999999,2023.0,6.0,2
2023067516,99999999999,1,TN,U646493,2099.0,7.0,2
2023106658,7SPCC4023PN,1,TN,325535T,2024.0,7.0,2
2023049914,1E1D2R280HR,1,ME,262008B,2026.0,6.0,2
2023065689,53BPTEA20MP,1,PA,XMJ5108,2026.0,3.0,2
2023037535,1VVSV48223F,1,NJ,TNN22L,2026.0,6.0,1
2023001886,1GRAP0623JJ,1,NJ,TZM14T,2023.0,7.0,1
2024014739,1PMB14221F2,1,DE,T0000749,2025.0,7.0,8
2023070371,99999999999,1,,,,8.0,3
2023071767,1GRAA0628CW,1,PA,PT199J7,2023.0,7.0,1
2023021962,5E0AJ1449CG,1,PA,PT644P5,2023.0,7.0,1
2023022844,1S92S3426YM,1,NJ,TCL45V,2024.0,6.0,2
2023034501,5JW1D0814P4,1,PA,XPG5053,2023.0,8.0,3
2023098324,3H3V382KXRJ,1,DC,4739002,2024.0,7.0,1
2023098923,5MAMN4824HW,1,NJ,TVF96N,2027.0,7.0,1
2023051254,1G9BF2021MA,1,PA,XNP0654,2023.0,6.0,1
2023094711,1DW1B48221S,1,NJ,TYL12Y,2025.0,7.0,1
2023021822,1GR4M9623PH,1,PA,PT136R2,2023.0,7.0,1
2023105455,1JJV532D1GL,1,TN,U563836,2023.0,7.0,1
2023070377,1FTPW14564K,1,IN,PA18989,2017.0,7.0,1
2023070377,1FTPW14564K,1,NJ,FBBSJR,2017.0,2.0,2
2023061297,1J9DC081XWM,1,NJ,TJU11N,1998.0,8.0,2
2023065579,1C9TT4625NE,1,PA,PT638N7,2022.0,7.0,2
2023036771,99999999999,1,,XP81627,,3.0,1
2023111579,1CD2L3622HA,1,PA,XJR6151,2024.0,7.0,1
2023070490,SW143752PA,1,PA,XMX0456,2025.0,6.0,1
2023058891,4YMBU0819LV,1,PA,XML1208,2023.0,3.0,2
2023057224,1UYVS2535GM,1,MO,14B724,2023.0,7.0,2
2023005615,4JADT610X7G,1,PA,XDD6882,2023.0,3.0,3
2023039736,99999999999,1,ZZ,999999999999,9999.0,7.0,2
2023083125,1UYVS2538HM,1,IL,893293ST,2023.0,7.0,1
2023039903,1UYVS248XCM,1,IL,T529078,2023.0,7.0,1
2023082281,1G9CB4929CS,1,IL,610912ST,2023.0,7.0,1
2023075814,7GRN21932JZ,1,PA,XPD5802,2024.0,3.0,2
2024000333,UNKNOWN,1,ZZ,UNKNOWN,2099.0,7.0,4
2023114577,1GR1P0622NJ,1,ME,455507Z,2021.0,7.0,1
2023060894,1GR1A9021NB,1,IN,PA86555,2023.0,7.0,2
2023069582,1UYVS2538DU,1,NC,DB12444,2013.0,7.0,1
2023046909,99999999999,1,,UNK,999.0,7.0,1
2023102301,1UYVS2531M7,1,ME,C377985,2023.0,7.0,1
2023069714,1ZJBB2523HC,1,PA,XNA1062,2024.0,8.0,2
2023066752,UNKNOWN,1,ZZ,FARM,2023.0,3.0,1
2023038618,1GRAA0625EB,1,ON,X5094H,2027.0,7.0,1
2023038618,NONE,1,ZZ,NONE,2099.0,8.0,2
2023073543,99999999999,1,WV,C481-507,2024.0,8.0,1
2023036168,1UYVS2537J7,1,WI,744683,2099.0,7.0,2
2023081192,UNKNOWN,1,ZZ,UNKNOWN,2001.0,9.0,1
2023078030,4YMBC1014NG,1,PA,XNR3733,,6.0,2
2023091341,4YMBU0819JV,1,PA,XLC3101,2023.0,8.0,3
2023076690,5V8VC5328JM,1,PA,PT049E2,2023.0,7.0,1
2023008247,1GRAA06284W,1,NJ,TXS93E,2023.0,7.0,1
2023047515,1R1F353205K,1,PA,PT5738R,2023.0,7.0,1
2023108260,5RXTC2227E2,1,PA,XR75790,2024.0,5.0,1
2023082682,3H3V532KXNS,1,IN,PA96274,2023.0,7.0,1
2023047504,5VGFL4337PL,1,NY,CF44963,2023.0,3.0,2
2023085158,1UYVS253XHG,1,IN,PD85789,2024.0,7.0,2
2023110302,1GRAA0620FT,1,PA,PT197N3,2024.0,7.0,2
2023114327,5JW1U1825L1,1,PA,XKL4323,2024.0,3.0,2
2023092354,1RNF48A20RR,1,PA,PT03394,2023.0,7.0,1
2023048268,1PT01ANH8X9,1,PA,PT139R2,2023.0,7.0,1
2023089422,14HU12202HW,1,WA,39039AA,2023.0,6.0,2
2023030142,5MAMN4825HW,1,NJ,TNY12E,2023.0,7.0,2
2023072752,50PBU1622PL,1,NF,XPL7073,2023.0,6.0,2
2023067394,3H3V482K6NJ,1,IL,T560364,,6.0,2
2023027128,1UYVS2537N3,1,IA,FS0244,2023.0,7.0,2
2023095373,1JJV532D8PL,1,IN,PC11197,2099.0,7.0,1
2023066912,1WC200K27T1,1,PA,XNL1548,2024.0,6.0,1
2023049637,4FMUS2010LR,1,,,,3.0,1
2023071081,5JW1U2020P1,1,PA,XPH5819,2023.0,3.0,2
2023112002,99999999999,1,ZZ,UNK,2024.0,7.0,1
2023112002,999999999,1,ZZ,UNK,2024.0,7.0,3
2023031798,16V3F3827N6,1,ME,5199536,2022.0,6.0,1
2023019022,2S9DA6244MM,1,ME,2388676,2028.0,6.0,1
2023045300,5V8VC5323NM,1,IL,842976ST,2023.0,7.0,2
2023070397,1RNF48A23JR,1,IN,P542600,2023.0,7.0,1
2023112898,3GR1P0629NT,1,IN,PB41678,2022.0,7.0,1
2024000545,1E1U2X285BR,1,NJ,H84TAE,2024.0,7.0,2
2023074183,1RNF48A225R,1,PA,XKR6797,2023.0,7.0,2
2024000331,99999999,1,MI,99999,2023.0,6.0,2
2023064271,14HU081V9PN,1,ON,L99155,1993.0,8.0,2
2023064271,1L01B452071,1,PA,PT9931K,2007.0,7.0,3
2023064271,LJRC46264G1,1,TN,U605477,2016.0,7.0,4
2023097970,13N148203R1,1,IA,FW4690,2023.0,6.0,2
2023029790,5RMBE14266D,1,PA,XCW5268,2023.0,6.0,1
2023110445,1ZFUF1622GB,1,PA,XNC4591,1986.0,3.0,2
2023048116,99999999999,1,PA,XNY3051,2023.0,3.0,1
2023025711,3H3V532C0YT,1,PA,PT8647P,2024.0,7.0,1
2023069285,UNKNOWN,1,PA,UNKNOWN,,8.0,2
2024000488,1UYVS2534L6,1,PA,PT681H8,2024.0,7.0,2
2024001045,5MAPA48239A,1,NJ,TYZ42Y,2026.0,7.0,1
2023030380,1JJV532B8KL,1,NE,271793,2099.0,7.0,1
2023088663,1GRAA06255J,1,KY,86067T,2023.0,7.0,1
2023109950,3H3V532K6PJ,1,IA,FT9043,2023.0,7.0,1
2023004308,1B9B03039M1,1,VA,147916TM,2023.0,7.0,1
2023004308,1PMB14420Y2,1,IL,T532913,2023.0,7.0,2
2023028315,1GRAA0628KE,1,NY,1895C3,2023.0,7.0,1
2023108598,5V8VC5329PM,1,MO,40L3VY,2023.0,7.0,1
2023090980,1RNF53A2XRR,1,PA,PT740R0,2024.0,6.0,2
2023047923,99999999999,1,ZZ,9999999999,9999.0,9.0,1
2023065603,2M592161XK1,1,QC,RK2606A7,2023.0,7.0,1
2023050653,1M9SF2023FM,1,PA,XME6135,2023.0,3.0,2
2023100107,58SGF402XNE,1,NC,CN95372,2022.0,3.0,1
2023066105,1E1U1Y285YR,1,NJ,TTE26G,2000.0,7.0,1
2023051555,16HPB16217P,1,,,,6.0,3
2023026485,3H3V532C41T,1,ME,3059497,2026.0,7.0,1
2023057118,1J9FS1018P1,1,PA,XCK2594,2023.0,3.0,2
2023054306,99999999999,1,ME,32TLR28497,,6.0,1
2023015224,1L01A532271,1,MD,376745X,2007.0,7.0,2
2023094980,1GR1A0622NW,1,CA,4UA9703,2023.0,7.0,1
2023098964,1UYVS2533N7,1,PA,XMY1400,2023.0,7.0,2
2023047580,1TTF48206S1,1,NC,AM91379,2022.0,7.0,2
2023113827,99999999999,1,ME,2145958,2023.0,7.0,3
2023113827,1UYVS253XHG,1,NJ,TRT65B,2024.0,7.0,4
2023020201,1S12E95316E,1,ME,AH04878,2023.0,6.0,2
2023089916,99999999999,1,ZZ,9999999999,9999.0,8.0,2
2023084420,5MAMN4520FC,1,NJ,TNK60B,2026.0,7.0,1
2023066623,58CB1DB20KC,1,PA,PT843J3,9999.0,8.0,1
2023100158,UNKNOWN,1,ZZ,UNKNOWN,2099.0,7.0,2
2023070197,5M7DC10226P,1,PA,XJY4965,2027.0,3.0,1
2023050717,5JW1D1227K4,1,PA,XLN2117,2023.0,7.0,1
2023090510,13N148205D1,1,NY,CB84097,2023.0,7.0,2
2023036551,1A9114225H1,1,PA,PT521D7,2023.0,6.0,2
2023074802,99999999999,1,IN,P717926,2023.0,6.0,2
2023074802,99999999999,2,IN,P946022,2023.0,6.0,2
2023081047,1JJV532D9LL,1,TN,003628,2023.0,6.0,3
2023024632,99999999999,1,,,,8.0,2
2023075657,1S12E9533HE,1,ME,2933836,2017.0,7.0,2
2023072919,15XFE47327L,1,PA,PT529L4,2023.0,6.0,1
2023086476,5E0AA1643PG,1,MS,156322A,2023.0,6.0,1
2023036514,5WSAA44258N,1,PA,PT467M6,2023.0,6.0,1
2023110270,1H4T04229KK,1,NJ,TAZ15C,2016.0,8.0,3
2023074510,3H3V532K2PS,1,TN,310028T,2023.0,7.0,1
2023076183,558MTBR25MK,1,NJ,TYJ26E,2025.0,6.0,2
2023053874,5B5PS1013GH,1,PA,XKH0963,2016.0,6.0,2
2023041799,99999999999,1,ZZ,999999999999,9999.0,7.0,1
2023039943,1E1Z2Y285LR,1,PA,PT258HD,2024.0,7.0,2
2023083487,4YMBU1015NV,1,PA,XPH2441,2024.0,3.0,2
2023077938,1JJV532W14L,1,ME,5038385,2004.0,7.0,2
2023038366,1DW1A5323JB,1,ID,TR7571,2018.0,6.0,1
2023066490,3738156,1,ZZ,999999999999,2024.0,7.0,2
2023110913,50PAK2420PL,1,PA,PT877S7,2023.0,3.0,1
2023054988,1JJV532WX7L,1,ME,5098125,2007.0,7.0,1
2023040590,58SGF3023PE,1,TX,537957M,2024.0,3.0,2
2023025672,112H8V341JL,1,PA,XLD8864,2023.0,6.0,1
2023063316,99999999999,1,ZZ,9999999999,9999.0,5.0,2
2023108775,,1,,0643STV,2019.0,6.0,1
2023053822,1W15532A6L6,1,PA,25-1100A,2020.0,7.0,2
2023040111,LT1CC41285C,1,ME,2528492,2023.0,7.0,1
2023065262,4L2KY4L1XW2,1,PA,XT89975,1998.0,6.0,2
2023004305,1P9BE1626PF,1,PA,XNR3904,2024.0,3.0,3
2023104384,1DW1A5321RS,1,PA,PT730R0,2020.0,7.0,1
2023085712,5HTAB432867,1,PA,PT3232N,,6.0,2
2023078482,L4WC1G721LA,1,ON,V7303J,2024.0,3.0,1
2023054569,1GRAA64206S,1,PA,PT7393J,2024.0,7.0,1
2023014396,14HU122071P,1,TX,A035299,2023.0,3.0,1
2023019209,XXXXXXXXXXX,1,PA,FARM TRAILER,2023.0,7.0,2
2023007023,99999999999,1,ZZ,,,7.0,1
2023058422,5HTSA4421K7,1,NJ,TUL33J,2023.0,7.0,2
2023026560,1DTC20V22FP,1,TN,U832167,2099.0,7.0,1
2023063367,5HTAB442267,1,NJ,TY65P,2025.0,7.0,2
2023109616,1UYVS2539K7,1,ME,2845669,2019.0,7.0,1
2023102793,,1,MA,2493451,,6.0,2
2023112831,ODSCL800TM,1,PA,MG4088A,2023.0,6.0,1
2023052555,1JJV482B6HL,1,NJ,TRU20B,2024.0,7.0,2
2023086475,,1,,,,5.0,1
2023095236,4NGAA1625VA,1,PA,XNH3659,2024.0,3.0,2
2023025882,1W15482AXK6,1,NJ,TUH26H,2026.0,7.0,1
2023025882,1JJV532D0NL,1,ME,269426A,2023.0,7.0,2
2023057942,1TKA04829EW,1,PA,PT4225Y,2014.0,6.0,2
2023062008,4JADS22228G,1,PA,MG1351E,2024.0,6.0,2
2023056619,99999999999,1,PA,9999999,2024.0,8.0,2
2023025860,1H4B04123GL,1,NJ,TGT57W,2023.0,7.0,2
2023076666,4YMBU0817MV,1,PA,XMT8774,2023.0,3.0,1
2023067765,99999999999,1,PA,XMP6617,,3.0,1
2023050859,1RZ19F2CXF2,1,MO,28A486,2015.0,7.0,2
2023101741,5V8VC4827EM,1,PA,PT0019X,2099.0,7.0,1
2023027035,4LF24820643,1,NJ,T16Y7M,2023.0,7.0,2
2024002741,1E1U2X284XR,1,PA,PT3702X,2023.0,6.0,1
2023061867,5WSAA4527JN,1,PA,PT281D0,2018.0,7.0,2
2023067508,5MC435326BK,1,NY,2332D6,2026.0,7.0,1
2023102417,57T1F1827GL,1,PA,XMM6291,2016.0,3.0,2
2023107856,4YMUL12247V,1,PA,XPR0536,2024.0,3.0,1
2023027038,99999999999,1,PA,9999999,2023.0,7.0,4
2023059485,1VRC1147N10,1,NJ,TJF52W,2017.0,3.0,2
2023100535,1J9FS1217R1,1,PA,XPC7935,1994.0,3.0,1
2023041054,1KKVD2813HL,1,IN,P629650,2023.0,6.0,2
2023099740,1M9SF16144M,1,PA,XHV7832,2023.0,8.0,2
2023094176,3H3V532C8KT,1,OR,HV33541,2019.0,7.0,1
2023046597,1E1U2X282GR,1,PA,PT892M8,2023.0,7.0,1
2023064618,1UYVS2535R2,1,MS,156090A,2024.0,7.0,1
2023006235,99999999999,1,ME,2648495,2025.0,6.0,2
2023085152,1UYVS2531K7,1,ME,3233705,2031.0,7.0,1
2023038662,1GR1A9022MB,1,PA,XMD8561,2023.0,7.0,1
2023099702,50PBU1415ML,1,PA,XNB3100,2028.0,3.0,2
2023079017,1S9T03328R1,1,PA,PT967R9,2024.0,7.0,1
2023044158,4A93A4828PH,1,PA,XPH9525,2023.0,6.0,1
2023014801,1UYVS253XL7,1,PA,PT594H5,2020.0,7.0,1
2023027791,16V1D1921N5,1,NJ,109465T,2021.0,3.0,1
2023101551,1JJV532D6KL,1,IL,662488ST,2019.0,7.0,1
2023101551,1JJV532B9FL,1,IL,686841ST,2015.0,7.0,2
2023057455,5M7UF1498P0,1,PA,XPC2264,2024.0,3.0,2
2023067080,1JJV532W7WL,1,ME,5112248,2024.0,7.0,1
2023098986,1C9FS1014N1,1,PA,XHD7232,2024.0,3.0,2
2023085482,4YMUL1210AV,1,PA,XT39688,2028.0,3.0,2
2023064621,1GR1A0620MB,1,IL,P895671,2024.0,7.0,1
2023026150,5V8VA2813JT,1,GA,WMN731,2023.0,7.0,2
2023070690,1GRAA56178S,1,PA,PT6360M,2023.0,6.0,2
2024000336,5VGFW5022KL,1,PA,273259F,2023.0,3.0,1
2023086166,15XFW4831X1,1,PA,XNR0823,2024.0,6.0,2
2023111367,4YMUL0819DV,1,PA,XHJ0022,2024.0,6.0,2
2023107257,1JJV532DXML,1,ME,5187177,2021.0,7.0,1
2023041052,1JJV482WX8L,1,PA,PT1639K,2023.0,6.0,1
2023078142,1UYVS25353M,1,ME,5014533,2023.0,7.0,1
2023041020,4YMUL1216GV,1,PA,XMT5160,2026.0,3.0,2
2023018339,1JJV532W95L,1,ME,2465359,,7.0,2
2023032368,1GR1P9627ND,1,NJ,TYL77G,2022.0,7.0,1
2023039261,4YMUL12192V,1,PA,XV71465,2002.0,1.0,2
2023036978,1GRAA06207S,1,AZ,32350E,2023.0,7.0,1
2023028498,99999999999,1,NC,28600946,2023.0,3.0,1
2023060045,1JJV532W08L,1,NY,CE19710,2022.0,7.0,1
2023089599,5V8VC4829RT,1,ME,5233437,2024.0,7.0,1
2023013091,5M7VT14219P,1,PA,XMW0026,2027.0,3.0,1
2023027659,12345678912,1,IN,PC23475,2023.0,7.0,2
2023027243,1GR1A0620LW,1,ME,245467B,2020.0,7.0,1
2023029275,5HTAM432927,1,NJ,TPL89F,2023.0,7.0,1
2023065052,1JJV532D3HL,1,IN,PB60977,2017.0,7.0,2
2024001052,1UYVS25389U,1,PA,PT413H8,2023.0,6.0,1
2023044784,99999999999,1,IN,P389822,2023.0,6.0,1
2023046774,1JJV532D8PL,1,ME,5130302,2032.0,7.0,1
2023095779,2M5921618Y7,1,ME,3113594,2025.0,7.0,1
2023115987,,1,IL,874521ST,2024.0,7.0,1
2023049537,1JJV532D4GL,1,ME,394556Z,2023.0,7.0,3
2023078738,1DAHFC723LP,1,PA,PT004H0,2020.0,7.0,1
2023068356,1ujcjobs4g1,1,PA,XFB9943,,5.0,2
2023052260,1UYVS2537J7,1,PA,PT151R3,2023.0,7.0,1
2023080630,1P9BU2820KA,1,PA,XLR9986,2024.0,3.0,2
2023091373,1GR1A0626RL,1,IN,PD10275,2024.0,7.0,1
2023073359,1B9UT2022FL,1,PA,XLR2119,2015.0,6.0,2
2023047609,B2407775858,1,MD,973782G,2025.0,6.0,1
2023006507,99999999999,1,IN,9999999,2020.0,7.0,2
2023077026,7RA1A2026NS,1,NY,5269786,2028.0,6.0,1
2023048739,5053108421L,1,MX,C161372,2024.0,7.0,1
2023098241,5VGFW5324NL,1,OK,K58553,2023.0,7.0,1
2023033808,50PAT2220HL,1,PA,XLN0085,2023.0,7.0,1
2023053425,5HTAB432747,1,NJ,TQ0U1Z,2027.0,7.0,1
2023076354,7SGBX1427PS,1,NJ,T83TAJ,2027.0,3.0,1
2023099073,56778,1,ID,TG1042,,6.0,2
2023104921,3PBA28625N1,1,IN,PB53886,2024.0,6.0,1
2023040684,40FS04627G1,1,PA,PT193B0,2023.0,6.0,2
2023114414,53BLTEA2XNP,1,PA,XPR4182,2022.0,6.0,2
2023018092,LJRC4626XG1,1,ME,5008120,2014.0,7.0,1
2023009245,1UYVS2486N7,1,OH,TSE1109,2050.0,7.0,2
2023118722,99999999999,1,MO,89AP6A,2023.0,7.0,1
2023109236,1GR1P0624RT,1,IN,PC26686,2024.0,7.0,1
2023066663,1UYFS2537FA,1,PA,PT7737V,2024.0,6.0,2
2023064198,99999999999,1,PA,XNE4701,2023.0,3.0,2
2023078340,5A4YKHL1242,1,PA,XZ19425,2024.0,6.0,2
2023107317,3H3V532C3FT,1,TN,U555126,2023.0,7.0,1
2023044410,1UYVS2536J2,1,IL,878663ST,2018.0,3.0,1
2023057766,1GRAP0622GK,1,IA,DD7992,2016.0,7.0,3
2023019182,4PL61826E12,1,PA,XDM5861,2023.0,6.0,1
2023029805,542BE2022LB,1,PA,XME4443,2024.0,6.0,1
2023013893,112H8V3284L,1,PA,PT345J6,2004.0,7.0,2
2023006930,4YMBU162XMV,1,PA,XKH9264,2021.0,3.0,2
2023050106,UNKNOWN,1,PA,999999999999,9999.0,3.0,2
2023025887,13N14830261,1,OK,BZ7110,2024.0,7.0,2
2023025887,4A2LG2620P3,1,PA,PT987P5,2024.0,8.0,3
2023082042,4TELS1629V1,1,PA,XNX9765,2024.0,3.0,3
2023026804,1UYVS25398U,1,MI,D800704,2018.0,7.0,1
2023042070,5MADN3620MW,1,PA,PT447G3,2023.0,7.0,2
2023114215,1E1U2Y28XLR,1,NJ,AW391N,2006.0,7.0,1
2023118758,1UYVS2539CM,1,IL,T494684,2024.0,7.0,2
2023092249,5E0AA1644PG,1,PA,PT037N7,2023.0,7.0,1
2023057340,4YMUL10107V,1,PA,MG6832D,,3.0,2
2023085382,1JJV532DXPL,1,PA,PT447N2,2023.0,7.0,2
2023016740,5FTCF3825K1,1,PA,PT161F0,2023.0,7.0,2
2023115272,1GRAA0629HK,1,OR,HV13329,2025.0,7.0,2
2024004749,1GRAA06258W,1,PA,PT569P8,2008.0,7.0,2
2023003733,5MAMN4827JW,1,NJ,PT938D9,,6.0,1
2023003733,1E1U2Y285GR,1,NJ,TSK42A,,6.0,2
2023071904,1GRDM7324HH,1,ME,2644366,,7.0,1
2023083068,99999999999,1,ZZ,999999999999,9999.0,6.0,2
2023047608,1PMA14321G1,1,NJ,TPW49Y,2023.0,7.0,1
2023103398,1S12E9457ME,1,NJ,TXN37R,2024.0,7.0,2
2023081679,7PLBC3637NM,1,NY,CE19641,2023.0,6.0,1
2023093261,3H3V532C1LR,1,ID,TM5680,2020.0,7.0,2
2023086124,1RID03437XJ,1,NJ,TWM62G,2024.0,7.0,2
2023101958,1JJV532D0CL,1,PA,PT662M0,2023.0,7.0,2
2023103411,1DW1A532XX5,1,TX,196C787,2023.0,7.0,2
2023095104,99999999999,1,ZZ,999999999999,9999.0,7.0,1
2023093825,99999999999,1,ZZ,9999999,2023.0,9.0,1
2023014537,2TVTP1L20ED,1,NJ,TLC79N,2025.0,6.0,2
2023008889,4P53F4324N3,1,PA,XNK2582,2023.0,6.0,3
2023037529,1A9PA422XDD,1,TX,030D081,2023.0,7.0,2
2023109399,1GR1A0623LW,1,IN,3510473,2019.0,7.0,2
2023087405,1UYVS2535FM,1,NY,CD85114,2023.0,7.0,2
2023006528,1GRAA5615FB,1,IN,P441050,2024.0,7.0,2
2023055903,4JASL1823KG,1,PA,XLL5449,2023.0,6.0,2
2023019786,5V8VA53247M,1,VA,942099TL,2019.0,7.0,1
2023034263,1GRAA5610JB,1,IN,P650059,2024.0,6.0,1
2023034263,1GRAA561XDB,2,IN,P339088,2024.0,7.0,1
2023019618,5HTSA442XK7,1,NJ,TUA88E,2023.0,7.0,3
2023046088,1KVXAGE1941,1,PA,XNP0115,2023.0,8.0,1
2023079309,5VGFW5037JL,1,NJ,P46TAC,2025.0,8.0,2
2023115984,55L1F1825PN,1,PA,XPL4520,2024.0,3.0,2
2023101376,112SFZ475ML,1,PA,PT302N1,2024.0,7.0,2
2023073316,14HU122019T,1,ID,CBY853,2023.0,3.0,1
2023080132,3H3V532C8KR,1,PA,PT650F1,2023.0,7.0,1
2023080132,1DW1A5329DS,1,IN,P329939,2024.0,7.0,2
2023107930,,1,0,,,,2
2023091007,1N9BD131XKP,1,PA,XNL1418,2026.0,3.0,1
2023021843,99999999999,1,PA,XJP1677,2025.0,3.0,2
2023051755,3H3V532C4GT,1,PA,U574414,2023.0,6.0,2
2023096123,1K9BA08142P,1,PA,XNW6845,2012.0,3.0,4
2023074406,5A3C714D66L,1,NJ,TWB97P,2024.0,3.0,1
2023064674,1L9L3CC21RL,1,FL,5593CX,2023.0,6.0,2
2023006506,4YDFHMP2XNA,1,PA,XNZ5861,2023.0,5.0,2
2023044274,LJRC4126362,1,TN,T957244,2023.0,7.0,2
2023051357,1S95C4020NG,1,MX,5110541,2023.0,7.0,1
2023102987,191569,1,PA,XZ77098,2025.0,3.0,1
2023027652,10BAB62W32F,1,ME,2676293,2026.0,7.0,2
2023055384,1JJV532D1FL,1,OK,7575KS,2026.0,7.0,2
2023009118,5VGFX1425BL,1,PA,XGE3451,2011.0,3.0,1
2023019693,1GRAA56177K,1,IN,P115496,2023.0,7.0,2
2023036486,1JKDLA4033M,1,DE,T0101021,2025.0,3.0,1
2023036486,5V8VC48219M,1,ME,2440480,2024.0,7.0,2
2023070916,1UYVS2537N6,1,FL,QA56LE,2022.0,6.0,2
2023063990,CF700213450,1,PA,XLJ8397,2023.0,3.0,2
2023052167,4YMBUO811PG,1,,,,3.0,2
2023034610,5HABE16227N,1,PA,XNP7266,2026.0,7.0,2
2023057226,3UTVS2539P8,1,IL,909912ST,2023.0,7.0,1
2023069716,1TTF532COM3,1,IL,769636ST,2021.0,7.0,2
2023101770,5E0AA1640PG,1,OK,CE9656,2024.0,7.0,2
2023064011,1GRAA0620CT,1,TN,223940T,1994.0,7.0,1
2023042405,1GRDM962XHH,1,TN,U655086,2023.0,7.0,2
2023073564,5JW1U2022L1,1,PA,XMW-0748,2024.0,3.0,2
2023010717,1NL10TM29V1,1,PA,XNW3558,1997.0,4.0,1
2023073252,2T2ZK1BA0AC,1,PA,KTV2587,2010.0,8.0,2
2023104385,10BAB62358F,1,PA,PT9115L,2023.0,7.0,4
2023077402,2TLHB42297B,1,PA,PT451M1,2007.0,7.0,2
2024010313,99999999999,1,PA,PT582DO,2024.0,7.0,1
2024014501,1PLE04622CP,1,PA,PT3563W,2023.0,6.0,2
2023045644,2G1WB5EK5B1,1,PA,HTE3845,2024.0,1.0,2
2023054924,14HU581V2ML,1,CA,4AP9929,2026.0,3.0,1
2023057943,2MN01AAH751,1,OH,TNF3110,2024.0,6.0,1
2024010307,5CWRA33131H,1,TX,008F590,2025.0,7.0,2
2023114103,5V8VA53226M,1,GA,TT47C11,2006.0,6.0,1
2023072231,5HTAM442X27,1,ME,3141928,2031.0,7.0,2
2023038340,48B500G2911,1,PA,XJY6013,2024.0,3.0,1
2023034959,1UYVS2459GM,1,ME,2559372,2023.0,7.0,1
2023024160,1JJV532D3NL,1,IN,P861831,2023.0,7.0,2
2023114819,5HTAB432087,1,PA,PT30872,2024.0,7.0,2
2023052246,1W9H753265H,1,OK,CF4966,2023.0,7.0,2
2023031706,1S12S94804D,1,NJ,TDS56X,2023.0,7.0,1
2023100538,4A2LD5220P3,1,PA,PT196R9,2023.0,6.0,1
2023062837,1JJV532W38L,1,OK,1460KM,2023.0,7.0,1
2023062837,1DW1A28137B,1,IN,P135811,2023.0,7.0,3
2023062837,3H3V281C5LT,2,IN,P935691,2023.0,6.0,3
2023031370,1UYVS2532N6,1,WI,813377,2023.0,7.0,2
2023077115,99999999999,1,PA,XJK7042,1998.0,3.0,2
2023104280,5JWCA1823JP,1,PA,XMX1796,2028.0,3.0,2
2023092026,1GRAA9624HS,1,ME,SM67699,2022.0,6.0,1
2023045866,5MAMN4822PW,1,ME,5095845,2023.0,6.0,1
2023045866,1GRAA9627KB,1,ME,2830719,2023.0,6.0,3
2023013515,1UYVS2535EU,1,FL,QA66HE,2024.0,7.0,2
2023048848,5B5FT1825JH,1,MD,238859X,2024.0,3.0,2
2023060884,1E9327167LE,1,PA,XMF3559,2023.0,7.0,2
2023091264,541BA1828PM,1,PA,XPG2190,,6.0,1
2023071669,99999999999,1,IN,P590561,2024.0,6.0,4
2023070370,1UYVS2539K6,1,PA,PT042F6,2024.0,7.0,2
2023021517,5NDFD20296S,1,PA,XPF7631,2023.0,3.0,2
2023053847,4YMUL10103V,1,PA,XJR1503,2023.0,3.0,2
2023076553,5MADN32247A,1,PA,4004826,2023.0,7.0,2
2023085779,3H3V532K8NS,1,IN,PB43028,2023.0,7.0,2
2023085779,1JKDLA4055M,1,PA,XKT6723,2024.0,7.0,3
2023027506,1JJV532D0KL,1,ME,425926Y,2019.0,6.0,1
2023052524,99999999999,1,ZZ,999999999999,9999.0,3.0,1
2023056875,5K8CG5325PH,1,VA,294176TM,2099.0,7.0,2
2024017630,1W1K54821P6,1,MT,TA17876,2023.0,7.0,2
2023001519,LT1CC41225C,1,ME,277422A,2023.0,7.0,1
2023001519,541GC4336KM,1,PA,PT531L8,2023.0,7.0,2
2023072196,1UYVS2539J3,1,MX,2835733,2024.0,7.0,2
2023090893,99999999999,1,PA,XNV7913,2023.0,3.0,2
2023067429,5JW1D1221K4,1,PA,XMB7904,2023.0,3.0,2
2023036636,5EF2GC404KB,1,QC,RK8468C,2023.0,7.0,2
2023079771,4YMUA162XAV,1,PA,XHX0438,2024.0,3.0,1
2023032469,1UYVS253XGG,1,NJ,TPV16D,2016.0,7.0,2
2023019849,489B1FC26MG,1,PA,XNB9189,2021.0,3.0,1
2023011393,5V8VA53228M,1,PA,PT139R0,2023.0,7.0,2
2023010620,1DTP16Z22XG,1,ME,1559Z,2043.0,7.0,2
2023012235,1DW4C5320DE,1,TN,U354946,2023.0,6.0,3
2023081630,1GR1A0623LK,1,ID,TM6339,2099.0,7.0,1
2023081630,1UYVS2538FM,1,IL,886005ST,2099.0,7.0,2
2023071566,1GR1A5614LB,1,NJ,TVM62J,2020.0,7.0,3
2023002549,1JJV281D2LL,1,IN,P729703,2023.0,7.0,1
2023002549,1JJV281FX2F,2,IN,P534188,2023.0,7.0,1
2023086812,99999999999,1,IN,PC53051,,7.0,2
2024008939,3H3V532K6NS,1,IN,P96004,2024.0,6.0,1
2023025667,5VGFW5021KL,1,CT,BE62252,2023.0,3.0,1
2024007062,13N148205M1,1,IA,FJ7353,2030.0,6.0,3
2024007062,1GRAA0620GT,1,IL,558625ST,2024.0,6.0,4
2023067279,4EZFV3627F6,1,DE,RT1403,2023.0,5.0,2
2023034408,1N4AL3AP9DC,1,PA,MCC2930,2013.0,1.0,2
2023030324,99999999999,1,GA,S1287671,2022.0,6.0,1
2023039797,1P9BR1013GC,1,,,,3.0,2
2023015139,1GR1A062XMJ,1,IN,P951659,2023.0,7.0,2
2023068087,4ZHUF1217XP,1,PA,XV95684,2024.0,6.0,2
2023043970,1GRAA9627KB,1,ME,2830719,2019.0,7.0,2
2023077088,1M9SF25229M,1,PA,XFL1087,2023.0,7.0,2
2023045648,1GRAA06246T,1,PA,PT664G8,2020.0,7.0,1
2023055028,1A911422721,1,PA,PT329J7,2002.0,6.0,2
2023071185,1GR1A0620MD,1,PA,PT965J3,2021.0,7.0,2
2023078290,99999999999,1,ZZ,9999999999,9999.0,3.0,2
2024002733,1JJV532D6LL,1,PA,PT652J3,2024.0,7.0,2
2023049588,1UYVS2482M6,1,NJ,TVY82T,2024.0,7.0,1
2023041176,53BPTEB28MP,1,PA,XMJ5112,2021.0,3.0,1
2023006909,5E0AA1645LG,1,MO,07B170,2023.0,7.0,2
2023059612,1DW1A5321PS,1,IL,901549ST,2023.0,7.0,1
2023048010,1JJV532W55L,1,ME,5041500,2024.0,7.0,2
2023102033,1GRAA721X6B,1,NJ,TTN45U,2026.0,7.0,1
2023065805,160738,1,PA,NOTAG,2023.0,6.0,1
2023077272,12345678912,1,NJ,TSK61B,2023.0,7.0,2
2023072178,1DW1A5321RB,1,PA,AH40595,2023.0,6.0,2
2023026903,1JJV532W39L,1,IL,T500048,2014.0,7.0,2
2023002518,1UYVS2534GM,1,QC,RM9215E,2016.0,7.0,2
2023095833,1JJV532D4JL,1,ME,2367212,2033.0,7.0,1
2023047648,1JJV532D3GL,1,ME,272386Z,2027.0,7.0,2
2023117556,50PBU1824LL,1,PA,XMK4616,2024.0,3.0,2
2023052146,3H3V532C2JT,1,MI,E347993,2023.0,7.0,1
2023052146,1GR1P0625NT,1,IN,PB16378,2023.0,7.0,2
2023007452,1JJV532D7FL,1,IN,P470518,2014.0,7.0,2
2023110283,1GRAA062XFD,1,PA,PT9961Y,2023.0,7.0,1
2023071762,7KYFB5336NE,1,ME,265259B,2026.0,7.0,2
2023107958,,1,PA,XML8326,,3.0,1
2023040570,00000000000,1,ME,269570A,2023.0,7.0,2
2023044566,4C92F2121N1,1,PA,XNY3046,2023.0,3.0,1
2023086725,99999999999,1,PA,XMM8743,2023.0,3.0,3
2023033463,5A3C716D5JL,1,PA,XLF-5957,2018.0,3.0,2
2024004424,1JJV532D4ML,1,ME,262502B,2021.0,7.0,1
2023065433,1GRAA0622JB,1,ME,238376B,2023.0,7.0,2
2023039078,1JJV532D0KL,1,PA,PT462E0,9999.0,7.0,2
2023081119,3H3V532K6RS,1,IN,PC51766,2023.0,7.0,1
2023108891,5E0AA164XLG,1,PA,PT958G4,2024.0,7.0,2
2024006104,4YMBU1017NV,1,PA,XNT2072,2024.0,3.0,2
2023116793,1GRDM0625GH,1,OK,3633LR,2025.0,7.0,1
2024004724,5E0AU1749LG,1,PA,PT647G3,2023.0,7.0,1
2023106985,478T04321ST,1,NJ,TWD10J,2023.0,7.0,1
2023018349,1GR1P0628PD,1,IN,PC23052,2023.0,7.0,2
2023104272,,1,DE,T30988,2024.0,7.0,3
2023061146,99999999999,1,ZZ,XNG8645,9999.0,6.0,2
2023047473,4JAUS1215VG,1,PA,XHK8062,1997.0,3.0,2
2023086561,5MYEE18257B,1,PA,XNA1465,2024.0,3.0,1
2023014863,1GRAP0626JT,1,TN,U811317,,6.0,3
2023054186,99999999999,1,PA,XLT8757,2000.0,3.0,2
2023086135,3728141,1,ZZ,3728141,2023.0,7.0,1
2023095780,512DU19T8MW,1,NJ,TYK35J,2024.0,3.0,1
2023027380,1UYVS2539CU,1,IL,772796ST,2023.0,7.0,1
2023083391,13N2482A3J1,1,ME,265509B,2023.0,7.0,1
2023115421,5PBES2025KB,1,PA,XLN5268,2023.0,6.0,2
2023080839,99999999999,1,IN,,,3.0,2
2024007913,1PMB1422472,1,PA,PT616R8,2099.0,7.0,1
2024007913,1GRAA0626GK,1,VA,604204TL,2099.0,7.0,3
2023059613,5EF2GC531CB,1,TN,U269884,2099.0,7.0,2
2023077239,3H3V532C6JT,1,IL,T525743,2023.0,7.0,2
2023065896,3H3V532K9NS,1,IN,PA96650,2024.0,7.0,4
2023077121,9999999,1,PA,XPF6260,2024.0,3.0,2
2023075400,99999999999,1,IN,P394156,2020.0,7.0,3
2023030739,1UYVS2538M2,1,ME,255255G,2026.0,7.0,1
2023030739,BCU7219EF00,1,NJ,TXU22M,2026.0,7.0,2
2023077331,1RNF45A29TR,1,PA,XPA6973,1996.0,3.0,1
2023079096,5E0AA1641LG,1,PA,PT958G5,2020.0,6.0,2
2023104091,1JJV532B0DL,1,CA,4TR7084,2023.0,7.0,2
2023020179,1UYVS2534DM,1,NJ,TZR54V,2026.0,6.0,2
2023065464,00000000000,1,PA,UNKNOWN,2023.0,3.0,2
2023054345,99999999999,1,TN,184854T,,7.0,2
2023012792,1GRAA8427PB,1,NJ,TVZ85J,2023.0,6.0,1
2023044438,1GRAA9025JB,1,PA,PT998C8,2023.0,6.0,1
2023011424,1,1,ZZ,UNKNOWN,2023.0,6.0,1
2023099029,3H3V532K2PS,1,TN,364997T,2023.0,7.0,2
2023093265,1M9SF202XEM,1,PA,XJB0418,2024.0,3.0,2
2023073924,SWO1696PA,1,NJ,TJU69N,2024.0,7.0,2
2023083664,4PTU61628TM,1,PA,XCM2710,1996.0,3.0,3
2023031830,541BX1227NM,1,PA,XNR5905,2023.0,3.0,1
2023110901,5MAPS5328PN,1,IA,FT6129,2023.0,7.0,1
2023103351,5VGFW503XFL,1,SC,UT30809,2025.0,1.0,1
2023116579,1JJV532DXPL,1,TN,341262T,2024.0,7.0,1
2023026478,4FV6GBGXEU4,1,ZZ,0000,2099.0,8.0,2
2023026478,4A2LD5125H3,1,PA,PT735H0,2023.0,7.0,3
2023111230,1B9AH2926KD,1,PA,MG4404M,,3.0,2
2023094771,1TTF532A9H3,1,IL,952598ST,2024.0,7.0,2
2023094771,5V8VA5323GM,1,ME,278460B,2027.0,7.0,3
2023070741,1AJC40251S1,1,TN,T928187,2023.0,7.0,2
2023081189,5MADN4020EC,1,PA,PT7042W,2014.0,7.0,2
2023054362,1JJV532DXNL,1,PA,PT681L5,2023.0,7.0,1
2023043313,1JJV532B1ML,1,IL,742422ST,2023.0,7.0,1
2023043313,3H3V532C2DT,1,IN,P341508,2023.0,7.0,2
2023116847,1DW1A5328GS,1,WI,687510,2024.0,7.0,1
2023025348,4H10001811Y,1,PA,XNX1573,2027.0,3.0,1
2023039602,5JPBU202XFP,1,PA,XJJ1695,2015.0,3.0,1
2023059884,4JAUS1220VG,1,PA,XJE3725,2017.0,3.0,1
2023040230,431FS182471,1,PA,PT5603K,9999.0,3.0,1
2023020551,99999999999,1,IA,DE5396,,7.0,1
2023110368,1GR4M062XNH,1,PA,PT379N5,2023.0,6.0,2
2023064620,1GR1A062XPB,1,IL,PB45895,2024.0,7.0,1
2023064620,1GR1A0620MB,1,IL,P895671,2024.0,7.0,3
2023049111,99999999999,1,IL,896044,2023.0,7.0,4
2023065998,4291,1,PA,XMC6445,2023.0,3.0,1
2023023071,00000000000,1,ZZ,000000000000,,7.0,2
2023019122,3H3V532C7MR,1,OK,AZ8133,2099.0,7.0,1
2023048238,4YMUL12156V,1,NJ,TPH92G,2019.0,8.0,2
2023036574,JN8AZ1MW7AW,1,PA,999999999,2023.0,1.0,1
2023088458,1T9LS4811LB,1,ME,5232607,2025.0,6.0,1
2023080919,5RVCC2025PP,1,ME,5254840,2023.0,7.0,2
2023019025,5M7UF18929B,1,PA,XMZ7048,2026.0,3.0,1
2023090998,1PT01AAH119,1,PA,XNR5433,2001.0,7.0,2
2023111319,D19B40105,1,PA,FARM USE,2024.0,7.0,2
2023083763,2MN01JAH181,1,PA,PT404C9,2024.0,7.0,2
2023033857,1E9TC191X5A,1,ME,68010,2007.0,6.0,2
2023105949,5VGFW5037LL,1,PA,XNC2482,2024.0,3.0,3
2023030674,1P9XT4028NN,1,TN,206766T,2023.0,6.0,2
2023076360,1XKAADR9X7Y,1,MI,RC1523,2024.0,7.0,2
2023042297,5MADN4025KC,1,PA,PT677P6,2023.0,7.0,2
2023072893,99999999999,1,ME,25TLR9245C,2023.0,7.0,1
2023081371,1B9UT08137G,1,NJ,TUD21X,2019.0,8.0,4
2023087594,3H3V482C5MT,1,IL,790855ST,2021.0,7.0,2
2023067566,99999999999,1,ME,5059740,2024.0,7.0,1
2023050918,4YMBU1219MV,1,PA,XNV4064,2024.0,3.0,2
2023051367,1GRAP0623DK,1,IL,919191ST,2022.0,7.0,1
2023005508,527SR5322MM,1,ME,254327D,2025.0,6.0,1
2023042962,5N1CR2MM7EC,1,PA,NONE,,1.0,2
2023042962,KNDC34LA2N5,2,PA,,,1.0,2
2023035697,5Z5BD1825JS,1,PA,XKY7720,2023.0,3.0,2
2023111641,51GPU0810DL,1,DE,T0109171,2025.0,3.0,2
2023098783,5HTSA4322J7,1,NJ,TTU57V,2025.0,7.0,3
2023110660,4JA8012T8NG,1,PA,XNH6385,2026.0,3.0,2
2023061344,3H3V532K2NJ,1,ME,3324750,2023.0,7.0,1
2023038135,1GRDM9624KH,1,PA,PT488G6,2023.0,7.0,1
2023038135,1UYVS2534L7,1,IN,P846054,2023.0,7.0,4
2023074721,1GR1A0622LB,1,ME,3029170,2019.0,7.0,2
2023091072,5WSABB232KN,1,FL,7539CV,2019.0,7.0,1
2023025628,1GRAP062XJD,1,TN,U787693,2023.0,7.0,2
2023034939,5V8VA5329AM,1,ME,257292E,2020.0,7.0,2
2023069745,1GR1P0626NJ,1,IL,793539ST,2024.0,7.0,1
2023107026,,1,,WOOD CHIPPER,,8.0,1
2023010149,1JJV532D6ML,1,LA,J722575,2021.0,7.0,2
2023016539,3H3V532C1LT,1,PA,PT182H6,2099.0,7.0,3
2023097976,1T9LS4829MB,1,MX,C355607,2025.0,7.0,2
2023060879,1RNF48A282R,1,ME,5225411,2033.0,7.0,2
2023065078,134V281D9CL,1,TN,U315705,2023.0,7.0,2
2023065078,1JJV281D9NL,2,TN,198231T,2023.0,7.0,2
2023063424,YAFTLS00XH0,1,ME,2924265,2024.0,7.0,1
2023084194,1DW1A5322NS,1,IL,839869,2023.0,6.0,1
2023048940,5E0AA1647KG,1,ME,231249E,2023.0,6.0,2
2023043112,1GRAA0623DT,1,IN,PB65776,2024.0,7.0,2
2023013327,1JJV532WSWL,1,NJ,TPP69R,2023.0,7.0,2
2023077923,3H3V532C0JT,1,ME,2460325,2024.0,7.0,2
2023010169,1UYVS253XGG,1,FL,QA28JA,2023.0,7.0,2
2023056951,1C9AZ1478YG,1,PA,PT911P3,2024.0,7.0,1
2023059479,1UYVS2534L7,1,IN,PB46919,2020.0,6.0,2
2023113725,,1,MO,22KROR,,6.0,1
2023033149,UNKNOWN,1,ZZ,UNKNOWN,9999.0,6.0,3
2023068510,1S9WA4521CS,1,PA,MG2079G,9999.0,7.0,1
2023086739,1GRAA0623BW,1,TN,197286T,2024.0,7.0,1
2023104858,1DW1A5320MS,1,IL,779548ST,2024.0,7.0,2
2023071369,5A3C718D3ML,1,PA,XNN0528,2021.0,3.0,2
2024000506,1DW1A5324NB,1,IN,PA86861,2024.0,7.0,1
2023103334,,1,PA,XLR0889,,3.0,1
2023079626,1C9SC4321BM,1,VA,9364AG,,6.0,2
2023106708,99999999999,1,NJ,TKS11Y,2023.0,6.0,2
2023103449,3H3V281CXAT,1,IN,P222939,2024.0,7.0,1
2023103449,3H3V281C1JT,2,IN,P674810,2024.0,7.0,1
2023046243,5FTCE3128M1,1,IN,PA84721,2023.0,6.0,1
2023089543,43YDC1429DC,1,PA,XHL8445,2027.0,3.0,2
2023046002,1GRAA06246T,1,ME,5198963,2023.0,7.0,1
2023073192,5V8VA4825LM,1,PA,PT622H2,2025.0,7.0,2
2023117223,1GR1P0622MT,1,WI,793463,2024.0,7.0,1
2023048944,1JJV532D8KL,1,TN,U840534,2023.0,7.0,1
2023054813,5V8VC5327PM,1,PA,PT629L2,2023.0,7.0,1
2023081355,431FS162441,1,PA,XNW1168,2024.0,3.0,1
2023083133,1JJV512W68L,1,IL,T548710,2024.0,7.0,1
2023056439,1JJV532D2KL,1,TN,U847508,2023.0,7.0,2
2023117873,1PMS3425C10,1,IL,447314ST,2023.0,7.0,2
2024011603,1JJV532D1EL,1,TN,U935626,2020.0,7.0,2
2023091342,UNKNOWN,1,ZZ,UNKNOWN,2099.0,7.0,1
2023021712,5JWCA1022KP,1,PA,XLN8477,2024.0,3.0,2
2023118311,1LH135TH7J1,1,OH,TSC7562,2023.0,7.0,1
2023095289,1ZFUF1822MB,1,PA,XMY5266,2024.0,3.0,1
2023018301,573TE2528M3,1,NJ,TVX71E,2022.0,7.0,1
2023086146,1DW1A5323HB,1,PA,PT181P6,2024.0,7.0,1
2023051427,112TAF145LL,1,PA,999999999999,1990.0,8.0,2
2023029789,1UYVS2532EM,1,PA,PT870J1,2023.0,7.0,1
2023076386,1L9U208123W,1,PA,XKM3153,2003.0,3.0,2
2023030138,5JW1C2222N2,1,PA,XNT4103,2022.0,7.0,2
2023004805,1UYFS2505M5,1,PA,PT870J4,2023.0,7.0,1
2024000104,7H7FL1023JS,1,PA,XLF6411,2018.0,3.0,2
2023063331,40FSK533M10,1,NJ,TXS60A,2024.0,7.0,1
2023063331,40FAK051481,2,NJ,TPG23U,2024.0,3.0,1
2023050781,1T9HB4220FS,1,ME,5027109,2023.0,7.0,1
2023023308,5VGFW5039LL,1,IL,716506ST,2023.0,6.0,1
2023088231,1JJV532W98L,1,AL,A081546,2023.0,7.0,2
2023039024,10BAB72W72F,1,PA,PT818R1,9999.0,7.0,1
2023104928,3H3V532K6NJ,1,TN,204866,2024.0,7.0,1
2023107976,1GRAA0620KK,1,IN,P694436,2023.0,7.0,2
2024001013,43YDC10263C,1,NJ,TPS68C,2024.0,6.0,2
2023110285,10BEA92358F,1,PA,PT7038L,2021.0,7.0,2
2023118369,1E1U1Y2822R,1,ME,5185836,2023.0,7.0,1
2023093575,1DW1A53284B,1,NJ,TZM83B,2024.0,7.0,2
2023025160,1E1U2Y28XJR,1,PA,PT53530F0,2023.0,6.0,3
2023092436,4YMBU1018LV,1,PA,XNB7813,2024.0,3.0,1
2023089703,5JPBU2324HP,1,PA,XKK4253,2024.0,3.0,1
2023006344,1DTP10J1XHP,1,NJ,T950CA,1987.0,7.0,1
2023094979,4A2LD5325A1,1,PA,PT1596P,2024.0,7.0,1
2023040521,1R9UF12142P,1,PA,XNW7743,2023.0,8.0,3
2023073922,3H3V532C6FT,1,IN,P452243,2024.0,7.0,1
2023063812,82327061501,1,PA,YJD0721,2024.0,6.0,2
2023054766,1GRAA9621DT,1,ME,24TLR91863,2024.0,7.0,1
2023095587,5VGFW5030HL,1,NJ,M20TAF,2024.0,6.0,1
2023107244,1GRAA0626FW,1,WI,681926,2024.0,7.0,2
2023009992,99999999999,1,MT,540554B,,3.0,1
2023114893,1AJCG402XW1,1,TN,U193764,2026.0,6.0,1
2023087593,527SR5322RM,1,TX,7M0788N,2023.0,7.0,1
2024000055,14HU12201NW,1,CA,4AG7904,2024.0,3.0,4
2023039988,1RBT353056A,1,NJ,TBR75L,2023.0,6.0,1
2023049431,1UYVS2538K7,1,NJ,651591T,2023.0,7.0,1
2023066717,5JPBU2021JP,1,PA,XLE2663,2024.0,8.0,1
2023091280,4TM11FD19XB,1,PA,XKM8405,2022.0,3.0,1
2023022175,5JPBU14273P,1,PA,XKF0401,2023.0,3.0,2
2023080522,1UYVS253XVC,1,NJ,TLM94X,2025.0,7.0,2
2023031518,1GRAA062068,1,MA,247173A,2006.0,6.0,2
2023103686,,1,PA,KJM9189,2023.0,1.0,1
2024003433,3H3V532C46T,1,PA,PT718R5,2006.0,7.0,2
2024003881,53BPTEA19JP,1,PA,XLH7163,2023.0,3.0,2
2023111826,1DW1A53214S,1,OK,AQ7665,2023.0,6.0,1
2023080502,43YDC122XYC,1,PA,XPC4309,2000.0,3.0,3
2023114791,3H3V532C6MR,1,TN,107526T,2021.0,7.0,2
2023116844,3UTVS2530K8,1,IN,5813373,2024.0,7.0,3
2023011886,99999999999,1,PA,XV60862,2021.0,5.0,1
2023052958,4P5D31223G3,1,PA,XNX0252,2026.0,3.0,2
2023033478,1B9DC1221VC,1,PA,XMD3510,2022.0,3.0,1
2023057123,4KNBF2323ML,1,PA,XNG8121,2023.0,6.0,2
2023048976,4YMBU1217NV,1,PA,XNY0926,2023.0,6.0,2
2023091986,5M7RBFY28LP,1,PA,XMF7428,2020.0,3.0,1
2023005552,1M1AN2GY7LM,1,IN,648041,2023.0,7.0,1
2023037006,1RNF48A2XGR,1,PA,PT098B4,2023.0,7.0,2
2023068524,1UYVS2537GG,1,ME,3231095,2023.0,7.0,2
2023063191,16HCB12125P,1,PA,XPA5945,2023.0,3.0,2
2023094923,99999999999,1,,,,6.0,1
2023048283,5JXAE3225DE,1,PA,XKD0799,2024.0,7.0,2
2023012191,NOVININFORM,1,NJ,ADUIEPYLE,2023.0,7.0,1
2023026179,1GRAA062XKD,1,IN,P836515,2026.0,7.0,2
2023067950,4X4TPUB267P,1,PA,23363RT,2023.0,5.0,1
2023005946,99999999999,1,DE,T63098,,3.0,1
2023026121,2TVTP4820KD,1,NJ,TUN94D,2026.0,7.0,1
2023026121,99999999999,1,OR,HR26749,1979.0,7.0,4
2023037456,3HSDZAPR9JN,1,IN,2943820,2023.0,7.0,2
2023078273,5JW1U1825P1,1,PA,XPJ4585,2023.0,6.0,2
2023009576,1UYVS236XN6,1,MD,293666X,2023.0,7.0,2
2023010621,5EF2FF4543B,1,ME,2391921,2023.0,7.0,1
2023118150,1GRAA0623KW,1,MI,D822059,2099.0,7.0,1
2023011968,1J9A128A5D0,1,VA,2628AG,2013.0,7.0,2
2023051376,1J9AH422081,1,PA,PT466R4,2023.0,7.0,2
2023081789,1E9TC19168A,1,ME,64805,2023.0,8.0,1
2023081789,1UYVS2537FM,1,OK,4903KB,2023.0,7.0,2
2023048003,1GRAA06241B,1,NJ,TYM59B,2020.0,7.0,1
2023075774,3h3v532c7ht,1,CA,4PP5695,2017.0,7.0,1
2023070011,13N14830861,1,PA,PT0554T,,7.0,2
2023056673,1UYVS2532P3,1,IL,921861ST,9999.0,7.0,2
2023048977,1GRAA0625CW,1,PA,PT7367S,2012.0,7.0,1
2023095233,1B9UT1825DL,1,PA,XNF4394,2024.0,3.0,2
2023036918,3H3V281C2HT,1,TN,U728148,2023.0,7.0,1
2023036918,3H3V281C0KT,2,TN,U841936,2023.0,7.0,1
2023104936,5N6200G21F1,1,PA,XJA5068,2024.0,3.0,2
2023113644,1UYVS2535L6,1,NJ,TVB95A,2024.0,7.0,2
2023073606,50HDP1427N1,1,PA,XNW6899,2024.0,3.0,2
2023045674,1UYVS2535AU,1,IL,549379ST,2023.0,7.0,1
2023052454,1GRAA56168K,1,ID,P180034,2008.0,7.0,2
2023087454,1ZFUF1620SB,1,PA,XP68280,2020.0,3.0,1
2023110777,,1,,T34000,2025.0,3.0,2
2024003987,4YMBU0810HV,1,PA,XLC2741,2023.0,3.0,1
2023111662,1TTE48208K1,1,PA,PT6025B,2003.0,7.0,2
2023019374,3H3V532K9NS,1,IL,791816ST,2021.0,7.0,1
2024004736,5V8VA5322NM,1,ME,3333524,2022.0,7.0,2
2023054267,DUNK TANK,1,,NONE,,8.0,1
2023079171,99999999999,1,CA,,,8.0,2
2023117380,1,1,ZZ,UNKNOWN,2023.0,7.0,4
2023091472,1E1U2Y280FR,1,PA,PT258H2,2015.0,7.0,1
2023062354,1UYVS2530L6,1,MN,5228393,2024.0,7.0,3
2023085977,50PBU2025ML,1,DE,T41448,2024.0,3.0,1
2023085977,2LDSD5024KF,1,ME,3020713,2019.0,7.0,2
2023006991,4KFBE0414YG,1,PA,XMZ8055,2024.0,6.0,1
2023042145,99999999999,1,FL,QA92HQ,2024.0,7.0,2
2023014092,99999999999,1,,,,7.0,2
2023009977,1UYVS2536FG,1,NJ,TMB99L,2026.0,7.0,1
2023086671,13N148203L1,1,PA,PT850JP,2099.0,7.0,2
2023080994,5A3C712D54L,1,NJ,C79TAG,2023.0,3.0,2
2023106941,,1,IN,P624440,,7.0,1
2023058007,1P9XT4026NN,1,TN,2068996T,2023.0,7.0,2
2023066749,1NNC04828KM,1,ME,3814272,2038.0,6.0,2
2023061427,3AKJHLDV3NS,1,IA,FR9017,2023.0,7.0,3
2023115441,1GRAA0625JB,1,IN,P673755,2018.0,7.0,1
2023011739,1GRAA0626JW,1,CA,57438509,2032.0,7.0,2
2023079738,4T0FB101XB1,1,NC,CL97473,2022.0,7.0,1
2023115407,1M9PT9A289H,1,IN,SP326TJR,2020.0,7.0,3
2023010459,13N1482C971,1,ME,3033444,2023.0,6.0,2
2023040614,1GRAP062XKD,1,TN,U969346,2024.0,7.0,2
2023087576,1,1,IL,T520607,2023.0,7.0,2
2023005306,4YMBU0814JV,1,NJ,TUA60D,2024.0,3.0,1
2023003774,4FVACBAA4CU,1,PA,XGV6597,2023.0,8.0,2
2023093971,5HTSP4220W9,1,TN,P519526,2023.0,6.0,2
2023103397,1JJV532DXBL,1,PA,PT347H0,2023.0,7.0,1
2023011566,1J9SS482481,1,PA,XNW5697,2023.0,6.0,1
2023057128,43ZDJ23EX80,1,PA,XFJ7630,2023.0,3.0,2
2023057556,1GR1P0620MT,1,IN,PA14994,2024.0,7.0,1
2023069287,5JPBU3525FP,1,PA,PT9495V,2015.0,3.0,1
2023009237,1L9RD3626KC,1,PA,XMD239,2023.0,7.0,3
2023115871,1GR1A9621RW,1,MN,STB5081,2024.0,7.0,1
2023117701,99999999999,1,ZZ,999999999999,9999.0,7.0,2
2023113849,99999999999,1,IN,P408320,2023.0,7.0,3
2023119068,1E1U2X281DR,1,PA,PT446T0,2024.0,7.0,2
2023027595,1JJV532D1FL,1,WI,670771,2024.0,7.0,2
2023083108,1JJV342D9JL,1,IN,P682447,2018.0,7.0,2
2023068625,13N14830071,1,NJ,244M8B,,6.0,3
2023035144,112DPM272DL,1,PA,PT6918T,2099.0,3.0,2
2023118836,40FR03639P5,1,PA,PT862R0,2023.0,6.0,2
2023115371,1GRAA0620HE,1,ME,2675110,2023.0,7.0,2
2023028949,5JYDC5320LE,1,NJ,TYY48W,2026.0,7.0,2
2023085971,1JJV532D5PL,1,IL,877005ST,2023.0,7.0,2
2023117225,99999999999,1,ZZ,99999,2099.0,9.0,1
2023035540,3H3V532C0LT,1,ME,256574A,2023.0,7.0,1
2023052144,99999999999,1,ME,275395C,2023.0,7.0,1
2023074732,1E1U2Y280JR,1,NJ,TUV40J,2026.0,7.0,1
2023100820,1UYVS2454H7,1,IL,T523371,2017.0,7.0,1
2023032533,10BFA82339F,1,NJ,TUD56T,2009.0,7.0,1
2023118188,5VGFW5037PL,1,IL,952362ST,2023.0,6.0,1
2023118188,5E0AU1743LG,1,CA,4SZ5963,2024.0,7.0,2
2023037651,1UYVS2537GP,1,TX,070B639,,7.0,2
2023047279,99999999999,1,ZZ,ZZ,2023.0,9.0,1
2023117636,1WC200L2411,1,PA,PT849G2,2023.0,3.0,1
2023059361,1RNF45A28YR,1,PA,PT9633B,2023.0,7.0,1
2023032428,5A4SY8V2212,1,DE,T0046576,2024.0,3.0,2
2023044630,5HABE1420GN,1,NJ,TSZ46Z,2016.0,3.0,2
2023019195,4ZEGH402XN1,1,ME,U433962,2022.0,3.0,1
2023062829,1E1U2X286KR,1,NJ,TVN91D,2023.0,7.0,2
2023049849,5WKBE3637N1,1,ME,5111173,2023.0,6.0,3
2023093569,99999999999,1,IN,P111668,2023.0,7.0,3
2023034963,5MAMN4823HW,1,IL,600121ST,2023.0,7.0,1
2023023575,1GRAA0621TB,1,ME,2539756,1996.0,7.0,2
2023101532,5HTAB442917,1,NJ,T50N5N,2025.0,6.0,1
2023042388,5NHUEH624MN,1,PA,XMK4642,2021.0,6.0,2
2023012590,5HTAB432917,1,PA,PT1118D,2023.0,7.0,1
2023103893,3UTVS2536P8,1,IL,933654ST,2023.0,7.0,1
2023049177,1UYVS2539EG,1,ME,2215438,2024.0,7.0,1
2023057028,58CB1DC27NC,1,PA,XNS2718,2022.0,3.0,2
2023015052,1UYVS2538FM,1,ON,W1233N,2023.0,7.0,2
2023011690,1JJV532D6JL,1,TN,U809855,2018.0,7.0,1
2023063568,14HU08109TW,1,NC,AY42723,1996.0,6.0,2
2023083194,129M1T321JM,1,PA,XLE2641,2024.0,3.0,2
2023090610,99999999999,1,ZZ,9999999,2023.0,9.0,1
2023041558,64UYCS2533C,1,OH,TRP4174,2012.0,6.0,1
2024000596,3H3C412S01T,1,ME,3919857,2001.0,7.0,1
2024001846,MP7GC44021N,1,ME,5105598,2025.0,7.0,1
2024001979,1JJV532B6NM,1,ME,3325945,2023.0,7.0,2
2024002204,1GAA06239B7,1,PA,XMP5631,2023.0,7.0,1
2024003137,1JJV532W27L,1,IL,T493471,2024.0,7.0,2
2024003262,16HCB12181P,1,PA,XNF1385,2001.0,6.0,2
2024003499,5VGFL4335ML,1,PA,XNP7466,2024.0,3.0,3
2024003572,58CB1DB20NC,1,PA,XNN4680,2024.0,6.0,1
2024004218,5DN14482NB0,1,PA,PT423N2,2024.0,7.0,1
2024004977,1UYVS2534M6,1,ME,3228745,2021.0,6.0,1
2024005224,3H3V532C6GT,1,AL,A130822,2024.0,7.0,1
2024005562,UNKNOWN,1,IN,P629377,2024.0,7.0,1
2024005858,1UYVS2531J2,1,WI,742644,9999.0,7.0,1
2024005938,1W9WBSA28PC,1,PA,PT096S0,2024.0,7.0,1
2024006149,NONE,1,ZZ,ZZ,2023.0,8.0,1
2024006411,1JJV532D4ML,1,IL,756351ST,2024.0,7.0,1
2024006464,5HTAB4426E7,1,NC,AC50883,2024.0,7.0,2
2024006646,3H3V532C8LT,1,OR,HV53057,2020.0,7.0,2
2024006913,99999999999,1,IA,FT2394,2019.0,7.0,1
2024006947,56JTE1212LA,1,PA,XPR8024,2024.0,3.0,2
2024007023,46UFU4025N1,1,PA,PT563R9,,3.0,1
2024007255,1GRAA9321HB,1,NY,4406D7,2027.0,7.0,1
2024007262,2M513137X81,1,NJ,TDP51S,2024.0,7.0,2
2024007326,99999999999,1,ME,2342967,2024.0,6.0,2
2024007409,1JJV532D9GL,1,WI,686581,2024.0,7.0,2
2024007772,4A9A15037PM,1,IL,912192ST,,3.0,2
2024008137,5RVCC2026PP,1,NJ,UNK,2023.0,3.0,1
2024008180,1JJV532D4RL,1,IN,PC52741,2024.0,7.0,2
2024008356,1JJV402D9HL,1,ME,2648495,2026.0,7.0,2
2024009225,3UTVS2536P8,1,ME,5067026,2024.0,7.0,2
2024009968,99999999999,1,IN,P966182,2023.0,6.0,2
2024010060,3H3V532C5JT,1,OR,HV23613,2024.0,7.0,1
2024010074,1RNF48A25WR,1,PA,XKX4866,2024.0,7.0,2
2024010115,1UYVS2532FU,1,CA,4ND8644,2023.0,7.0,2
2024010244,7H7FL1225LM,1,PA,XMJ3789,2024.0,3.0,1
2024010337,1RNF48A28ER,1,ME,27TLR9142C,2024.0,7.0,1
2024010752,3H3V482C6HT,1,PA,2238616  PEP,2024.0,7.0,1
2024010951,90054,1,PA,XME2009,2024.0,3.0,1
2024011245,1GR1A0622LW,1,FL,QB87AV,2024.0,7.0,2
2024011324,A6RAA0620GT,1,IL,964199ST,2016.0,7.0,1
2024011326,99999999999,1,PA,PROP #237098,2000.0,3.0,2
2024011915,99999999999,1,ME,2591725,,7.0,1
2024011929,1UYVS2537CP,1,OK,3639JM,2024.0,7.0,1
2024012030,4B9B1FE28NG,1,PA,XNN5852,2028.0,8.0,3
2024012194,5HABE12147N,1,PA,XFM8223,2021.0,3.0,3
2024013036,4YMCL1622AV,1,PA,XGD7348,2022.0,3.0,2
2024013299,1GRAA06279D,1,IN,PA16607,2023.0,6.0,1
2024013302,1JJV532D8BL,1,IN,P262827,2024.0,7.0,1
2024013317,4LF34820053,1,IN,PA77724,2023.0,6.0,2
2024013319,3H3V482K6NJ,1,ME,2857445,2024.0,7.0,1
2024013434,UNK,1,ZZ,UNK,2024.0,7.0,1
2024013435,1GRAA06274J,1,PA,PT666M4,2024.0,7.0,1
2024013558,1DW1C5325YE,1,TN,U271637,2024.0,7.0,2
2024013930,1GRAA9022CD,1,IN,P289742,2024.0,7.0,3
2024014065,1GRAA0621GB,1,OK,6244KT,2023.0,7.0,2
2024014098,99999999999,1,ZZ,9999999999,9999.0,9.0,1
2024014234,50PAL202XGL,1,PA,XJY778,2024.0,6.0,2
2024014552,3P9DP2324PV,1,PA,PT209N6,2023.0,6.0,1
2024015028,1W1K84320R2,1,NC,DB30622,2024.0,7.0,2
2024015126,3FA60K94FR2,1,PA,LZT7809,2024.0,8.0,3
2024015210,1UYVS2532FM,1,IL,509616,2024.0,6.0,1
2024015398,1GRDM9629DH,1,PA,PT243P3,2025.0,6.0,2
2024015529,1GRDM8022GH,1,PA,PT982A8,2024.0,7.0,2
2024015609,1J9AH452491,1,PA,PT909S9,999.0,7.0,1
2024015902,1UYFS245XXA,1,CA,4TC9997,2026.0,7.0,1
2024015906,5V8VC5322DM,1,ME,362605Z,2024.0,7.0,2
2024016075,1DW1A4823PS,1,OK,1947KM,2023.0,6.0,1
2024016091,50HFG322XP1,1,NJ,F17TAE,2024.0,7.0,2
2024016095,541FS2028GM,1,PA,PT351A9,2099.0,3.0,2
2024016969,3H3V281C5LT,1,IN,P747711,2024.0,7.0,1
2024016969,3H3V281CX8T,2,IN,P142786,2024.0,7.0,1
2024016969,1UYVS2538N2,1,IL,874949ST,2024.0,7.0,2
2024017347,3H3V532K5RS,1,OK,CT1186,2024.0,7.0,2
2024017633,,1,ZZ,,2024.0,8.0,2
2024017636,5A3C824D7ML,1,PA,XNE5400,2021.0,3.0,2
2024017943,1JJV341W64L,1,TN,T659183,,7.0,2
2024018002,1UYVS2535HU,1,IL,950158ST,2024.0,7.0,3
2024018143,99999999999,1,ME,,2024.0,7.0,1
2024018776,7KA1E1629MP,1,PA,XNC9078,2026.0,1.0,2
2024018980,99999999999,1,ZZ,999999999999,9999.0,7.0,1
2024019793,5JPBU2322EP,1,PA,PT655J1,,3.0,2
2024019964,99999999999,1,PA,,,7.0,1
2024019998,14HU12201NW,1,VA,174168TM,2022.0,6.0,1
2024020055,99999999999,1,,,,7.0,1
2024020121,99999999999,1,ME,4574762,2045.0,7.0,2
2024020356,1JJV532D9RL,1,TN,429182T,2024.0,6.0,1
2024020356,1JJV532D9RL,1,TN,429182T,2024.0,7.0,2
2024020937,2M5921616K1,1,ON,R1214J,2027.0,7.0,1
2024020943,2T9T21439BB,1,NJ,TSK73U,2024.0,6.0,2
2024020961,1DW1A5323GB,1,ME,25-8350A,2025.0,7.0,1
2024020961,7PLBC3634NM,1,NY,CE80427,2024.0,3.0,2
2024021479,1UYVS2531P6,1,PE,7TN55,2023.0,7.0,2
2024021676,UNKNOWN,1,ZZ,UNKNOWN,2024.0,7.0,2
2024021680,1UNST42264L,1,PA,XND4294,2024.0,7.0,1
2024021942,1LH34BLG7W1,1,NJ,TTX56X,2025.0,7.0,1
2024021942,1Z9VC3822AM,1,PA,PT486N1,2024.0,7.0,2
2024022420,99999999999,1,,PT257H8,2020.0,7.0,1
2024022569,UNKNOWN,1,IN,P675259,2024.0,7.0,1
2024022708,1GR1P062XPT,1,IL,916845ST,2024.0,7.0,1
2024022751,13N2532C6H1,1,PA,PT36F3,2024.0,7.0,2
2024022926,99999999999,1,PA,XPW3545,24.0,3.0,3
2024023036,1JJV532B6DL,1,NJ,TVN28A,2026.0,7.0,2
2024023138,5JW2U1827L1,1,PA,XMD9760,2020.0,3.0,1
2024023279,1UYVS2539EM,1,FL,3810CG,2024.0,7.0,1
2024023297,99999999999,1,PA,XPP3591,2024.0,3.0,2
2024023564,4JADS2057G1,1,PA,PT483C0,2024.0,3.0,1
2024023741,1UYVS2530N7,1,IN,PB13480,2024.0,7.0,2
2024023781,58CB1EF24NC,1,PA,XPX1900,2022.0,6.0,3
2024024028,99999999999,1,PA,XGC9925,2010.0,3.0,2
2024024030,1J9FS162XG1,1,PA,XJX7204,2024.0,3.0,2
2024024438,1UYVS2533J6,1,ME,227754E,2018.0,6.0,1
2024024653,4TEFS1621P1,1,PA,YPJ2753,2029.0,3.0,2
2024024856,99999999999,1,CT,AX30048,2024.0,6.0,2
2024025223,1JJV532B3JL,1,IL,851832ST,2024.0,7.0,2
2024025316,40FR03632L5,1,PA,PT006T8,,6.0,2
2024025344,1GRAA962XGB,1,ME,2553638,2024.0,6.0,5
2024025694,1GRAA0629HK,1,IL,872306ST,2017.0,7.0,1
2024025726,UNKNOWN,1,ZZ,UNKNOWN,9999.0,7.0,1
2024025997,4JASL18278G,1,PA,XHZ2533,2024.0,3.0,2
2024026002,58CB1DB28PC,1,PA,XPA8264,2024.0,8.0,3
2024026024,3H3V281C0HT,1,IN,P628234,2025.0,7.0,1
2024026031,1W1ZAF1A08B,1,NJ,TUC55P,2025.0,7.0,2
2024026067,NONE,1,PA,NONE,2000.0,3.0,2
2024026067,NONE,2,PA,NONE,2000.0,3.0,2
2024026663,3H3V532C4MR,1,IN,P516427,2021.0,7.0,3
2024027160,558MGAM26GK,1,NJ,TPC91B,2016.0,7.0,2
2024027170,2MN011AM651,1,PA,PT9241J,2024.0,7.0,1
2024027362,1GRDM0628JH,1,PA,PT691B8,2018.0,7.0,1
2024027367,1H9FE2225CM,1,PA,XHE9303,2024.0,3.0,1
2024028140,1E1U1Z285YR,1,PA,PT077N3,2000.0,6.0,1
2024028359,99999999999,1,QC,RN8182K,,6.0,3
2024028401,1UYVS2532P6,1,ME,5212765,2033.0,7.0,3
2024028949,3H3V532C7HT,1,OK,1362LR,2024.0,7.0,2
2024029730,1JJV532D1PL,1,IN,PA57778,2024.0,7.0,1
2024029830,3H3V532K2NJ,1,ME,3225213,2024.0,7.0,1
2024030019,1JJV532D0GL,1,ME,298213Z,2029.0,7.0,2
2024030020,07002,1,NJ,TWL54G,2024.0,9.0,1
2024030021,1UYTS25307A,1,ME,258907D,2025.0,8.0,6
2024030022,LJRC4126062,1,TN,T968418,2099.0,7.0,1
2024030023,1UYVS2536HM,1,ME,5128957,2020.0,7.0,1
2024030023,3H3V532C7HT,1,IL,P575639,2016.0,7.0,2
2024030030,3H3V532C2CT,1,NJ,TLL88Y,2028.0,7.0,1
2024030293,159T0422XK0,1,PA,PT229J2,2024.0,7.0,2
2024030476,4YMUL12185V,1,PA,XKC9982,2022.0,3.0,2
2024030529,1GRAA062XBA,1,NJ,U61TAE,2024.0,7.0,2
2024030545,4KF311210MG,1,PA,XPA5632,2024.0,3.0,1
2024030551,1S9T04221Y0,1,PA,PT1725N,2024.0,7.0,2
2024030551,2TLSL42258B,1,PA,PT127U1,2024.0,7.0,3
2024030680,99999999999,1,ME,25TLR58010,2025.0,6.0,1
2024030730,1PTF7ATHXW9,1,ME,5025784,2027.0,7.0,1
2024030816,1B9B03021P1,1,IA,FX9217,2026.0,7.0,2
2024030991,022680,1,,,,8.0,1
2024031043,3H3V532C5KR,1,TN,U932514,2019.0,6.0,1
2024031073,3H3V532C5FT,1,OR,HU89004,2024.0,7.0,1
2024031461,1GR1A062XPW,1,PA,PT196R7,2023.0,7.0,2
2024031587,1UYVS248XFM,1,NJ,TMK45T,2025.0,7.0,1
2024031596,LJRC54264JT,1,IN,P759437,2024.0,7.0,2
2024031604,5YCBE1629NH,1,PA,XNP1432,2024.0,3.0,2
2024031631,1UYVS24843G,1,VA,876437TL,2018.0,7.0,1
2024031756,1UYVS2535P2,1,IL,926352ST,2024.0,7.0,1
2024031796,3H3V532K8NS,1,TN,186530T,2025.0,7.0,2
2024031823,2HGFA1F55BH,1,PA,MHK1535,2024.0,1.0,1
2024032029,1JJV532D2FL,1,IL,537129ST,2025.0,7.0,1
2024032055,3H3V482C2KR,1,NC,AJ27247,2024.0,7.0,2
2024032067,1JJV532DXJL,1,IN,P657300,2024.0,7.0,2
2024032311,1PLE04529MP,1,NJ,TXR63M,2024.0,7.0,1
2024033031,3H3V532K7NS,1,ME,3142211,2031.0,7.0,1
2024033051,1JJV532W25L,1,ME,8223771,2020.0,7.0,1
2024033191,99999999999,1,MO,46A810,2024.0,7.0,1
2024033195,99999999999,1,PA,VPM2370,2025.0,3.0,2
2024033250,99999999999,1,PA,PT268P6,2024.0,7.0,1
2024033268,1JJV532D5NL,1,TN,189737T,2024.0,7.0,2
2024033287,58E1F2224K1,1,PA,XLB5642,2019.0,7.0,2
2024033328,5631A1723CM,1,PA,XKN-4581,2012.0,6.0,2
2024033442,1PT07JAEXN9,1,ME,2385775,2024.0,6.0,1
2024033548,99999999999,1,OK,2906LN,2024.0,6.0,1
2024033672,1UYVS2534R7,1,IN,PC93242,2024.0,7.0,1
2024033803,1PMKR4225R1,1,PA,PT400B8,2099.0,7.0,2
2024034185,4YMBU0811MV,1,VA,4191BL,2024.0,3.0,3
2024034298,1JJV532W56L,1,ON,R7389D,2018.0,6.0,1
2024034572,10BAB72Y0VM,1,PA,XCE6524,2024.0,7.0,1
2024034741,7FWBE2025P1,1,ZZ,NO TAG,,3.0,2
2024034792,1GR1P5615MK,1,IN,P946164,2020.0,6.0,2
2024034792,3H3V281COHT,2,IN,PA38055,2020.0,6.0,2
2024035144,1JJV532W35L,1,MI,E627678,2005.0,7.0,1
2024035386,LDW1A5326GS,1,WI,694073,2016.0,7.0,2
2024035690,1GR1A9628PB,1,TN,346412T,2023.0,7.0,1
2024036186,5JW1U1626N3,1,PA,XNZ0381,2027.0,3.0,1
2024036603,527SR5323PM,1,ME,C309911,2026.0,7.0,2
2024036694,3H3V532C8HT,1,NY,BE82514,2024.0,7.0,1
2024036784,112SFZ475ML,1,PA,PT302N1,2024.0,7.0,1
2024036855,1GR1P0621LK,1,IL,713889ST,2025.0,7.0,1
2024037800,LJRC54266F1,1,IN,446790,2024.0,7.0,1
2024037902,1JJV532D4AL,1,ME,5246802,2024.0,7.0,2
2024037934,LJRC41264G1,1,TN,U616905,2024.0,7.0,2
2024037979,1GR4M0027RH,1,IN,PD37025,2024.0,6.0,2
2024037979,5MAMN5320GC,1,SC,10099PT,2024.0,6.0,4
2024038056,1GRAP0626HD,1,IN,P811702,2099.0,7.0,1
2024038056,5V8VC5322KM,1,PA,PT4701Z,2099.0,7.0,2
2024038057,5EF2GC402NB,1,ME,3055449,2025.0,7.0,2
2024038435,3H3V281C0GT,1,IN,P482841,2024.0,7.0,2
2024038579,5MAMN1829PW,1,IL,881955FT,2024.0,6.0,2
2024038580,99999999999,1,PA,XNH4083,2024.0,3.0,2
2024038821,1GRAA9029CB,1,NJ,TME79B,2024.0,7.0,1
2024038965,1HHDMT2242M,1,PA,PT4040Z,2024.0,7.0,2
2024039365,5V8VC5321RM,1,IN,PE51734,2025.0,7.0,2
2024039367,99999999999,1,ZZ,999999999999,2025.0,7.0,1
2024039414,1UYVS25387G,1,QC,RP4265E,,7.0,1
2024039540,HMDE024106,1,NJ,T65TBD,2025.0,7.0,1
2024039549,16VDX1423K5,1,MD,307057X,2019.0,3.0,1
2024040048,1H2P04520TW,1,VA,991911TL,2099.0,7.0,1
2024040048,7F21B2819L2,1,IN,P984360,2025.0,7.0,2
2024040048,7F21A2816P2,2,IN,PD15924,2025.0,6.0,2
2024040089,99999999999,1,PA,XLT2130,9999.0,3.0,2
2024040253,4YMBC1211LG,1,PA,XM69660,2021.0,3.0,2
2024040289,1JJV281D5RL,1,IN,371470T,2004.0,6.0,2
2024040353,LJRC4126661,1,TN,U019162,2024.0,7.0,1
2024040353,1GRDM9621GH,1,PA,PT100B0,2024.0,7.0,2
2024040375,1E9BC2425MC,1,CT,AA3602046,2024.0,3.0,2
2024040419,2R9S1A8C4TC,1,PA,PT9447N,2024.0,7.0,2
2024040554,3AWF1VT25NX,1,OK,BV4101,2024.0,6.0,2
2024040896,1graa0627jd,1,TN,U742538,2018.0,7.0,1
2024040971,1FTNX21L82E,1,PA,4074462,2024.0,1.0,2
2024041108,1GR1P0621PT,1,ME,5110670,2024.0,7.0,1
2024041108,1UYVS25377U,1,CA,4MJ5375,2023.0,7.0,2
2024041432,1M9SF2226BM,1,PA,XMH8191,2020.0,3.0,2
2024041436,1HLA3A7B1J7,1,MD,274069X,2024.0,7.0,1
2024042076,1UYVS2534DG,1,IN,3314929,2024.0,7.0,1
2024042318,5V8VC532XKM,1,ME,2836836,2019.0,7.0,1
2024042401,1GRAA06274G,1,PA,PT-338F6,9999.0,6.0,1
2024042525,58E1F2021G1,1,PA,ZBJ3968,2016.0,6.0,2
2024042604,1GRAP0621GD,1,IN,2355369,2016.0,7.0,2
2024042789,99999999999,1,IL,931969ST,2022.0,6.0,1
2024043164,1UYVS2537N6,1,IL,T552263,2024.0,7.0,2
2024043376,UTKNT40K916,1,NJ,TXB95Z,2024.0,7.0,3
2024043555,1H9TA081711,1,PA,XGD3998,2026.0,6.0,2
2024043773,541GC4332NM,1,PA,XNE2458,2025.0,8.0,2
2024043780,1GR1P0624RK,1,ME,5227672,2033.0,7.0,1
2024043901,5E0AA1644PG,1,PA,PT037N7,2024.0,7.0,2
2024044013,1GRAP0621KK,1,OK,AC8201,2025.0,7.0,2
2024044016,53BT71226DA,1,PA,XHA7462,2025.0,6.0,2
2024044016,1JJV532D9HL,1,MS,U643482,2025.0,7.0,3
2024044174,3H3V532C8JR,1,MI,D768445,2018.0,7.0,1
2024044219,1CD2L4827KA,1,VA,844081TL,2026.0,7.0,2
2024044398,1UYVS253XEU,1,CA,4MR8332,2018.0,7.0,1
2024044636,1GR4M7326KH,1,ME,2848257,2028.0,7.0,1
2024044664,541FC3431GM,1,ME,27TOR6076F,2027.0,3.0,2
2024044764,42EDPKK27H1,1,PA,XKS0235,2024.0,6.0,3
2024044874,1J9FS121X11,1,PA,YKS0608,2024.0,6.0,1
2024045165,5A3C820D3JL,1,PA,XLE5421,2025.0,8.0,2
2024045560,5JWCA1625JP,1,PA,XLB7271,2025.0,8.0,2
2024045675,1JJV532D4RL,1,ME,5288987,2024.0,6.0,4
2024045903,541BX1229RM,1,PA,XPY5174,2029.0,6.0,1
2024046463,571143,1,PA,XLT8134,2024.0,3.0,2
2024046498,5JX1C1829MC,1,PA,XMY9170,2025.0,3.0,2
2024046619,5B5PBUG20PH,1,PA,XPP6381,2025.0,8.0,2
2024046860,3H3V482C0MT,1,PA,PT440K4,2025.0,7.0,1
2024046905,4K8NX162311,1,PA,XMR7368,2025.0,3.0,2
2024047015,1R9RP11127P,1,PA,XPG4180,2029.0,6.0,2
2024047163,558MTB329RK,1,NJ,Z81TAD,2024.0,7.0,1
2024047293,16V1U1119M2,1,1,XMG4979,2024.0,7.0,1
2024047435,1TKA048261M,1,PA,PT421T9,2024.0,7.0,1
2024047443,1UYVS2530L2,1,NE,275748,2024.0,6.0,2
2024047446,99999999999,1,IL,2738247,2024.0,6.0,2
2024047543,5VGFW532XGL,1,CT,BE62452,2024.0,3.0,2
2024047646,10BFA82399F,1,NJ,TUD61T,2009.0,6.0,2
2024048275,5JYFB3223JE,1,PA,PT8002R,2025.0,6.0,2
2024048280,V,1,MD,226709A,2018.0,7.0,4
2024048299,UNK,1,IN,UNK,2022.0,7.0,2
2024048482,4BABD1027FM,1,PA,XLM1375,2015.0,3.0,2
2024048503,43YDC1620CC,1,NJ,T24TBE,2025.0,6.0,1
2024048575,3H3V532K0PS,1,IN,PB44333,2024.0,7.0,2
2024048694,1TTE532A6P3,1,PA,PT675R6,2025.0,6.0,1
2024048796,1M9CA218XAG,1,PA,XHT3957,2024.0,3.0,2
2024048797,1GRAA0628FW,1,PA,PT946E4,2014.0,7.0,3
2024048898,5MAMN4820RW,1,NJ,S37TBD,2024.0,7.0,2
2024048913,1UYVS2532EM,1,PA,PT224M2,2014.0,6.0,2
2024048985,5JWPE1623PM,1,PA,XPT8169,2025.0,3.0,1
2024049005,1GRAA06227T,1,PA,PT652L3,2007.0,7.0,1
2024049258,1GR4M8028PH,1,NJ,TZW54E,2027.0,7.0,2
2024049261,1P9BU3028PA,1,PA,PT288S1,2099.0,7.0,1
2024049373,3H3V482C0BT,1,ME,30TLR42829,2024.0,7.0,1
2024049417,5JTSU1819BA,1,MD,231006X,2021.0,3.0,2
2024049425,1J9FS1629R1,1,PA,XJS70017,2025.0,3.0,1
2024049437,5JYDC5323KE,1,PA,XNY72881,2024.0,7.0,1
2024049448,4M2DV1119VD,1,IL,T529061,2024.0,6.0,2
2024049871,1PMS34421F1,1,IL,T563508,2024.0,7.0,1
2024050004,1UYFS2489K5,1,NJ,TVL98K,2022.0,7.0,1
2024050075,99999999999,1,PA,XNJ7257,,6.0,2
2024050106,unknown,1,ZZ,UNKNOWN,9999.0,8.0,1
2024050139,99999999999,1,PA,5533A,2024.0,8.0,1
2024050266,1UYVS2539P2,1,NE,29738C,2024.0,7.0,2
2024050622,5MADN4020KC,1,PA,PT351M3,2019.0,7.0,1
2024050629,99999999999,1,,,,7.0,1
2024051010,99999999999,1,ZZ,9999999999,9999.0,9.0,1
2024051040,4Z1CD2838RS,1,VA,80154K,2024.0,6.0,2
2024051047,1K9BF1828RS,1,PA,XPZ5268,2025.0,3.0,1
2024051091,3H3V532C7KR,1,OR,HV10428,2024.0,7.0,2
2024051110,1E9T99610PE,1,NJ,TZE77W,2025.0,6.0,3
2024051124,4P51C2723R3,1,PA,XPV1209,2025.0,6.0,2
2024051251,1S9BS2226GP,1,PA,XKL4707,2024.0,6.0,2
2024051362,1M2GR2GCXPM,1,WI,50011Z,2024.0,7.0,1
2024051515,99999999999,1,ZZ,999999999999,9999.0,7.0,2
2024051520,1F9C1112XK1,1,WV,C385759,2024.0,7.0,1
2024051561,5ANNA1219YR,1,PA,XN72717,2024.0,3.0,2
2024051685,3H3V532K4PS,1,IN,PD94200,2024.0,7.0,2
2024052013,99999999999,1,ZZ,9999999999,9999.0,9.0,1
2024052254,99999999999,1,ZZ,999999999999,9999.0,9.0,2
2024052289,99999999999,1,,,,7.0,3
2024052375,1H9T3162731,1,PA,XPB4357,2029.0,3.0,2
2024052904,1e9d56354ae,1,ME,,2010.0,7.0,2
2024052970,1GRAA062XHK,1,IL,591272ST,2025.0,7.0,1
2024053099,1S9BF4823PM,1,SC,639199,2024.0,8.0,1
2024053101,1GRAA06237G,1,TN,U050310,1994.0,7.0,2
2024053102,1UYVS2369N6,1,MN,1498STY,2021.0,7.0,2
2024053113,1,1,ME,819F1,2024.0,6.0,1
2024053118,3H3C532S6BT,1,TN,U258163,1994.0,7.0,2
2024053275,1JJV532D1DL,1,TN,U723497,2024.0,7.0,2
2024053278,99999999999,1,ME,26TLR1202,,7.0,1
2024053345,1MDASAW27SA,1,PA,XNX7344,2025.0,6.0,1
2024053536,3H3V532K2RS,1,ME,C363079,2024.0,7.0,2
2024053661,1E1Z2Y28XRR,1,PA,PT413S2,2024.0,7.0,1
2024053661,1UYVS2534EM,1,AB,6DR730,2024.0,7.0,2
2024053782,1UYVS2531EG,1,ME,2396471,2023.0,7.0,2
2024053883,LV1SM23284S,1,ME,2425446,2024.0,7.0,2
2024054020,575200J25EP,1,PA,XHW2029,2024.0,6.0,2
2024054176,7H7FE202XLM,1,MA,TZ1591,2024.0,3.0,1
2024054305,1UYVS2531R6,1,ON,Y3365B,2020.0,7.0,1
2024054441,1GRAA9624TB,1,PA,XNY2096,2025.0,7.0,1
2024055166,527SR5324NL,1,CA,4TZ7953,2026.0,7.0,1
2024055223,5VGFW502XHL,1,CT,BG68947,2025.0,8.0,2
2024055412,13SVD2328Y1,1,ZZ,,2024.0,8.0,1
2024055678,1GR1P9019ND,1,TN,2056271,2022.0,7.0,2
2024055831,4P5T82229G3,1,PA,PT761G3,2024.0,3.0,1
2024055849,527SR5327NM,1,IL,843855ST,2024.0,7.0,1
2024055977,13N14820791,1,NC,DA52450,2024.0,7.0,1
2024056209,99999999999,1,PA,999999999,2015.0,6.0,1
2024056209,99999999999,1,TN,403775T,2023.0,7.0,2
2024056446,1T9HB422XFS,1,ME,2684558,9999.0,7.0,2
2024056464,1E1J9V287GR,1,PA,PT684P8,2024.0,7.0,1
2024056491,1GR1A6423PB,1,NJ,TZH66U,2025.0,7.0,2
2024056624,7HCKC4523KB,1,PA,PT120U3,2025.0,7.0,3
2024056947,1UYVS2539N3,1,CA,4TL8329,2026.0,7.0,2
2024057028,1KB131L41EW,1,PA,,1984.0,5.0,1
2024057307,3H3V482C6HT,1,PA,PT713B4,2017.0,6.0,1
2024057360,99999999999,1,ZZ,9999999999,9999.0,8.0,2
2024057361,4JAHD2049KG,1,PA,PT688J2,2024.0,3.0,1
2024057426,MP7GC4026NT,1,NJ,5131945,2029.0,6.0,1
2024057752,1B9GL5337NS,1,PA,XNA6894,25.0,6.0,1
2024057784,7F21A281XR2,1,IN,PF42512,2024.0,7.0,1
2024057875,1GR1P062XPD,1,PA,PT636R1,2024.0,7.0,1
2024057906,3H3V532C8LR,1,ME,3035825,2030.0,7.0,1
2024057906,5VGFW5025ML,1,GA,TW10X73,2025.0,7.0,2
2024058756,1K9BU1716R1,1,PA,XRB4270,2024.0,3.0,1
2024058838,4YMUL1218GV,1,PA,XJW5791,2016.0,8.0,1
2024059034,5V8VC5323JT,1,KY,74869T,2024.0,7.0,2
2024059053,4YMBU0810MV,1,PA,XNY3045,2021.0,6.0,1
2024059103,5E0AA1449FG,1,CA,4MN8369,2027.0,7.0,1
2024059325,1JJV532D7EL,1,ME,239247F,2027.0,7.0,2
2024059329,1GRDM96298H,1,NJ,TTU53V,2025.0,3.0,1
2024059329,4ZEPH3032R1,1,LA,J161765,2024.0,7.0,2
2024059408,5VGFW5022PL,1,ME,5264854,2024.0,8.0,2
2024059526,3H3V532K7SS,1,TN,474925T,2024.0,7.0,1
2024059596,1E1H5Z284GR,1,MD,272388X,2024.0,7.0,1
2024059634,1GRAP0623GT,1,TN,102416T,2016.0,7.0,1
2024060006,16V1U2220N3,1,PA,XNV7810,2028.0,3.0,1
2024060373,4TCSU110XDH,1,PA,XPE7333,2013.0,6.0,2
2024060427,4YMUL16296V,1,MD,389494X,2024.0,6.0,1
2024060454,13N248205D1,1,PA,PT151K4,2025.0,7.0,2
2024060541,4YMUL12165V,1,PA,XMY3893,2005.0,6.0,2
2024060594,1GR1A5613MK,1,TN,100986T,2025.0,7.0,2
2024060594,1S11E9284KE,2,TN,U949695,2025.0,6.0,2
2024060673,1TKC026216B,1,MI,C205343,2006.0,3.0,2
2024060735,3H3V532K6NS,1,TN,191547T,2099.0,7.0,1
2024060796,3H3V533C5KR,1,PA,PT883G7,2025.0,7.0,1
2024061102,50PAD1625ML,1,PA,XNP3874,2026.0,6.0,1
2024061683,NOVIN020138,1,FL,AJ03MV,2024.0,6.0,1
2024061739,1UYVS253XL2,1,AZ,,2020.0,6.0,1
2024061825,16V1U1719NZ,1,,XNF6194,2024.0,3.0,2
2024062065,NONE,1,PA,NONE,2024.0,8.0,2
2024062263,1E9E5DV21LA,1,ME,2933741,2024.0,7.0,2
2024062424,46UFU2426P1,1,NJ,TZX87J,2023.0,3.0,1
2024062424,1UYVS2537K6,1,QC,RJ9578N,2024.0,7.0,2
2024062737,5E0AU1746KG,1,PA,PT571S5,2024.0,7.0,2
2024062745,1P9UT13S9CS,1,MD,328739X,2025.0,5.0,7
2024062843,UNKNOWN,1,NJ,UNKNOWN,9999.0,7.0,2
2024063164,527SR4826HM,1,ME,2834068,2024.0,7.0,1
2024063461,1UYVS2538P6,1,ME,261238F,2024.0,7.0,2
2024063538,7SGGC3628PS,1,PA,XNH9078,2025.0,7.0,2
2024063696,5JW1U1215M2,1,NJ,TYX63X,2021.0,3.0,2
2024063986,1UYFS2539H5,1,PA,PT596C9,2024.0,3.0,1
2024064118,99999999999,1,IN,P850263,2024.0,7.0,1
2024064157,3H3V532C6HT,1,NJ,TST27D,2017.0,7.0,1
2024064203,2TLSB7K27RB,1,PA,PT216T5,2024.0,7.0,2
2024064385,5JPBU3429HP,1,PA,XPC6278,2024.0,6.0,1
2024064385,1JJV532D5GL,1,NJ,TPM49E,2024.0,6.0,2
2024064393,4YMBU101XJM,1,IN,TR935ZVZ,2025.0,3.0,1
2024064520,5HABE2425GN,1,PA,XKV7389,2016.0,3.0,3
2024064555,50PBU1423HL,1,PA,XKS3664,2025.0,7.0,2
2024064832,1GRAA0620FB,1,IN,PD53215,2025.0,7.0,2
2024064843,1GRAA06205B,1,KY,88769T,2024.0,7.0,2
2024064950,1DW1A5322KB,1,ME,5197985,2019.0,7.0,1
2024065429,45LBS1618G2,1,PA,XPN6619,2024.0,8.0,2
2024065450,99999999999,1,FL,5423CZ,2024.0,7.0,1
2024065450,3H3V532C78T,1,PA,PT563H5,2024.0,7.0,2
2024065455,7J8BE1626L1,1,PA,XML6345,2021.0,3.0,2
2024065601,7UZAP3022PL,1,PA,PT005N7,2024.0,3.0,2
2024065641,1JJV532W03L,1,OK,BR6257,2024.0,7.0,1
2024065683,1JJV532B9JL,1,IL,951765,2025.0,7.0,2
2024065702,99999999999,1,,,,6.0,1
2024065746,43YDC16207C,1,PA,XGG3307,2024.0,8.0,2
2024065752,1GRAA0624BW,1,FL,9740CT,2011.0,7.0,1
2024065970,5MAMN4826HW,1,NJ,TSK80B,2028.0,7.0,3
2024065974,13N44526441,1,ME,511141,2024.0,6.0,1
2024066122,B1218HR6612,1,PA,XLX1402,2026.0,3.0,1
2024066239,58CB1DB22JC,1,PA,XLA0562,2018.0,3.0,1
2024066422,4YMBU1019NV,1,PA,XNP3481,2027.0,6.0,4
2024066440,1UYVS2539M6,1,ME,3227734,2021.0,7.0,1
2024066440,1HLF1D7BXE9,1,ME,5397909,2019.0,3.0,2
2024066628,1GRAP0629JD,1,TN,U787650,1994.0,7.0,2
2024066664,1UYVS2535JM,1,CA,4VN8172,2018.0,7.0,1
2024066664,5E0AC1446FG,1,ME,5198185,2023.0,7.0,2
2024066685,11837L13664,1,DE,62041,2020.0,1.0,1
2024066685,BULL003,2,ME,TLR3059298,2027.0,3.0,1
2024066776,99999999999,1,,,,8.0,1
2024066971,99999999999,1,ME,5294162,2025.0,6.0,1
2024067006,99999999999,1,IN,,,6.0,3
2024067014,99999999999,1,ZZ,999999999999,9999.0,7.0,2
2024067190,1H9T31622V1,1,PA,XDL8134,2024.0,3.0,1
2024067393,4J8T04221TT,1,NJ,TTS45U,2025.0,7.0,2
2024067535,UNKNOWN,1,ZZ,,2024.0,7.0,1
2024067660,13N148206K1,1,ME,3033916,9999.0,7.0,1
2024067785,10000000000,1,IN,PC80052,2024.0,7.0,2
2024067921,5MC424219L3,1,IN,PA55701,2024.0,7.0,1
2024068301,5A3C820D8FL,1,PA,XKK5692,2031.0,3.0,2
2024068462,1UYVS2536DM,1,PA,PT768R8,2024.0,7.0,1
2024068561,1Z9C5TJ24KA,1,PA,PT539G1,2024.0,7.0,1
2024068707,1GRAA8029HK,1,IN,P974904,2024.0,7.0,2
2024068751,4A2LD5320P3,1,PA,PT765R5,2023.0,7.0,2
2024068963,1GRAA0620EW,1,IL,923021ST,2099.0,6.0,2
2024068971,5V8VA5329GM,1,IN,SP846SAJ,2025.0,7.0,1
2024068984,3VU81413F25,1,PA,XNW4725,2024.0,3.0,1
2024069497,99999999999,1,,,,9.0,2
2024070016,45LBS1817V2,1,NJ,TSN83J,2025.0,6.0,1
2024070016,3H3V532KXPS,1,ME,5195104,2025.0,7.0,2
2024070086,99999999999,1,ZZ,99999999,2024.0,7.0,3
2024070164,5MAMN4825PW,1,NJ,TZW12G,2023.0,7.0,1
2024070270,1GRAA9625JB,1,OK,CF7166,2018.0,7.0,1
2024070370,1GRAA8027DB,1,PA,PT128G4,2020.0,7.0,2
2024070571,1JJV532D8JL,1,ME,2459344,2027.0,7.0,1
2024070612,99999999999,1,ON,X3144Y,2020.0,7.0,1
2024070624,1G1ZD5ST3PF,1,RI,1PK990,2023.0,1.0,1
2024070699,2VMMCS423RS,1,NJ,385428T,2024.0,7.0,2
2024070709,1UYVS2532BM,1,PA,PT909S4,9999.0,7.0,1
2024071114,1LH440VH5D1,1,PA,PT5350W,,7.0,2
2024071179,99999999999,1,IN,PC13826,2024.0,7.0,6
2024071208,1JJV532DXJL,1,OK,BA2531,2024.0,7.0,1
2024071291,3H3V532C7KT,1,TN,U988046,2024.0,7.0,1
2024071317,1RZ1KC1AXT2,1,IN,P600434,2024.0,7.0,1
2024071898,3H3C242S3XT,1,TN,U686715,2000.0,7.0,1
2024072199,1B9UT2022CL,1,PA,XKP2279,2012.0,6.0,1
2024072610,10BAB82Z6YM,1,PA,PT268P7,2025.0,6.0,1
2024072858,13N148208C1,1,IL,T473618,2025.0,7.0,2
2024072939,99999999999,1,ZZ,UNKNOWN,9999.0,9.0,1
2024073087,1GR1P0622SJ,1,ME,5308092,2027.0,6.0,2
2024073091,5V8VA5322LM,1,IL,972178ST,2024.0,7.0,1
2024073489,3H3V532K5PS,1,MA,C259512,2023.0,7.0,1
2024073528,3H3V532C2HT,1,OR,HV23810,2017.0,7.0,1
2024073598,13N148207G1,1,TN,U935800,2024.0,7.0,2
2024073881,50ZZ1ML16KN,1,PA,XLZ5146,2019.0,3.0,2
2024074141,1UYVS2534EM,1,NJ,TZF17J,2014.0,7.0,2
2024074854,5VGFL4331ML,1,PA,PT024M0,2024.0,6.0,2
2024074936,UNKNOWN,1,ZZ,99999,2025.0,7.0,2
2024074964,5JPBU1925HP,1,PA,XND6361,2017.0,3.0,4
2024075422,1UYVS2531P7,1,ME,5094851,2023.0,6.0,1
2024075489,99999999999,1,ZZ,999999999999,9999.0,7.0,2
2024075984,3H3V532KXNJ,1,IN,PA85818,2024.0,7.0,2
2024076280,5JW1U1411P1,1,PA,XKL5641,2023.0,3.0,2
2024076327,1E1U2X284XR,1,PA,PT3702X,2099.0,7.0,1
2024076509,1JJV532D4RL,1,IN,PC87583,2023.0,7.0,2
2024076647,1UYVS2533K7,1,TN,U949748,2024.0,7.0,2
2024076648,4B9CB6L20R1,1,ME,5384266,2024.0,1.0,1
2024076679,5HTAB4224X7,1,NJ,TZT76U,2024.0,6.0,2
2024076772,1DW1A48261S,1,OK,AH5002,2024.0,7.0,1
2024076788,NONE,1,ZZ,000000000000,2099.0,7.0,2
2024076809,5MAMN48295C,1,NJ,TTM20H,2005.0,7.0,2
2024076826,5JW1U202M33,1,NJ,V13TBA,2024.0,3.0,2
2024076868,5M4LD1225NF,1,PA,E657039,2024.0,6.0,2
2024076961,1JJV482D2JL,1,IN,P717610,2019.0,2.0,2
2024077196,LJRC41260KT,1,TN,U957830,2024.0,7.0,2
2024077339,1GRAA06228B,1,NJ,TYE59V,2025.0,7.0,3
2024077976,UNKNOWN,1,ZZ,UNKNOWN,2025.0,7.0,1
2024077984,YMUL1018CV0,1,PA,XJH7963,2025.0,6.0,2
2024078284,1UYTS25337A,1,PA,PT976F2,2024.0,7.0,1
2024078329,3H3C492S0PT,1,ME,2226239,2022.0,7.0,2
2024078481,40FR03635P5,1,PA,PT653S1,2023.0,6.0,1
2024078594,1UYFS2539L5,1,PA,PT799L8,2099.0,7.0,1
2024078720,5JW1U1216G1,1,NJ,TWB81E,2016.0,3.0,1
2024078801,5631F1415GM,1,PA,XPE5416,2027.0,6.0,2
2024079109,53BPTEA22MP,1,PA,XMH5388,2021.0,3.0,2
2024079135,50PAJ2028NL,1,PA,XNT7251,2027.0,3.0,4
2024079135,1UYVS2533L2,1,IN,P906269,2024.0,7.0,5
2024079237,1UYT524821A,1,CT,AE47654,2001.0,7.0,2
2024079255,5VGFE4434KL,1,PA,PT114V8,2019.0,6.0,1
2024079419,58E1F1829F1,1,PA,XJK4800,2027.0,3.0,1
2024079465,4M9BF151XGN,1,PA,XJZ0475,2026.0,3.0,1
2024080223,1UYVS253XBM,1,FL,QA27IX,2024.0,7.0,1
2024080517,1S9T3422330,1,PA,PT7034Z,9999.0,6.0,3
2024080560,1UYVS2531CU,1,KS,570108,2024.0,7.0,2
2024080595,4FMUS181XLR,1,,,,9.0,3
2024080680,1B9UT18269G,1,PA,XMB4606,2027.0,3.0,1
2024080943,5E7HP342XMA,1,PA,PT417N4,2019.0,6.0,2
2024081049,4YMBU0810KV,1,PA,XMA6916,2019.0,3.0,1
2024081116,1UYVS2489H6,1,PA,PT5538Z,2024.0,7.0,2
2024081128,4YDF30023M1,1,PA,XPP9864,2024.0,5.0,2
2024081134,1FADP5AU3HL,1,FL,QHPU29,2017.0,8.0,1
2024081440,1DTC20V25FP,1,TN,U928357,1985.0,7.0,1
2024081955,1JJV532D2LL,1,ME,5366396,2024.0,7.0,4
2024081959,4ZHDF2020JP,1,PA,XNX4949,2025.0,8.0,2
2024082645,1PMS2442XK1,1,ID,TK4243,2099.0,6.0,2
2024082719,58CB1TB10PC,1,OK,CT2115,2099.0,3.0,4
2024082886,3B9TS61E96G,1,IL,T411748,2014.0,6.0,2
2024082906,1RNF53A20HR,1,IL,965489ST,2024.0,7.0,1
2024083144,4YMUK1015WH,1,PA,XNB7116,2026.0,3.0,2
2024083267,5WSAA4524YN,1,ME,5227578,2028.0,7.0,2
2024083475,1M9UG2022KP,1,ME,2645723,2026.0,3.0,2
2024083505,1GRAA7020DD,1,NJ,999999999999,9999.0,7.0,2
2024083718,1R1F24824YK,1,PA,XPM0472,2025.0,6.0,1
2024083750,B0521HT8016,1,PA,XNF0245,2021.0,3.0,1
2024083903,999999999,1,ME,5221199,2024.0,7.0,2
2024084229,1LH440VH6H1,1,NJ,TSW45W,2025.0,7.0,2
2024084371,99999999999,1,IN,605553,2020.0,3.0,2
2024085047,3H3V532CXHT,1,CA,4UV6761,2026.0,7.0,1
2024085278,43YDC2224CC,1,PA,XNF5050,2026.0,8.0,1
2024086085,3H3V532C3FT,1,IN,P382188,2024.0,7.0,3
2024086185,WLK10110,1,NJ,TML47T,2025.0,3.0,2
2024086577,5A4KR4L1X42,1,NJ,T97W9Z,2004.0,3.0,1
2024086859,1UYVS2531FP,1,IL,516194ST,2024.0,7.0,1
2024087144,1GRAP0621GT,1,MN,8485STW,2016.0,7.0,1
2024087808,1T9A54020XB,1,NJ,TZC59W,1999.0,6.0,1
2024088102,1UYVS2531CM,1,NJ,TJM92A,2024.0,7.0,2
2024088114,1JJV532D5KL,1,IL,911397ST,2024.0,7.0,1
2024088265,99999999999,1,ME,266948A,2024.0,7.0,2
2024088691,1GRAA0629DK,1,MO,8IL9RX,2024.0,7.0,2
2024088717,5E0AA1645MG,1,IL,789513ST,2024.0,7.0,1
2024088802,1GRAP0620JD,1,TN,U811851,2024.0,6.0,1
2024088843,5JPBU1628EP,1,PA,ZLP6430,2024.0,3.0,2
2024088873,3H3V532C3LT,1,TN,134915T,2024.0,7.0,2
2024089303,99999999999,1,ZZ,9999999999,9999.0,7.0,3
2024089531,IJJV532D8PL,1,TN,225836T,2099.0,7.0,1
2024089541,1JJV532D5RL,1,TN,429157T,2099.0,7.0,1
2024089695,1UYVS2539EM,1,NJ,TMP82S,2014.0,7.0,2
2024090552,3H3V482K0SJ,1,ME,5354451,2025.0,6.0,2
2024090567,4ZHUF18204P,1,PA,XNS1688,2025.0,1.0,1
2024090682,5FTUE1416E1,1,PA,XMM6165,2029.0,3.0,2
2024091145,1N9BD1317EP,1,PA,XJF5372,2029.0,3.0,1
2024091315,1DASFC023NP,1,IN,PD68388,2024.0,7.0,2
2024091584,1UYVS2535K7,1,GA,TV86V10,2025.0,7.0,1
2024091751,1GRAA06215D,1,NJ,TVV32U,2027.0,7.0,2
2024091868,1JKDLA406RM,1,PA,XPH6070,2025.0,6.0,1
2024092029,1WC200H2811,1,PA,XY37115,2025.0,3.0,2
2024092042,55L1F1624HN,1,PA,XPT6694,2024.0,6.0,2
2024092059,1UYVS2536FG,1,PA,PT292V9,2024.0,6.0,2
2024092143,5JW1D1422M4,1,NJ,TXJ71C,2024.0,3.0,1
2024092143,1UYVS2530CG,1,NJ,TZK69X,2024.0,6.0,2
2024092384,5WSABB233SN,1,PA,PT490T4,2024.0,7.0,1
2024092501,2TLXL4120MB,1,ME,2591748,2025.0,7.0,2
2024092990,1B9B0309M13,1,VA,356916TM,9999.0,7.0,3
2024093271,3H3V532K9PS,1,IN,3H3V532K9PS0,2025.0,7.0,1
2024093868,1UYVS2530L7,1,NJ,TVN26C,2026.0,7.0,1
2024093888,1JJV532D5SL,1,NE,33662C,2024.0,7.0,1
2024093898,1DW1A532XSB,1,ME,5271782,2025.0,6.0,1
2024094063,58CB1DB26MC,1,PA,XMZ7100,2026.0,3.0,2
2024094072,1K9BU1422KL,1,PA,XLP3929,2026.0,6.0,1
2024094106,1DW1A5320NS,1,PA,PT770L7,2022.0,7.0,1
2024094535,3H3V532C6LT,1,IL,968639,,6.0,1
2024094544,1TTE5330581,1,PA,PT948E8,2099.0,7.0,2
2024094608,541BS2025JM,1,PA,XMP6538,2025.0,6.0,1
2024094626,5MAMN5326CC,1,NJ,TVJ628,2012.0,6.0,2
2024094666,1JJV532W47L,1,TX,124B928,2025.0,7.0,1
2024094666,1UYVS253XGP,1,KY,G5L636,2024.0,7.0,3
2024094716,1UYVS2537S6,1,PA,PT729U5,2024.0,7.0,1
2024094979,5HTAM442967,1,NJ,TDA99D,2025.0,7.0,1
2024095424,99999999999,1,ME,UNKNOWN,2025.0,7.0,2
2024095704,1RNF48A27NR,1,IN,P555802,2021.0,7.0,1
2024095788,4P5LD402XM1,1,TX,954207K,2021.0,8.0,2
2024095819,5NHULT218BA,1,PA,XGF8099,2024.0,3.0,1
2024095943,1STJBYP238J,1,NJ,TLP46V,2020.0,5.0,1
2024095959,3H3V532C0LT,1,ME,5415100,2026.0,7.0,1
2024095959,1DW1A5324SS,1,IL,541-5100,2025.0,7.0,2
2024095961,100443,1,PA,XS78779,2025.0,8.0,1
2024095961,1GRAA962X5B,1,NJ,TAA81G,2028.0,7.0,2
2024095967,1RNF48A2XER,1,PA,PT863K6,2099.0,6.0,1
2024095969,1JJV532B5ML,1,MO,08B849,2025.0,7.0,1
2024096286,3H3V532C1LT,1,ON,S7452Z,2024.0,7.0,1
2024096638,4C9BR1426RL,1,PA,XMX7412,2025.0,3.0,2
2024096767,13SVS182841,1,PA,XNK1754,2026.0,7.0,1
2024096988,3H3V532C95T,1,OH,TTK5554,2025.0,7.0,2
2024097000,2C3CDXBGXPH,1,TX,SWP0917,2024.0,8.0,1
2024097013,7SPCC2729PN,1,TN,281434T,999.0,7.0,1
2024097076,5E0AA1646PG,1,IL,925827ST,2024.0,7.0,2
2024097085,5WKBE3630P1,1,NY,CG62772,2024.0,3.0,2
2024097095,99999999999,1,QC,RZ16060,,7.0,1
2024097102,53NBE1620C1,1,PA,XPS7124,2024.0,3.0,2
2024097285,5MAMN48253C,1,NJ,TZR16Y,2024.0,7.0,1
2024097318,1N9BD1319JP,1,PA,XLB4897,2029.0,7.0,1
2024097331,5SFEB3025ME,1,PA,XNV3855,2025.0,5.0,1
2024097372,5NDFS14224S,1,PA,XDW2605,2025.0,3.0,3
2024097535,1UYVS2536R6,1,IL,943581ST,2024.0,7.0,1
2024097720,5KTUS1710RF,1,PA,XMS0020,2025.0,3.0,2
2024097728,HMDED15118,1,NJ,TUP82L,2024.0,7.0,1
2024098261,5JPBU21242P,1,PA,PT2093S,2024.0,3.0,2
2024098356,NONE,1,PA,PR14036,2025.0,3.0,1
2024098392,5VGFG32239L,1,DE,T58006,2024.0,3.0,2
2024098410,5V8VC53219M,1,ME,2684707,2024.0,6.0,1
2024098676,1UYVS2536R6,1,IL,943581,2024.0,7.0,1
2024098850,1UYVS2536L6,1,MO,03B364,2024.0,7.0,3
2024098861,99999999999,1,IL,1,2024.0,7.0,1
2024098889,5VGFW5032ML,1,NY,CG60810,2024.0,3.0,1
2024098889,99999999999,1,ZZ,UNKNOWN,2024.0,7.0,6
2024098911,5WSABB233SN,1,PA,PT492T6,2025.0,6.0,1
2024098911,5JYLT42202P,1,PA,PT029V4,2025.0,6.0,2
2024099327,99999999999,1,IN,P935030,2024.0,6.0,1
2024099405,10TMP223191,1,ZZ,99999,2024.0,7.0,1
2024099491,58CB1TH25NC,1,PA,PT770N7,2025.0,3.0,2
2024099551,99999999999,1,OR,HU99970,2025.0,7.0,3
2024099862,99999999999,1,IN,P418407,2015.0,7.0,3
2024099874,5V8VC4824RM,1,IN,PC45460,2024.0,7.0,2
2024099954,55L1F1226HN,1,PA,XJX1574,2025.0,3.0,2
2024099970,99999999999,1,TN,123877,9999.0,7.0,2
2024099970,1JJV281D5NL,2,TN,216727T,9999.0,7.0,2
2024100088,1UYVS2487S6,1,ME,48G25281,2025.0,7.0,2
2024100195,1W9S82AX4V0,1,PA,PT087E0,2024.0,7.0,1
2024100226,5MATA4223KA,1,PA,XPC6368,2024.0,7.0,2
2024100565,5A3U510S1DL,1,PA,XHK7496,2025.0,3.0,1
2024100688,1B9TD18217G,1,PA,XMZ0522,2024.0,3.0,1
2024101121,1GR1A8022MB,1,PA,PT133K7,2024.0,6.0,2
2024101525,1UYVS2532K6,1,PA,PT041F0,2025.0,7.0,2
2024101701,5MAPA5326RH,1,IL,939014ST,2025.0,7.0,1
2024101783,99999999999,1,ZZ,999999999999,2025.0,6.0,1
2024101871,5V8VC5327PM,1,IL,900165ST,2024.0,7.0,2
2024102035,WT202414200,1,NJ,WTTWR16S,2025.0,6.0,1
2024102205,1GRAA06247J,1,PA,PT703S8,2024.0,7.0,2
2024102239,UNKNOWN,1,ZZ,UNKNOWN,2024.0,7.0,3
2024102414,5M7UF12228P,1,PA,XFY4879,2026.0,6.0,1
2024102434,1UYVS2533R6,1,OH,TSE9371,2024.0,6.0,2
2024102642,5VUTV1729RP,1,PA,XPX1797,2025.0,3.0,2
2024103467,1JJV532W16L,1,MD,408125X,2024.0,7.0,1
2024103479,1UYVS2537N6,1,IL,821400ST,2024.0,7.0,2
2024103493,1UYVS2481S6,1,ME,5332429,2025.0,7.0,2
2024103495,1JJV281D8SL,1,LA,J274728,2024.0,7.0,2
2024103548,99999999999,1,NY,CG16414,2026.0,6.0,2
2024104153,4A2LG312XD1,1,FL,QB84DW,2013.0,6.0,1
2024104269,4YMB1012KV0,1,PA,XMF9153,2025.0,3.0,2
2024104744,2TVTP4824HD,1,NJ,TRY72U,2028.0,7.0,1
2024104744,3H3V532CX2T,1,NJ,TVC16B,2025.0,7.0,2
2024104754,3H3V281C09T,1,IN,P189245,2025.0,7.0,1
2024105251,3H3V532C4HT,1,OK,9117LH,,6.0,2
2024105482,3H3V482C4HT,1,NJ,TRZ21E,2017.0,7.0,2
2024105538,99999999999,1,MO,999999999999,9999.0,6.0,2
2024106131,5JPBU232JGP,1,PA,PT089B1,2024.0,3.0,2
2024106237,3H3V532C1KR,1,IN,P698418,2025.0,7.0,2
2024106525,1TTF532CXN3,1,ME,3152918,2022.0,7.0,2
2024106548,42EFPAB29W1,1,PA,XCG3091,2021.0,3.0,2
2024106552,3AKBCXD2XSD,1,OK,3LG738,2025.0,7.0,2
2024106583,UNKNOWN,1,ZZ,UNKNOWN,2024.0,6.0,1
2024106729,5JW1U141XM1,1,PA,XNF6144,2025.0,3.0,1
2024106736,5PAHB1622EC,1,ME,24TLR50208,2029.0,7.0,2
2024107033,10BAB7238HF,1,PA,PT512B3,2017.0,6.0,1
2024107069,5WFBH1622RW,1,PA,XRD7554,2025.0,6.0,2
2024107107,50HEB2020M1,1,NJ,TXS91L,2021.0,3.0,1
2024107111,99999999999,1,MD,99999,2023.0,7.0,2
2024107366,431FS1222D1,1,PA,PT136G7,2024.0,3.0,1
2024107404,1E1D1S386WR,1,AK,PT204771,1998.0,6.0,1
2024108189,5V8VC5322MT,1,TN,139575T,2021.0,7.0,1
2024108414,1652C2423EC,1,TN,U832155,,7.0,1
2024108630,1Z9C5TJ23MA,1,PA,PT277N1,2025.0,7.0,1
2024108707,LJRC41260JT,1,TN,U961065,2018.0,6.0,2
2024108729,58CB1DD25NC,1,PA,PT09853,2020.0,3.0,2
2024109048,99999999999,1,ME,5163229,2024.0,7.0,1
2024109137,99999999999,1,IN,3626004,2025.0,7.0,1
2024109200,5HTAB452BY7,1,PA,PT39201,2020.0,7.0,2
2024109214,50PAK2420PL,1,PA,XPL7029,2023.0,6.0,2
2024109320,1FTSW31F73E,1,PA,YTF5462,,1.0,2
2024109808,5MAMN48297C,1,PA,PT996D9,,7.0,2
2024109949,1JJV532W22L,1,PA,PT6663T,2099.0,7.0,1
2024109997,1GR1A0627NB,1,OR,HV69617,2022.0,7.0,3
2024110332,1MDG1C9A1GK,1,DE,T0078176,2026.0,3.0,2
2024110505,1UYVS25388M,1,PA,PT800E3,2025.0,7.0,2
2024110752,1UYVS2534M3,1,IL,762961ST,2021.0,7.0,4
2024110933,1GRAP0623HJ,1,TN,U700953,2024.0,7.0,1
2024110938,5MATA4225GA,1,NJ,TZP20T,2020.0,7.0,2
2024111217,5V8VC5320NT,1,ME,451309Z`,2024.0,7.0,3
2024111258,13N1532C3N1,1,TX,184B837,2025.0,7.0,2
2024111498,13N2532C7D1,1,PA,PT468N7,2025.0,7.0,2
2024111541,1Z9GC5022KH,1,PA,PT111F0,2019.0,8.0,1
2024111920,1S12E9534KE,1,PA,PT958G8,2019.0,7.0,2
2024112010,3H3V532K2PJ,1,VA,347071TM,2023.0,7.0,2
2024112068,99999999999,1,ZZ,ZZZ9999,2024.0,7.0,3
2024112168,526162811L5,1,IN,P962638,2024.0,7.0,1
2024112430,3H3V532C9MT,1,UT,310788Z,2025.0,7.0,2
2024112437,LJRC41370F1,1,OK,7083LK,2025.0,7.0,2
2024112522,1DW1A4825SS,1,PA,XNV1491,2023.0,7.0,2
2024112840,56FYC1112HM,1,PA,XNL9384,2028.0,3.0,1
2024113100,99999999999,1,ZZ,999999999999,9999.0,6.0,1
2024113232,99999999999,1,ZZ,999999999999,9999.0,7.0,1
2024113527,1H2V05326NB,1,IN,PT0711Y,9999.0,6.0,1
2024113551,99999999999,1,PA,PT2003H,2024.0,6.0,1
2024114063,1GRAA06223T,1,WI,723551,2024.0,7.0,2
2024114176,99999999999,1,ME,269317D,2027.0,3.0,2
2024114284,1UYVS2536CG,1,PA,PT161R2,2025.0,7.0,2
2024114437,1P9CC4021NN,1,ME,2954176,2025.0,7.0,1
2024114440,1UYVS2530HM,1,ME,5356322,2017.0,7.0,3
2024114839,3H3V532C8KT,1,CA,4RR9175,2024.0,7.0,1
2024114933,1UYVS253SL6,1,IN,P927720,2025.0,7.0,2
2024115126,5MAMN4827EC,1,NJ,TRS63H,2025.0,7.0,2
2024115148,43YDC14217C,1,NJ,TJG50Y,2025.0,3.0,2
2024115241,47GRL21184B,1,PA,XPW3558,2025.0,8.0,2
2024115984,1UYVS2534CM,1,IL,T494687,2025.0,7.0,2
2024116155,1UYVS2534L7,1,IL,714270ST,2019.0,7.0,2
2024116621,541BD2028PM,1,PA,PT315R6,2023.0,3.0,2
2024116788,2MN01JAH781,1,ME,222623G,2025.0,7.0,2
2024117126,1JJV532D2RL,1,ME,5291676,2024.0,7.0,1
2024117212,1UYVS248056,1,ME,5332434,2025.0,6.0,2
2024117461,1GR1P0626ST,1,TN,541142T,2024.0,7.0,2
2024117648,1Z9PL1616KR,1,PA,MG5806L,2024.0,8.0,1
2024117902,1C4RDJAG5HC,1,PA,LNL9313,2017.0,8.0,2
2024117939,B0921HR358C,1,PA,XNH0628,2024.0,3.0,1
2024118391,99999999999,1,IN,P223308,,7.0,2
2024118413,5E0AU1748GG,1,ZZ,PT109U5,9999.0,9.0,2
2024118646,3H3V532K8RS,1,TN,437777T,2024.0,7.0,1
2024118880,5WSABB235KN,1,NY,3154518,2027.0,7.0,2
2024118936,1E9E5DV22PA,1,NJ,U26TBF,2025.0,7.0,1
2024119095,WW202102800,1,NJ,T17Z4E,2025.0,7.0,2
2025000126,1GR1A0622LW,1,ME,252292D,2020.0,7.0,1
2025000423,1JJV482D4ML,1,IN,P946059,2025.0,6.0,2
2025000600,1E1Z2Y284LR,1,NJ,TVJ96E,2026.0,6.0,1
2025000600,99999999999,1,PA,999,2004.0,8.0,2
2025000798,1JJV532D3HL,1,IA,DH0107,2016.0,6.0,1
2025000900,4GM1A0911M1,1,PA,D812SME,2021.0,8.0,1
2025001222,5JW1U2229S1,1,PA,4294542,2024.0,6.0,2
2025001493,1RBT37202LA,1,PA,PT292N0,9999.0,9.0,2
2025002099,5E0AA1445KG,1,PA,PT643P3,2019.0,7.0,1
2025002529,1DASFC026PP,1,IN,PD68402,2024.0,7.0,1
2025002561,1GRAP0621CD,1,IN,P766379,2024.0,6.0,1
2025002766,UNKNOWN,1,ZZ,UNK,2099.0,7.0,1
2025002879,1UYVS2535GU,1,PA,PT8272Z,2016.0,7.0,1
2025003398,1H4B0412XBL,1,ID,TT5983,2023.0,7.0,2
2025004118,99999999999,1,ZZ,999999999999,9999.0,7.0,2
2025004672,4YDTSGH12SW,1,ZZ,NONE,2025.0,5.0,2
2025005582,1GRAP0625JJ,1,OK,AV3271,2017.0,7.0,1
2025006335,5E0AJ1448EG,1,PA,PT112L2,2025.0,7.0,2
2025009041,1JJV532D5CL,1,WI,801455,2012.0,7.0,2
2025009433,3H3C462S08T,1,ME,278323A,2027.0,6.0,1
2025021511,1TKB04826RM,1,PA,PT532U6,2025.0,7.0,1
2025026964,99999999999,1,ON,PA26667,2024.0,7.0,1
